UPDATE schools SET old_page_name = 'tarleton-school' WHERE page_name = 'tarleton-school-berwyn-pa';
UPDATE schools SET old_page_name = 'tashbar-of-lakewood' WHERE page_name = 'tashbar-of-lakewood-lakewood-nj';
UPDATE schools SET old_page_name = 'taylor-christian-school' WHERE page_name = 'taylor-christian-school-mcallen-tx';
UPDATE schools SET old_page_name = 'taylor-mill-christian-academy' WHERE page_name = 'taylor-mill-christian-academy-taylor-mill-ky';
UPDATE schools SET old_page_name = 'teays-valley-christian-school' WHERE page_name = 'teays-valley-christian-school-scott-depot-wv';
UPDATE schools SET old_page_name = 'telluride-mountain-school' WHERE page_name = 'telluride-mountain-school-telluride-co';
UPDATE schools SET old_page_name = 'telshe-high-school' WHERE page_name = 'telshe-high-school-wickliffe-oh';
UPDATE schools SET old_page_name = 'telshe-high-school' WHERE page_name = 'telshe-high-school-chicago-il';
UPDATE schools SET old_page_name = 'telstar-montessori-child-care-center' WHERE page_name = 'telstar-montessori-child-care-center-el-monte-ca';
UPDATE schools SET old_page_name = 'temple-academy' WHERE page_name = 'temple-academy-waterville-me';
UPDATE schools SET old_page_name = 'temple-baptist-academy' WHERE page_name = 'temple-baptist-academy-powell-tn';
UPDATE schools SET old_page_name = 'temple-baptist-academy' WHERE page_name = 'temple-baptist-academy-lacey-wa';
UPDATE schools SET old_page_name = 'temple-baptist-christian-school' WHERE page_name = 'temple-baptist-christian-school-manchester-tn';
UPDATE schools SET old_page_name = 'temple-baptist-school' WHERE page_name = 'temple-baptist-school-asheville-nc';
UPDATE schools SET old_page_name = 'temple-baptist-school' WHERE page_name = 'temple-baptist-school-herndon-va';
UPDATE schools SET old_page_name = 'temple-beth-el-child-development-center' WHERE page_name = 'temple-beth-el-child-development-center-riverside-ca';
UPDATE schools SET old_page_name = 'temple-beth-emet-day-school' WHERE page_name = 'temple-beth-emet-day-school-cooper-city-fl';
UPDATE schools SET old_page_name = 'temple-beth-hillel-beth-el-early-childhood-center' WHERE page_name = 'temple-beth-hillel-beth-el-early-childhood-center-wynnewood-pa';
UPDATE schools SET old_page_name = 'temple-christian-academy' WHERE page_name = 'temple-christian-academy-atmore-al';
UPDATE schools SET old_page_name = 'temple-christian-academy' WHERE page_name = 'temple-christian-academy-jena-la';
UPDATE schools SET old_page_name = 'temple-christian-academy' WHERE page_name = 'temple-christian-academy-gulfport-ms';
UPDATE schools SET old_page_name = 'temple-christian-academy' WHERE page_name = 'temple-christian-academy-jacksonville-fl';
UPDATE schools SET old_page_name = 'temple-christian-academy' WHERE page_name = 'temple-christian-academy-anderson-sc';
UPDATE schools SET old_page_name = 'temple-christian-school' WHERE page_name = 'temple-christian-school-titusville-fl';
UPDATE schools SET old_page_name = 'temple-christian-school' WHERE page_name = 'temple-christian-school-dayton-oh';
UPDATE schools SET old_page_name = 'temple-christian-school' WHERE page_name = 'temple-christian-school-valley-al';
UPDATE schools SET old_page_name = 'temple-christian-school' WHERE page_name = 'temple-christian-school-rockingham-nc';
UPDATE schools SET old_page_name = 'temple-christian-schools' WHERE page_name = 'temple-christian-schools-fort-worth-tx';
UPDATE schools SET old_page_name = 'temple-christian-school' WHERE page_name = 'temple-christian-school-mansfield-oh';
UPDATE schools SET old_page_name = 'tenacre-country-day-school' WHERE page_name = 'tenacre-country-day-school-wellesley-ma';
UPDATE schools SET old_page_name = 'tender-learning-care' WHERE page_name = 'tender-learning-care-davis-ca';
UPDATE schools SET old_page_name = 'tender-learning-centre' WHERE page_name = 'tender-learning-centre-wilmington-ma';
UPDATE schools SET old_page_name = 'tender-love-for-children-child-care' WHERE page_name = 'tender-love-for-children-child-care-altoona-pa';
UPDATE schools SET old_page_name = 'tennessee-avenue-christian-academy' WHERE page_name = 'tennessee-avenue-christian-academy-bristol-tn';
UPDATE schools SET old_page_name = 'tensas-academy' WHERE page_name = 'tensas-academy-saint-joseph-la';
UPDATE schools SET old_page_name = 'teri-learning-academy' WHERE page_name = 'teri-learning-academy-oceanside-ca';
UPDATE schools SET old_page_name = 'terre-hill-mennonite-high-school' WHERE page_name = 'terre-hill-mennonite-high-school-terre-hill-pa';
UPDATE schools SET old_page_name = 'terrell-academy' WHERE page_name = 'terrell-academy-dawson-ga';
UPDATE schools SET old_page_name = 'tet-christian-academy' WHERE page_name = 'tet-christian-academy-jersey-city-nj';
UPDATE schools SET old_page_name = 'teurlings-catholic-high-school' WHERE page_name = 'teurlings-catholic-high-school-lafayette-la';
UPDATE schools SET old_page_name = 'texoma-christian-school' WHERE page_name = 'texoma-christian-school-sherman-tx';
UPDATE schools SET old_page_name = 'thacher-montessori-school' WHERE page_name = 'thacher-montessori-school-milton-ma';
UPDATE schools SET old_page_name = 'thayer-academy' WHERE page_name = 'thayer-academy-braintree-ma';
UPDATE schools SET old_page_name = 'the-academy-at-charlemont' WHERE page_name = 'the-academy-at-charlemont-charlemont-ma';
UPDATE schools SET old_page_name = 'the-academy-at-ocean-reef' WHERE page_name = 'the-academy-at-ocean-reef-key-largo-fl';
UPDATE schools SET old_page_name = 'the-albrook-school' WHERE page_name = 'the-albrook-school-basking-ridge-nj';
UPDATE schools SET old_page_name = 'the-allen-stevenson-school' WHERE page_name = 'the-allen-stevenson-school-new-york-ny';
UPDATE schools SET old_page_name = 'the-altamont-school' WHERE page_name = 'the-altamont-school-birmingham-al';
UPDATE schools SET old_page_name = 'the-angels-child-development-center' WHERE page_name = 'the-angels-child-development-center-berwyn-il';
UPDATE schools SET old_page_name = 'the-antioch-school' WHERE page_name = 'the-antioch-school-yellow-springs-oh';
UPDATE schools SET old_page_name = 'the-aquinas-montessori-school' WHERE page_name = 'the-aquinas-montessori-school-alexandria-va';
UPDATE schools SET old_page_name = 'the-archway-school' WHERE page_name = 'the-archway-school-atco-nj';
UPDATE schools SET old_page_name = 'the-armand-hammer-united-world-college' WHERE page_name = 'the-armand-hammer-united-world-college-montezuma-nm';
UPDATE schools SET old_page_name = 'the-arrow-center-for-education' WHERE page_name = 'the-arrow-center-for-education-baltimore-md';
UPDATE schools SET old_page_name = 'the-athenian-school' WHERE page_name = 'the-athenian-school-danville-ca';
UPDATE schools SET old_page_name = 'the-atlanta-academy' WHERE page_name = 'the-atlanta-academy-roswell-ga';
UPDATE schools SET old_page_name = 'the-baltimore-academy' WHERE page_name = 'the-baltimore-academy-baltimore-md';
UPDATE schools SET old_page_name = 'the-banff-school' WHERE page_name = 'the-banff-school-houston-tx';
UPDATE schools SET old_page_name = 'the-banner-school' WHERE page_name = 'the-banner-school-frederick-md';
UPDATE schools SET old_page_name = 'the-barstow-school' WHERE page_name = 'the-barstow-school-kansas-city-mo';
UPDATE schools SET old_page_name = 'the-bay-school' WHERE page_name = 'the-bay-school-blue-hill-me';
UPDATE schools SET old_page_name = 'the-bay-school' WHERE page_name = 'the-bay-school-santa-cruz-ca';
UPDATE schools SET old_page_name = 'the-bay-school-of-san-francisco' WHERE page_name = 'the-bay-school-of-san-francisco-san-francisco-ca';
UPDATE schools SET old_page_name = 'the-beanstalk-academy' WHERE page_name = 'the-beanstalk-academy-landing-nj';
UPDATE schools SET old_page_name = 'the-beekman-school' WHERE page_name = 'the-beekman-school-new-york-ny';
UPDATE schools SET old_page_name = 'the-bellwether-school' WHERE page_name = 'the-bellwether-school-williston-vt';
UPDATE schools SET old_page_name = 'the-benedictine-school' WHERE page_name = 'the-benedictine-school-ridgely-md';
UPDATE schools SET old_page_name = 'the-bethesda-montessori-school' WHERE page_name = 'the-bethesda-montessori-school-bethesda-md';
UPDATE schools SET old_page_name = 'the-blue-hill-montessori-school' WHERE page_name = 'the-blue-hill-montessori-school-canton-ma';
UPDATE schools SET old_page_name = 'the-branson-school' WHERE page_name = 'the-branson-school-ross-ca';
UPDATE schools SET old_page_name = 'the-bridge-school' WHERE page_name = 'the-bridge-school-hillsborough-ca';
UPDATE schools SET old_page_name = 'the-brighton-school' WHERE page_name = 'the-brighton-school-baton-rouge-la';
UPDATE schools SET old_page_name = 'the-broach-school' WHERE page_name = 'the-broach-school-zephyrhills-fl';
UPDATE schools SET old_page_name = 'the-broach-school-of-tampa' WHERE page_name = 'the-broach-school-of-tampa-tampa-fl';
UPDATE schools SET old_page_name = 'the-brook-hill-school' WHERE page_name = 'the-brook-hill-school-bullard-tx';
UPDATE schools SET old_page_name = 'the-brookside-school' WHERE page_name = 'the-brookside-school-sea-girt-nj';
UPDATE schools SET old_page_name = 'the-browning-school' WHERE page_name = 'the-browning-school-new-york-ny';
UPDATE schools SET old_page_name = 'the-buckley-school' WHERE page_name = 'the-buckley-school-sherman-oaks-ca';
UPDATE schools SET old_page_name = 'the-bush-school' WHERE page_name = 'the-bush-school-seattle-wa';
UPDATE schools SET old_page_name = 'the-caedmon-school' WHERE page_name = 'the-caedmon-school-new-york-ny';
UPDATE schools SET old_page_name = 'the-calverton-school' WHERE page_name = 'the-calverton-school-huntingtown-md';
UPDATE schools SET old_page_name = 'the-cambridge-school-of-weston' WHERE page_name = 'the-cambridge-school-of-weston-weston-ma';
UPDATE schools SET old_page_name = 'the-cape-academy' WHERE page_name = 'the-cape-academy-cape-coral-fl';
UPDATE schools SET old_page_name = 'the-capitol-school' WHERE page_name = 'the-capitol-school-tuscaloosa-al';
UPDATE schools SET old_page_name = 'the-carey-school' WHERE page_name = 'the-carey-school-san-mateo-ca';
UPDATE schools SET old_page_name = 'the-carrie-brazer-center' WHERE page_name = 'the-carrie-brazer-center-miami-fl';
UPDATE schools SET old_page_name = 'the-carroll-school' WHERE page_name = 'the-carroll-school-lincoln-ma';
UPDATE schools SET old_page_name = 'the-cathedral-preschool' WHERE page_name = 'the-cathedral-preschool-atlanta-ga';
UPDATE schools SET old_page_name = 'the-cathedral-school' WHERE page_name = 'the-cathedral-school-new-york-ny';
UPDATE schools SET old_page_name = 'the-catholic-high-school-of-baltimore' WHERE page_name = 'the-catholic-high-school-of-baltimore-baltimore-md';
UPDATE schools SET old_page_name = 'the-center-for-discovery' WHERE page_name = 'the-center-for-discovery-harris-ny';
UPDATE schools SET old_page_name = 'the-charleston-catholic-school' WHERE page_name = 'the-charleston-catholic-school-charleston-sc';
UPDATE schools SET old_page_name = 'the-chartwell-center' WHERE page_name = 'the-chartwell-center-new-orleans-la';
UPDATE schools SET old_page_name = 'the-cheshire-academy' WHERE page_name = 'the-cheshire-academy-cheshire-ct';
UPDATE schools SET old_page_name = 'the-chestnut-hillschool' WHERE page_name = 'the-chestnut-hillschool-chestnut-hill-ma';
UPDATE schools SET old_page_name = 'the-child-unique-montessori-school' WHERE page_name = 'the-child-unique-montessori-school-alameda-ca';
UPDATE schools SET old_page_name = 'the-childrens-castle' WHERE page_name = 'the-childrens-castle-west-newbury-ma';
UPDATE schools SET old_page_name = 'the-childrens-garden-of-st-johns-lutheran-church' WHERE page_name = 'the-childrens-garden-of-st-johns-lutheran-church-shiremanstown-pa';
UPDATE schools SET old_page_name = 'the-childrens-hour-academy' WHERE page_name = 'the-childrens-hour-academy-lake-oswego-or';
UPDATE schools SET old_page_name = 'the-childrens-house-montessori-school' WHERE page_name = 'the-childrens-house-montessori-school-little-rock-ar';
UPDATE schools SET old_page_name = 'the-childrens-school' WHERE page_name = 'the-childrens-school-la-jolla-ca';
UPDATE schools SET old_page_name = 'the-childrens-school' WHERE page_name = 'the-childrens-school-atlanta-ga';
UPDATE schools SET old_page_name = 'the-christian-school-of-grace-baptist-church' WHERE page_name = 'the-christian-school-of-grace-baptist-church-carlisle-pa';
UPDATE schools SET old_page_name = 'the-church-christian-academy' WHERE page_name = 'the-church-christian-academy-sutersville-pa';
UPDATE schools SET old_page_name = 'the-circle-school' WHERE page_name = 'the-circle-school-san-antonio-tx';
UPDATE schools SET old_page_name = 'the-clariden-school' WHERE page_name = 'the-clariden-school-southlake-tx';
UPDATE schools SET old_page_name = 'the-college-preparatory-school' WHERE page_name = 'the-college-preparatory-school-oakland-ca';
UPDATE schools SET old_page_name = 'the-college-school' WHERE page_name = 'the-college-school-newark-de';
UPDATE schools SET old_page_name = 'the-columbus-jewish-day-school' WHERE page_name = 'the-columbus-jewish-day-school-new-albany-oh';
UPDATE schools SET old_page_name = 'the-common-school' WHERE page_name = 'the-common-school-amherst-ma';
UPDATE schools SET old_page_name = 'the-community-school' WHERE page_name = 'the-community-school-mt-desert-me';
UPDATE schools SET old_page_name = 'the-community-school-inc' WHERE page_name = 'the-community-school-inc-teaneck-nj';
UPDATE schools SET old_page_name = 'the-compass-school' WHERE page_name = 'the-compass-school-cincinnati-oh';
UPDATE schools SET old_page_name = 'the-concordia-school' WHERE page_name = 'the-concordia-school-concord-ca';
UPDATE schools SET old_page_name = 'the-contoocook-school' WHERE page_name = 'the-contoocook-school-contoocook-nh';
UPDATE schools SET old_page_name = 'the-cornerstone-christian-school' WHERE page_name = 'the-cornerstone-christian-school-manchester-ct';
UPDATE schools SET old_page_name = 'the-cornerstone-school' WHERE page_name = 'the-cornerstone-school-ocala-fl';
UPDATE schools SET old_page_name = 'the-cottage-childrens-center' WHERE page_name = 'the-cottage-childrens-center-marlborough-ma';
UPDATE schools SET old_page_name = 'the-cottage-montessori-school' WHERE page_name = 'the-cottage-montessori-school-bremerton-wa';
UPDATE schools SET old_page_name = 'the-cottage-school' WHERE page_name = 'the-cottage-school-roswell-ga';
UPDATE schools SET old_page_name = 'the-country-school' WHERE page_name = 'the-country-school-madison-ct';
UPDATE schools SET old_page_name = 'the-covenant-school' WHERE page_name = 'the-covenant-school-nashville-tn';
UPDATE schools SET old_page_name = 'the-covenant-school' WHERE page_name = 'the-covenant-school-dallas-tx';
UPDATE schools SET old_page_name = 'the-craig-school' WHERE page_name = 'the-craig-school-mountain-lakes-nj';
UPDATE schools SET old_page_name = 'the-creative-learning-center' WHERE page_name = 'the-creative-learning-center-miami-fl';
UPDATE schools SET old_page_name = 'the-crefeld-school' WHERE page_name = 'the-crefeld-school-philadelphia-pa';
UPDATE schools SET old_page_name = 'the-crenshaw-school' WHERE page_name = 'the-crenshaw-school-windermere-fl';
UPDATE schools SET old_page_name = 'the-crowden-school' WHERE page_name = 'the-crowden-school-berkeley-ca';
UPDATE schools SET old_page_name = 'the-cuddle-zone-learning-center' WHERE page_name = 'the-cuddle-zone-learning-center-allentown-pa';
UPDATE schools SET old_page_name = 'the-curiosity-shoppe' WHERE page_name = 'the-curiosity-shoppe-doylestown-pa';
UPDATE schools SET old_page_name = 'the-de-paul-school' WHERE page_name = 'the-de-paul-school-louisville-ky';
UPDATE schools SET old_page_name = 'the-derryfield-school' WHERE page_name = 'the-derryfield-school-manchester-nh';
UPDATE schools SET old_page_name = 'the-discovery-school' WHERE page_name = 'the-discovery-school-edinburg-tx';
UPDATE schools SET old_page_name = 'the-dome-school' WHERE page_name = 'the-dome-school-cave-junction-or';
UPDATE schools SET old_page_name = 'the-donoho-school' WHERE page_name = 'the-donoho-school-anniston-al';
UPDATE schools SET old_page_name = 'the-dunham-school' WHERE page_name = 'the-dunham-school-baton-rouge-la';
UPDATE schools SET old_page_name = 'the-education-academy' WHERE page_name = 'the-education-academy-lanoka-harbor-nj';
UPDATE schools SET old_page_name = 'the-elisabeth-morrow-school' WHERE page_name = 'the-elisabeth-morrow-school-englewood-nj';
UPDATE schools SET old_page_name = 'the-emery-weiner-school' WHERE page_name = 'the-emery-weiner-school-houston-tx';
UPDATE schools SET old_page_name = 'the-episcopal-collegiate-school' WHERE page_name = 'the-episcopal-collegiate-school-little-rock-ar';
UPDATE schools SET old_page_name = 'the-evergreen-school' WHERE page_name = 'the-evergreen-school-shoreline-wa';
UPDATE schools SET old_page_name = 'the-family-school' WHERE page_name = 'the-family-school-phoenix-az';
UPDATE schools SET old_page_name = 'the-family-school' WHERE page_name = 'the-family-school-los-olivos-ca';
UPDATE schools SET old_page_name = 'the-farm-school' WHERE page_name = 'the-farm-school-summertown-tn';
UPDATE schools SET old_page_name = 'the-fenn-school' WHERE page_name = 'the-fenn-school-concord-ma';
UPDATE schools SET old_page_name = 'the-field-school' WHERE page_name = 'the-field-school-washington-dc';
UPDATE schools SET old_page_name = 'the-first-academy' WHERE page_name = 'the-first-academy-orlando-fl';
UPDATE schools SET old_page_name = 'the-fletcher-school' WHERE page_name = 'the-fletcher-school-charlotte-nc';
UPDATE schools SET old_page_name = 'the-foundation-academy' WHERE page_name = 'the-foundation-academy-jacksonville-fl';
UPDATE schools SET old_page_name = 'the-foundation-for-blind-children' WHERE page_name = 'the-foundation-for-blind-children-phoenix-az';
UPDATE schools SET old_page_name = 'the-franciscan-school' WHERE page_name = 'the-franciscan-school-raleigh-nc';
UPDATE schools SET old_page_name = 'the-frankfort-christian-academy' WHERE page_name = 'the-frankfort-christian-academy-frankfort-ky';
UPDATE schools SET old_page_name = 'the-freedom-school' WHERE page_name = 'the-freedom-school-saint-louis-mo';
UPDATE schools SET old_page_name = 'the-french-american-school-of-miami' WHERE page_name = 'the-french-american-school-of-miami-miami-shores-fl';
UPDATE schools SET old_page_name = 'the-french-maternal-school' WHERE page_name = 'the-french-maternal-school-washington-dc';
UPDATE schools SET old_page_name = 'the-fulton-school' WHERE page_name = 'the-fulton-school-heath-tx';
UPDATE schools SET old_page_name = 'the-galloway-school' WHERE page_name = 'the-galloway-school-atlanta-ga';
UPDATE schools SET old_page_name = 'the-galloway-school' WHERE page_name = 'the-galloway-school-friendswood-tx';
UPDATE schools SET old_page_name = 'the-gateway-academy' WHERE page_name = 'the-gateway-academy-houston-tx';
UPDATE schools SET old_page_name = 'the-gateway-school' WHERE page_name = 'the-gateway-school-wynnewood-pa';
UPDATE schools SET old_page_name = 'the-geneva-school' WHERE page_name = 'the-geneva-school-casselberry-fl';
UPDATE schools SET old_page_name = 'the-geneva-school-of-manhattan' WHERE page_name = 'the-geneva-school-of-manhattan-new-york-ny';
UPDATE schools SET old_page_name = 'the-gillispie-school' WHERE page_name = 'the-gillispie-school-la-jolla-ca';
UPDATE schools SET old_page_name = 'the-giving-nest-preschool' WHERE page_name = 'the-giving-nest-preschool-green-brook-nj';
UPDATE schools SET old_page_name = 'the-gladwyne-montessori-school' WHERE page_name = 'the-gladwyne-montessori-school-gladwyne-pa';
UPDATE schools SET old_page_name = 'the-gladys-h-oberle-school' WHERE page_name = 'the-gladys-h-oberle-school-fredericksburg-va';
UPDATE schools SET old_page_name = 'the-glory-of-god-christian-school' WHERE page_name = 'the-glory-of-god-christian-school-hialeah-fl';
UPDATE schools SET old_page_name = 'the-goddard-school' WHERE page_name = 'the-goddard-school-doylestown-pa';
UPDATE schools SET old_page_name = 'the-goddard-school' WHERE page_name = 'the-goddard-school-ft-mitchell-ky';
UPDATE schools SET old_page_name = 'the-goddard-school' WHERE page_name = 'the-goddard-school-westerville-oh';
UPDATE schools SET old_page_name = 'the-goddard-school' WHERE page_name = 'the-goddard-school-concord-twp-oh';
UPDATE schools SET old_page_name = 'the-goddard-school' WHERE page_name = 'the-goddard-school-toms-river-nj';
UPDATE schools SET old_page_name = 'the-goddard-school' WHERE page_name = 'the-goddard-school-piscataway-nj';
UPDATE schools SET old_page_name = 'the-goddard-school' WHERE page_name = 'the-goddard-school-sewell-nj';
UPDATE schools SET old_page_name = 'the-goddard-school' WHERE page_name = 'the-goddard-school-chesterfield-mo';
UPDATE schools SET old_page_name = 'the-goddard-school' WHERE page_name = 'the-goddard-school-enola-pa';
UPDATE schools SET old_page_name = 'the-goddard-school' WHERE page_name = 'the-goddard-school-mechanicsburg-pa';
UPDATE schools SET old_page_name = 'the-goddard-school' WHERE page_name = 'the-goddard-school-jamison-pa';
UPDATE schools SET old_page_name = 'the-goddard-school' WHERE page_name = 'the-goddard-school-newtown-pa';
UPDATE schools SET old_page_name = 'the-goddard-school-of-frederick' WHERE page_name = 'the-goddard-school-of-frederick-frederick-md';
UPDATE schools SET old_page_name = 'the-gospel-lighthouse-christian-academy' WHERE page_name = 'the-gospel-lighthouse-christian-academy-lockhart-tx';
UPDATE schools SET old_page_name = 'the-grammar-school' WHERE page_name = 'the-grammar-school-putney-vt';
UPDATE schools SET old_page_name = 'the-greenvale-school' WHERE page_name = 'the-greenvale-school-old-brookville-ny';
UPDATE schools SET old_page_name = 'the-greenwich-japanese-school' WHERE page_name = 'the-greenwich-japanese-school-greenwich-ct';
UPDATE schools SET old_page_name = 'the-greenwood-school' WHERE page_name = 'the-greenwood-school-putney-vt';
UPDATE schools SET old_page_name = 'the-grosse-pointe-academy' WHERE page_name = 'the-grosse-pointe-academy-grosse-pointe-farms-mi';
UPDATE schools SET old_page_name = 'the-growing-place' WHERE page_name = 'the-growing-place-coral-gables-fl';
UPDATE schools SET old_page_name = 'the-hallen-school' WHERE page_name = 'the-hallen-school-new-rochelle-ny';
UPDATE schools SET old_page_name = 'the-hartsbrook-school' WHERE page_name = 'the-hartsbrook-school-hadley-ma';
UPDATE schools SET old_page_name = 'the-harvey-school' WHERE page_name = 'the-harvey-school-katonah-ny';
UPDATE schools SET old_page_name = 'the-hayground-school' WHERE page_name = 'the-hayground-school-bridgehampton-ny';
UPDATE schools SET old_page_name = 'the-hebrew-academy-ohr-menachem-chabad' WHERE page_name = 'the-hebrew-academy-ohr-menachem-chabad-new-city-ny';
UPDATE schools SET old_page_name = 'the-heights-school' WHERE page_name = 'the-heights-school-potomac-md';
UPDATE schools SET old_page_name = 'the-highland-school' WHERE page_name = 'the-highland-school-ellenboro-wv';
UPDATE schools SET old_page_name = 'the-highlands-school' WHERE page_name = 'the-highlands-school-irving-tx';
UPDATE schools SET old_page_name = 'the-hill-school' WHERE page_name = 'the-hill-school-middleburg-va';
UPDATE schools SET old_page_name = 'the-hillier-school' WHERE page_name = 'the-hillier-school-dallas-tx';
UPDATE schools SET old_page_name = 'the-hillside-school' WHERE page_name = 'the-hillside-school-macungie-pa';
UPDATE schools SET old_page_name = 'the-hillsprings-learning-center' WHERE page_name = 'the-hillsprings-learning-center-colorado-springs-co';
UPDATE schools SET old_page_name = 'the-hirsch-academy' WHERE page_name = 'the-hirsch-academy-decatur-ga';
UPDATE schools SET old_page_name = 'the-hockaday-school' WHERE page_name = 'the-hockaday-school-dallas-tx';
UPDATE schools SET old_page_name = 'the-homestead-school' WHERE page_name = 'the-homestead-school-glen-spey-ny';
UPDATE schools SET old_page_name = 'the-hope-christian-academy' WHERE page_name = 'the-hope-christian-academy-aliquippa-pa';
UPDATE schools SET old_page_name = 'the-hotchkiss-school' WHERE page_name = 'the-hotchkiss-school-lakeville-ct';
UPDATE schools SET old_page_name = 'the-howard-school' WHERE page_name = 'the-howard-school-atlanta-ga';
UPDATE schools SET old_page_name = 'the-huda-academy' WHERE page_name = 'the-huda-academy-little-rock-ar';
UPDATE schools SET old_page_name = 'the-hudson-school' WHERE page_name = 'the-hudson-school-hoboken-nj';
UPDATE schools SET old_page_name = 'the-imani-school' WHERE page_name = 'the-imani-school-houston-tx';
UPDATE schools SET old_page_name = 'the-independence-school' WHERE page_name = 'the-independence-school-newark-de';
UPDATE schools SET old_page_name = 'the-independent-day-school' WHERE page_name = 'the-independent-day-school-middlefield-ct';
UPDATE schools SET old_page_name = 'the-international-school-of-charlottesville' WHERE page_name = 'the-international-school-of-charlottesville-charlottesville-va';
UPDATE schools SET old_page_name = 'the-islamic-academy-for-peace' WHERE page_name = 'the-islamic-academy-for-peace-methuen-ma';
UPDATE schools SET old_page_name = 'the-island-school' WHERE page_name = 'the-island-school-bainbridge-island-wa';
UPDATE schools SET old_page_name = 'the-jane-justin-school' WHERE page_name = 'the-jane-justin-school-fort-worth-tx';
UPDATE schools SET old_page_name = 'the-janus-school' WHERE page_name = 'the-janus-school-mount-joy-pa';
UPDATE schools SET old_page_name = 'the-jenkins-school' WHERE page_name = 'the-jenkins-school-lancaster-pa';
UPDATE schools SET old_page_name = 'the-jericho-school-for-children-with-autism' WHERE page_name = 'the-jericho-school-for-children-with-autism-jacksonville-fl';
UPDATE schools SET old_page_name = 'the-john-cooper-school' WHERE page_name = 'the-john-cooper-school-the-woodlands-tx';
UPDATE schools SET old_page_name = 'the-joy-school' WHERE page_name = 'the-joy-school-houston-tx';
UPDATE schools SET old_page_name = 'the-kathy-herward-child-care-center' WHERE page_name = 'the-kathy-herward-child-care-center-andover-ma';
UPDATE schools SET old_page_name = 'the-kessler-school' WHERE page_name = 'the-kessler-school-dallas-tx';
UPDATE schools SET old_page_name = 'the-kew-forest-school' WHERE page_name = 'the-kew-forest-school-forest-hills-ny';
UPDATE schools SET old_page_name = 'the-kings-academy' WHERE page_name = 'the-kings-academy-winter-garden-fl';
UPDATE schools SET old_page_name = 'the-kings-christian-academy' WHERE page_name = 'the-kings-christian-academy-callaway-md';
UPDATE schools SET old_page_name = 'the-kings-christian-school' WHERE page_name = 'the-kings-christian-school-cherry-hill-nj';
UPDATE schools SET old_page_name = 'the-kings-daughters-school' WHERE page_name = 'the-kings-daughters-school-columbia-tn';
UPDATE schools SET old_page_name = 'the-kiski-school' WHERE page_name = 'the-kiski-school-saltsburg-pa';
UPDATE schools SET old_page_name = 'the-knox-school' WHERE page_name = 'the-knox-school-saint-james-ny';
UPDATE schools SET old_page_name = 'the-lamplighter-school' WHERE page_name = 'the-lamplighter-school-dallas-tx';
UPDATE schools SET old_page_name = 'the-langley-school' WHERE page_name = 'the-langley-school-mclean-va';
UPDATE schools SET old_page_name = 'the-latin-school-of-chicago' WHERE page_name = 'the-latin-school-of-chicago-chicago-il';
UPDATE schools SET old_page_name = 'the-laurel-school' WHERE page_name = 'the-laurel-school-brewster-ma';
UPDATE schools SET old_page_name = 'the-lawrenceville-school' WHERE page_name = 'the-lawrenceville-school-lawrenceville-nj';
UPDATE schools SET old_page_name = 'the-lead-center-ltd' WHERE page_name = 'the-lead-center-ltd-chester-va';
UPDATE schools SET old_page_name = 'the-learning-academy-of-teton-valley' WHERE page_name = 'the-learning-academy-of-teton-valley-driggs-id';
UPDATE schools SET old_page_name = 'the-learning-center' WHERE page_name = 'the-learning-center-bradford-pa';
UPDATE schools SET old_page_name = 'the-learning-center-for-the-deaf' WHERE page_name = 'the-learning-center-for-the-deaf-framingham-ma';
UPDATE schools SET old_page_name = 'the-learning-community-day-school' WHERE page_name = 'the-learning-community-day-school-westport-ct';
UPDATE schools SET old_page_name = 'the-learning-community-school' WHERE page_name = 'the-learning-community-school-black-mountain-nc';
UPDATE schools SET old_page_name = 'the-learning-experience' WHERE page_name = 'the-learning-experience-woodbridge-nj';
UPDATE schools SET old_page_name = 'the-learning-foundation-of-florida' WHERE page_name = 'the-learning-foundation-of-florida-royal-palm-beach-fl';
UPDATE schools SET old_page_name = 'the-leelanau-school' WHERE page_name = 'the-leelanau-school-glen-arbor-mi';
UPDATE schools SET old_page_name = 'the-lexington-school' WHERE page_name = 'the-lexington-school-lexington-ky';
UPDATE schools SET old_page_name = 'the-lima-christian-academy' WHERE page_name = 'the-lima-christian-academy-lima-oh';
UPDATE schools SET old_page_name = 'the-little-country-school' WHERE page_name = 'the-little-country-school-jacksonville-fl';
UPDATE schools SET old_page_name = 'the-little-dolphin-school-foundation' WHERE page_name = 'the-little-dolphin-school-foundation-westbrook-me';
UPDATE schools SET old_page_name = 'the-little-french-school' WHERE page_name = 'the-little-french-school-eugene-or';
UPDATE schools SET old_page_name = 'the-little-school' WHERE page_name = 'the-little-school-bellevue-wa';
UPDATE schools SET old_page_name = 'the-long-ridge-school' WHERE page_name = 'the-long-ridge-school-stamford-ct';
UPDATE schools SET old_page_name = 'the-loomis-chaffee-school' WHERE page_name = 'the-loomis-chaffee-school-windsor-ct';
UPDATE schools SET old_page_name = 'the-lorge-school' WHERE page_name = 'the-lorge-school-new-york-ny';
UPDATE schools SET old_page_name = 'the-lowell-school' WHERE page_name = 'the-lowell-school-whitestone-ny';
UPDATE schools SET old_page_name = 'the-macduffie-school' WHERE page_name = 'the-macduffie-school-granby-ma';
UPDATE schools SET old_page_name = 'the-madeira-school' WHERE page_name = 'the-madeira-school-mclean-va';
UPDATE schools SET old_page_name = 'the-madeleine-elementary-school' WHERE page_name = 'the-madeleine-elementary-school-portland-or';
UPDATE schools SET old_page_name = 'the-magnolia-school' WHERE page_name = 'the-magnolia-school-tallahassee-fl';
UPDATE schools SET old_page_name = 'the-malvern-school' WHERE page_name = 'the-malvern-school-glen-mills-pa';
UPDATE schools SET old_page_name = 'the-marin-school' WHERE page_name = 'the-marin-school-san-rafael-ca';
UPDATE schools SET old_page_name = 'the-marvelwood-school' WHERE page_name = 'the-marvelwood-school-kent-ct';
UPDATE schools SET old_page_name = 'the-mary-louis-academy' WHERE page_name = 'the-mary-louis-academy-jamaica-ny';
UPDATE schools SET old_page_name = 'the-maryland-school-for-the-blind' WHERE page_name = 'the-maryland-school-for-the-blind-baltimore-md';
UPDATE schools SET old_page_name = 'the-masters-academy' WHERE page_name = 'the-masters-academy-southwest-ranches-fl';
UPDATE schools SET old_page_name = 'the-masters-school' WHERE page_name = 'the-masters-school-dobbs-ferry-ny';
UPDATE schools SET old_page_name = 'the-mcgillis-school' WHERE page_name = 'the-mcgillis-school-salt-lake-city-ut';
UPDATE schools SET old_page_name = 'the-mead-school' WHERE page_name = 'the-mead-school-stamford-ct';
UPDATE schools SET old_page_name = 'the-meridian-school' WHERE page_name = 'the-meridian-school-seattle-wa';
UPDATE schools SET old_page_name = 'the-miami-montessori-school' WHERE page_name = 'the-miami-montessori-school-troy-oh';
UPDATE schools SET old_page_name = 'the-miami-valley-school' WHERE page_name = 'the-miami-valley-school-dayton-oh';
UPDATE schools SET old_page_name = 'the-midland-school' WHERE page_name = 'the-midland-school-north-branch-nj';
UPDATE schools SET old_page_name = 'the-monarch-montessori-school' WHERE page_name = 'the-monarch-montessori-school-churchville-md';
UPDATE schools SET old_page_name = 'the-montclair-kimberley-academy' WHERE page_name = 'the-montclair-kimberley-academy-montclair-nj';
UPDATE schools SET old_page_name = 'the-montessori-academy-at-edison-lakes' WHERE page_name = 'the-montessori-academy-at-edison-lakes-mishawaka-in';
UPDATE schools SET old_page_name = 'the-montessori-house' WHERE page_name = 'the-montessori-house-tenafly-nj';
UPDATE schools SET old_page_name = 'the-montessori-school-for-shreveport' WHERE page_name = 'the-montessori-school-for-shreveport-shreveport-la';
UPDATE schools SET old_page_name = 'the-montessori-school-of-camden' WHERE page_name = 'the-montessori-school-of-camden-camden-sc';
UPDATE schools SET old_page_name = 'the-montessori-school-of-fort-smith' WHERE page_name = 'the-montessori-school-of-fort-smith-fort-smith-ar';
UPDATE schools SET old_page_name = 'the-montessori-school-of-louisville' WHERE page_name = 'the-montessori-school-of-louisville-louisville-ky';
UPDATE schools SET old_page_name = 'the-montessori-school-of-the-berkshires' WHERE page_name = 'the-montessori-school-of-the-berkshires-lenox-dale-ma';
UPDATE schools SET old_page_name = 'the-montessori-school-of-the-mahoning-valley' WHERE page_name = 'the-montessori-school-of-the-mahoning-valley-youngstown-oh';
UPDATE schools SET old_page_name = 'the-montessori-school-of-washington-park' WHERE page_name = 'the-montessori-school-of-washington-park-denver-co';
UPDATE schools SET old_page_name = 'the-montessori-school-on-11th-street' WHERE page_name = 'the-montessori-school-on-11th-street-beaumont-tx';
UPDATE schools SET old_page_name = 'the-nativity-school' WHERE page_name = 'the-nativity-school-rancho-santa-fe-ca';
UPDATE schools SET old_page_name = 'the-nativity-school-of-harrisburg' WHERE page_name = 'the-nativity-school-of-harrisburg-harrisburg-pa';
UPDATE schools SET old_page_name = 'the-neighborhood-academy' WHERE page_name = 'the-neighborhood-academy-pittsburgh-pa';
UPDATE schools SET old_page_name = 'the-new-classical-academy' WHERE page_name = 'the-new-classical-academy-asheville-nc';
UPDATE schools SET old_page_name = 'the-new-community-school' WHERE page_name = 'the-new-community-school-richmond-va';
UPDATE schools SET old_page_name = 'the-new-jersey-japanese-school' WHERE page_name = 'the-new-jersey-japanese-school-oakland-nj';
UPDATE schools SET old_page_name = 'the-new-school' WHERE page_name = 'the-new-school-kennebunk-me';
UPDATE schools SET old_page_name = 'the-new-school' WHERE page_name = 'the-new-school-newark-de';
UPDATE schools SET old_page_name = 'the-new-school' WHERE page_name = 'the-new-school-syracuse-ny';
UPDATE schools SET old_page_name = 'the-new-school-of-montpelier' WHERE page_name = 'the-new-school-of-montpelier-montpelier-vt';
UPDATE schools SET old_page_name = 'the-new-school-of-northern-virginia' WHERE page_name = 'the-new-school-of-northern-virginia-fairfax-va';
UPDATE schools SET old_page_name = 'the-newman-school' WHERE page_name = 'the-newman-school-boston-ma';
UPDATE schools SET old_page_name = 'the-nora-school' WHERE page_name = 'the-nora-school-silver-spring-md';
UPDATE schools SET old_page_name = 'the-norman-howard-school' WHERE page_name = 'the-norman-howard-school-rochester-ny';
UPDATE schools SET old_page_name = 'the-nueva-school' WHERE page_name = 'the-nueva-school-san-mateo-ca';
UPDATE schools SET old_page_name = 'the-nurtury' WHERE page_name = 'the-nurtury-medina-oh';
UPDATE schools SET old_page_name = 'the-oak-hill-school' WHERE page_name = 'the-oak-hill-school-nashville-tn';
UPDATE schools SET old_page_name = 'the-oakridge-school' WHERE page_name = 'the-oakridge-school-arlington-tx';
UPDATE schools SET old_page_name = 'the-oaks-academy' WHERE page_name = 'the-oaks-academy-indianapolis-in';
UPDATE schools SET old_page_name = 'the-oaks-school' WHERE page_name = 'the-oaks-school-los-angeles-ca';
UPDATE schools SET old_page_name = 'the-oakwood-school' WHERE page_name = 'the-oakwood-school-greenville-nc';
UPDATE schools SET old_page_name = 'the-orchard-school' WHERE page_name = 'the-orchard-school-indianapolis-in';
UPDATE schools SET old_page_name = 'the-overlake-school' WHERE page_name = 'the-overlake-school-redmond-wa';
UPDATE schools SET old_page_name = 'the-oxbow-school' WHERE page_name = 'the-oxbow-school-napa-ca';
UPDATE schools SET old_page_name = 'the-parish-school' WHERE page_name = 'the-parish-school-houston-tx';
UPDATE schools SET old_page_name = 'the-parke-house-academy' WHERE page_name = 'the-parke-house-academy-winter-park-fl';
UPDATE schools SET old_page_name = 'the-pathfinder-school' WHERE page_name = 'the-pathfinder-school-traverse-city-mi';
UPDATE schools SET old_page_name = 'the-pathway-school' WHERE page_name = 'the-pathway-school-norristown-pa';
UPDATE schools SET old_page_name = 'the-peck-school' WHERE page_name = 'the-peck-school-morristown-nj';
UPDATE schools SET old_page_name = 'the-pegasus-school' WHERE page_name = 'the-pegasus-school-huntington-beach-ca';
UPDATE schools SET old_page_name = 'the-pennfield-school' WHERE page_name = 'the-pennfield-school-portsmouth-ri';
UPDATE schools SET old_page_name = 'the-pennington-school' WHERE page_name = 'the-pennington-school-pennington-nj';
UPDATE schools SET old_page_name = 'the-phelps-school' WHERE page_name = 'the-phelps-school-malvern-pa';
UPDATE schools SET old_page_name = 'the-philadelphia-school' WHERE page_name = 'the-philadelphia-school-philadelphia-pa';
UPDATE schools SET old_page_name = 'the-phoenix-montessori-school' WHERE page_name = 'the-phoenix-montessori-school-lenexa-ks';
UPDATE schools SET old_page_name = 'the-phoenix-school' WHERE page_name = 'the-phoenix-school-salem-ma';
UPDATE schools SET old_page_name = 'the-phoenix-school-for-creative-learning' WHERE page_name = 'the-phoenix-school-for-creative-learning-germantown-tn';
UPDATE schools SET old_page_name = 'the-piarist-school' WHERE page_name = 'the-piarist-school-hagerhill-ky';
UPDATE schools SET old_page_name = 'the-piedmont-school' WHERE page_name = 'the-piedmont-school-high-point-nc';
UPDATE schools SET old_page_name = 'the-pike-school' WHERE page_name = 'the-pike-school-andover-ma';
UPDATE schools SET old_page_name = 'the-pilgrim-academy' WHERE page_name = 'the-pilgrim-academy-egg-harbor-city-nj';
UPDATE schools SET old_page_name = 'the-pilot-school' WHERE page_name = 'the-pilot-school-wilmington-de';
UPDATE schools SET old_page_name = 'the-pine-school' WHERE page_name = 'the-pine-school-hobe-sound-fl';
UPDATE schools SET old_page_name = 'the-pines-christian-school' WHERE page_name = 'the-pines-christian-school-harbor-city-ca';
UPDATE schools SET old_page_name = 'the-piney-woods-school' WHERE page_name = 'the-piney-woods-school-piney-woods-ms';
UPDATE schools SET old_page_name = 'the-post-oak-school' WHERE page_name = 'the-post-oak-school-bellaire-tx';
UPDATE schools SET old_page_name = 'the-potters-house-high-school' WHERE page_name = 'the-potters-house-high-school-wyoming-mi';
UPDATE schools SET old_page_name = 'the-prairie-school' WHERE page_name = 'the-prairie-school-wind-point-wi';
UPDATE schools SET old_page_name = 'the-prentice-school' WHERE page_name = 'the-prentice-school-north-tustin-ca';
UPDATE schools SET old_page_name = 'the-prep-school' WHERE page_name = 'the-prep-school-longview-tx';
UPDATE schools SET old_page_name = 'the-presentation-school' WHERE page_name = 'the-presentation-school-sonoma-ca';
UPDATE schools SET old_page_name = 'the-primary-day-school' WHERE page_name = 'the-primary-day-school-bethesda-md';
UPDATE schools SET old_page_name = 'the-principled-academy' WHERE page_name = 'the-principled-academy-san-leandro-ca';
UPDATE schools SET old_page_name = 'the-putney-school' WHERE page_name = 'the-putney-school-putney-vt';
UPDATE schools SET old_page_name = 'the-quaker-school-at-horsham' WHERE page_name = 'the-quaker-school-at-horsham-horsham-pa';
UPDATE schools SET old_page_name = 'the-quarry-lane-school' WHERE page_name = 'the-quarry-lane-school-dublin-ca';
UPDATE schools SET old_page_name = 'the-raleigh-school' WHERE page_name = 'the-raleigh-school-raleigh-nc';
UPDATE schools SET old_page_name = 'the-randolph-school' WHERE page_name = 'the-randolph-school-wappingers-falls-ny';
UPDATE schools SET old_page_name = 'the-rashi-school' WHERE page_name = 'the-rashi-school-dedham-ma';
UPDATE schools SET old_page_name = 'the-red-cedar-school' WHERE page_name = 'the-red-cedar-school-bristol-vt';
UPDATE schools SET old_page_name = 'the-red-oaks-school' WHERE page_name = 'the-red-oaks-school-morristown-nj';
UPDATE schools SET old_page_name = 'the-regis-school-of-the-sacred-heart' WHERE page_name = 'the-regis-school-of-the-sacred-heart-houston-tx';
UPDATE schools SET old_page_name = 'the-renaissance-school' WHERE page_name = 'the-renaissance-school-auburn-me';
UPDATE schools SET old_page_name = 'the-ridge-hill-school' WHERE page_name = 'the-ridge-hill-school-norwell-ma';
UPDATE schools SET old_page_name = 'the-river-academy' WHERE page_name = 'the-river-academy-wenatchee-wa';
UPDATE schools SET old_page_name = 'the-rivers-school' WHERE page_name = 'the-rivers-school-weston-ma';
UPDATE schools SET old_page_name = 'the-riverside-school' WHERE page_name = 'the-riverside-school-lyndonville-vt';
UPDATE schools SET old_page_name = 'the-rock-academy' WHERE page_name = 'the-rock-academy-san-diego-ca';
UPDATE schools SET old_page_name = 'the-rock-school' WHERE page_name = 'the-rock-school-gainesville-fl';
UPDATE schools SET old_page_name = 'the-rubicon-academy' WHERE page_name = 'the-rubicon-academy-the-woodlands-tx';
UPDATE schools SET old_page_name = 'the-sage-school' WHERE page_name = 'the-sage-school-foxboro-ma';
UPDATE schools SET old_page_name = 'the-salisbury-school' WHERE page_name = 'the-salisbury-school-salisbury-md';
UPDATE schools SET old_page_name = 'the-sammamish-montessori-school' WHERE page_name = 'the-sammamish-montessori-school-redmond-wa';
UPDATE schools SET old_page_name = 'the-san-miguel-school' WHERE page_name = 'the-san-miguel-school-providence-ri';
UPDATE schools SET old_page_name = 'the-schilling-school-for-gifted-children' WHERE page_name = 'the-schilling-school-for-gifted-children-cincinnati-oh';
UPDATE schools SET old_page_name = 'the-school-at-mcguire-memorial' WHERE page_name = 'the-school-at-mcguire-memorial-new-brighton-pa';
UPDATE schools SET old_page_name = 'the-school-at-springbrook' WHERE page_name = 'the-school-at-springbrook-oneonta-ny';
UPDATE schools SET old_page_name = 'the-school-at-sweetser' WHERE page_name = 'the-school-at-sweetser-saco-me';
UPDATE schools SET old_page_name = 'the-school-for-young-children' WHERE page_name = 'the-school-for-young-children-houston-tx';
UPDATE schools SET old_page_name = 'the-school-in-rose-valley' WHERE page_name = 'the-school-in-rose-valley-rose-valley-pa';
UPDATE schools SET old_page_name = 'the-school-of-montessori' WHERE page_name = 'the-school-of-montessori-nederland-tx';
UPDATE schools SET old_page_name = 'the-school-of-sacred-heart-st-francis-de-sales' WHERE page_name = 'the-school-of-sacred-heart-st-francis-de-sales-bennington-vt';
UPDATE schools SET old_page_name = 'the-seabury-school' WHERE page_name = 'the-seabury-school-tacoma-wa';
UPDATE schools SET old_page_name = 'the-shepherd-s-school' WHERE page_name = 'the-shepherd-s-school-pahokee-fl';
UPDATE schools SET old_page_name = 'the-shipley-school' WHERE page_name = 'the-shipley-school-bryn-mawr-pa';
UPDATE schools SET old_page_name = 'the-shlenker-school' WHERE page_name = 'the-shlenker-school-houston-tx';
UPDATE schools SET old_page_name = 'the-siena-school' WHERE page_name = 'the-siena-school-silver-spring-md';
UPDATE schools SET old_page_name = 'the-siskiyou-school' WHERE page_name = 'the-siskiyou-school-ashland-or';
UPDATE schools SET old_page_name = 'the-skill-building-center' WHERE page_name = 'the-skill-building-center-airmont-ny';
UPDATE schools SET old_page_name = 'the-sloan-school' WHERE page_name = 'the-sloan-school-irving-tx';
UPDATE schools SET old_page_name = 'the-springs-a-montessori-school' WHERE page_name = 'the-springs-a-montessori-school-springfield-va';
UPDATE schools SET old_page_name = 'the-sterling-school' WHERE page_name = 'the-sterling-school-brooklyn-ny';
UPDATE schools SET old_page_name = 'the-storm-king-school' WHERE page_name = 'the-storm-king-school-cornwall-on-hudson-ny';
UPDATE schools SET old_page_name = 'the-studio-school' WHERE page_name = 'the-studio-school-new-york-ny';
UPDATE schools SET old_page_name = 'the-summit-country-day-school' WHERE page_name = 'the-summit-country-day-school-cincinnati-oh';
UPDATE schools SET old_page_name = 'the-summit-preparatory-school' WHERE page_name = 'the-summit-preparatory-school-springfield-mo';
UPDATE schools SET old_page_name = 'the-summit-school' WHERE page_name = 'the-summit-school-edgewater-md';
UPDATE schools SET old_page_name = 'the-swift-school' WHERE page_name = 'the-swift-school-roswell-ga';
UPDATE schools SET old_page_name = 'the-tatnall-school' WHERE page_name = 'the-tatnall-school-wilmington-de';
UPDATE schools SET old_page_name = 'the-tenney-school' WHERE page_name = 'the-tenney-school-houston-tx';
UPDATE schools SET old_page_name = 'the-timothy-school' WHERE page_name = 'the-timothy-school-berwyn-pa';
UPDATE schools SET old_page_name = 'the-titusville-academy' WHERE page_name = 'the-titusville-academy-titusville-nj';
UPDATE schools SET old_page_name = 'the-tome-school' WHERE page_name = 'the-tome-school-north-east-md';
UPDATE schools SET old_page_name = 'the-town-school' WHERE page_name = 'the-town-school-new-york-ny';
UPDATE schools SET old_page_name = 'the-trilogy-school' WHERE page_name = 'the-trilogy-school-raleigh-nc';
UPDATE schools SET old_page_name = 'the-tutorial-school' WHERE page_name = 'the-tutorial-school-santa-fe-nm';
UPDATE schools SET old_page_name = 'the-ursuline-school' WHERE page_name = 'the-ursuline-school-new-rochelle-ny';
UPDATE schools SET old_page_name = 'the-valley-school' WHERE page_name = 'the-valley-school-seattle-wa';
UPDATE schools SET old_page_name = 'the-vanguard-school' WHERE page_name = 'the-vanguard-school-lake-wales-fl';
UPDATE schools SET old_page_name = 'the-victory-school' WHERE page_name = 'the-victory-school-miami-fl';
UPDATE schools SET old_page_name = 'the-village-school' WHERE page_name = 'the-village-school-houston-tx';
UPDATE schools SET old_page_name = 'the-walden-school' WHERE page_name = 'the-walden-school-sugar-land-tx';
UPDATE schools SET old_page_name = 'the-waldorf-school-of-atlanta' WHERE page_name = 'the-waldorf-school-of-atlanta-decatur-ga';
UPDATE schools SET old_page_name = 'the-waldorf-school-of-bend' WHERE page_name = 'the-waldorf-school-of-bend-bend-or';
UPDATE schools SET old_page_name = 'the-waldorf-school-of-mendocino-county' WHERE page_name = 'the-waldorf-school-of-mendocino-county-calpella-ca';
UPDATE schools SET old_page_name = 'the-waldorf-school-of-orange-county' WHERE page_name = 'the-waldorf-school-of-orange-county-costa-mesa-ca';
UPDATE schools SET old_page_name = 'the-waterford-school' WHERE page_name = 'the-waterford-school-sandy-ut';
UPDATE schools SET old_page_name = 'the-webb-school' WHERE page_name = 'the-webb-school-bell-buckle-tn';
UPDATE schools SET old_page_name = 'the-webb-schools' WHERE page_name = 'the-webb-schools-claremont-ca';
UPDATE schools SET old_page_name = 'the-well-school' WHERE page_name = 'the-well-school-peterborough-nh';
UPDATE schools SET old_page_name = 'the-wesley-school' WHERE page_name = 'the-wesley-school-north-hollywood-ca';
UPDATE schools SET old_page_name = 'the-westwood-school' WHERE page_name = 'the-westwood-school-dallas-tx';
UPDATE schools SET old_page_name = 'the-williams-school' WHERE page_name = 'the-williams-school-norfolk-va';
UPDATE schools SET old_page_name = 'the-williston-northampton-school' WHERE page_name = 'the-williston-northampton-school-easthampton-ma';
UPDATE schools SET old_page_name = 'the-willow-school' WHERE page_name = 'the-willow-school-gladstone-nj';
UPDATE schools SET old_page_name = 'the-willow-school' WHERE page_name = 'the-willow-school-vero-beach-fl';
UPDATE schools SET old_page_name = 'the-willows-community-school' WHERE page_name = 'the-willows-community-school-culver-city-ca';
UPDATE schools SET old_page_name = 'the-wilson-school' WHERE page_name = 'the-wilson-school-clayton-mo';
UPDATE schools SET old_page_name = 'the-winston-school' WHERE page_name = 'the-winston-school-dallas-tx';
UPDATE schools SET old_page_name = 'the-winston-school' WHERE page_name = 'the-winston-school-short-hills-nj';
UPDATE schools SET old_page_name = 'the-winston-school-san-antonio' WHERE page_name = 'the-winston-school-san-antonio-san-antonio-tx';
UPDATE schools SET old_page_name = 'the-wolf-school' WHERE page_name = 'the-wolf-school-rumford-ri';
UPDATE schools SET old_page_name = 'the-woods-academy' WHERE page_name = 'the-woods-academy-bethesda-md';
UPDATE schools SET old_page_name = 'the-woodward-school' WHERE page_name = 'the-woodward-school-quincy-ma';
UPDATE schools SET old_page_name = 'thetford-academy' WHERE page_name = 'thetford-academy-thetford-center-vt';
UPDATE schools SET old_page_name = 'thevenet-montessori-school' WHERE page_name = 'thevenet-montessori-school-highland-mills-ny';
UPDATE schools SET old_page_name = 'thomas-hart-academy' WHERE page_name = 'thomas-hart-academy-hartsville-sc';
UPDATE schools SET old_page_name = 'thomas-jefferson-academy' WHERE page_name = 'thomas-jefferson-academy-louisville-ga';
UPDATE schools SET old_page_name = 'thomas-jefferson-independent-day-school' WHERE page_name = 'thomas-jefferson-independent-day-school-joplin-mo';
UPDATE schools SET old_page_name = 'thomas-jefferson-school' WHERE page_name = 'thomas-jefferson-school-saint-louis-mo';
UPDATE schools SET old_page_name = 'thomas-sumter-academy' WHERE page_name = 'thomas-sumter-academy-rembert-sc';
UPDATE schools SET old_page_name = 'thornton-academy' WHERE page_name = 'thornton-academy-saco-me';
UPDATE schools SET old_page_name = 'thorp-catholic-school' WHERE page_name = 'thorp-catholic-school-thorp-wi';
UPDATE schools SET old_page_name = 'thorp-mennonite-school' WHERE page_name = 'thorp-mennonite-school-thorp-wi';
UPDATE schools SET old_page_name = 'three-angels-christian-school' WHERE page_name = 'three-angels-christian-school-madison-wi';
UPDATE schools SET old_page_name = 'three-bears-learning-center' WHERE page_name = 'three-bears-learning-center-denver-co';
UPDATE schools SET old_page_name = 'three-rivers-christian-school' WHERE page_name = 'three-rivers-christian-school-longview-wa';
UPDATE schools SET old_page_name = 'three-sisters-adventist-christian-school' WHERE page_name = 'three-sisters-adventist-christian-school-bend-or';
UPDATE schools SET old_page_name = 'thunderbird-adventist-academy' WHERE page_name = 'thunderbird-adventist-academy-scottsdale-az';
UPDATE schools SET old_page_name = 'thunderbird-christian-elementary-school' WHERE page_name = 'thunderbird-christian-elementary-school-scottsdale-az';
UPDATE schools SET old_page_name = 'tidewater-academy' WHERE page_name = 'tidewater-academy-wakefield-va';
UPDATE schools SET old_page_name = 'tidewater-adventist-academy' WHERE page_name = 'tidewater-adventist-academy-chesapeake-va';
UPDATE schools SET old_page_name = 'tidewater-classical-academy' WHERE page_name = 'tidewater-classical-academy-virginia-beach-va';
UPDATE schools SET old_page_name = 'tidings-of-peace-christian-school' WHERE page_name = 'tidings-of-peace-christian-school-york-pa';
UPDATE schools SET old_page_name = 'tierra-vista-montessori-school' WHERE page_name = 'tierra-vista-montessori-school-marble-falls-tx';
UPDATE schools SET old_page_name = 'tiferes-miriam-school-for-girls' WHERE page_name = 'tiferes-miriam-school-for-girls-brooklyn-ny';
UPDATE schools SET old_page_name = 'tiftarea-academy' WHERE page_name = 'tiftarea-academy-chula-ga';
UPDATE schools SET old_page_name = 'tilden-school' WHERE page_name = 'tilden-school-seattle-wa';
UPDATE schools SET old_page_name = 'tillamook-adventist-school' WHERE page_name = 'tillamook-adventist-school-tillamook-or';
UPDATE schools SET old_page_name = 'tilton-school' WHERE page_name = 'tilton-school-tilton-nh';
UPDATE schools SET old_page_name = 'timber-ridge-school' WHERE page_name = 'timber-ridge-school-winchester-va';
UPDATE schools SET old_page_name = 'timber-view-school' WHERE page_name = 'timber-view-school-millersburg-in';
UPDATE schools SET old_page_name = 'timberlake-christian-schools' WHERE page_name = 'timberlake-christian-schools-forest-va';
UPDATE schools SET old_page_name = 'timothy-christian-academy' WHERE page_name = 'timothy-christian-academy-eastampton-nj';
UPDATE schools SET old_page_name = 'timothy-christian-p-8' WHERE page_name = 'timothy-christian-p-8-elmhurst-il';
UPDATE schools SET old_page_name = 'timothy-christian-school' WHERE page_name = 'timothy-christian-school-wellsburg-ia';
UPDATE schools SET old_page_name = 'timothy-christian-school' WHERE page_name = 'timothy-christian-school-piscataway-nj';
UPDATE schools SET old_page_name = 'timothy-lutheran-school' WHERE page_name = 'timothy-lutheran-school-blue-springs-mo';
UPDATE schools SET old_page_name = 'tipton-catholic-high-school' WHERE page_name = 'tipton-catholic-high-school-tipton-ks';
UPDATE schools SET old_page_name = 'toledo-christian-schools' WHERE page_name = 'toledo-christian-schools-toledo-oh';
UPDATE schools SET old_page_name = 'toledo-islamic-academy' WHERE page_name = 'toledo-islamic-academy-sylvania-oh';
UPDATE schools SET old_page_name = 'toledo-junior-academy' WHERE page_name = 'toledo-junior-academy-toledo-oh';
UPDATE schools SET old_page_name = 'tollway-view-amish-school' WHERE page_name = 'tollway-view-amish-school-shipshewana-in';
UPDATE schools SET old_page_name = 'tomah-baptist-academy' WHERE page_name = 'tomah-baptist-academy-tomah-wi';
UPDATE schools SET old_page_name = 'topanga-mountain-school' WHERE page_name = 'topanga-mountain-school-woodland-hills-ca';
UPDATE schools SET old_page_name = 'topeka-adventist-school' WHERE page_name = 'topeka-adventist-school-topeka-ks';
UPDATE schools SET old_page_name = 'topeka-collegiate-school' WHERE page_name = 'topeka-collegiate-school-topeka-ks';
UPDATE schools SET old_page_name = 'topeka-lutheran-school' WHERE page_name = 'topeka-lutheran-school-topeka-ks';
UPDATE schools SET old_page_name = 'torah-academy' WHERE page_name = 'torah-academy-saint-louis-park-mn';
UPDATE schools SET old_page_name = 'torah-academy' WHERE page_name = 'torah-academy-brookline-ma';
UPDATE schools SET old_page_name = 'torah-academy-of-boca-raton' WHERE page_name = 'torah-academy-of-boca-raton-boca-raton-fl';
UPDATE schools SET old_page_name = 'torah-academy-of-jacksonville' WHERE page_name = 'torah-academy-of-jacksonville-jacksonville-fl';
UPDATE schools SET old_page_name = 'torah-academy-of-milwaukee' WHERE page_name = 'torah-academy-of-milwaukee-glendale-wi';
UPDATE schools SET old_page_name = 'torah-day-school' WHERE page_name = 'torah-day-school-houston-tx';
UPDATE schools SET old_page_name = 'torah-day-school-of-atlanta' WHERE page_name = 'torah-day-school-of-atlanta-atlanta-ga';
UPDATE schools SET old_page_name = 'torah-day-school-of-seattle' WHERE page_name = 'torah-day-school-of-seattle-seattle-wa';
UPDATE schools SET old_page_name = 'torah-institute' WHERE page_name = 'torah-institute-owings-mills-md';
UPDATE schools SET old_page_name = 'torah-school-of-greater-washington' WHERE page_name = 'torah-school-of-greater-washington-silver-spring-md';
UPDATE schools SET old_page_name = 'toras-chaim' WHERE page_name = 'toras-chaim-portsmouth-va';
UPDATE schools SET old_page_name = 'torrance-montessori-school' WHERE page_name = 'torrance-montessori-school-torrance-ca';
UPDATE schools SET old_page_name = 'torreon-christian-school' WHERE page_name = 'torreon-christian-school-cuba-nm';
UPDATE schools SET old_page_name = 'torrington-christian-academy' WHERE page_name = 'torrington-christian-academy-torrington-ct';
UPDATE schools SET old_page_name = 'tot-stop-preschool' WHERE page_name = 'tot-stop-preschool-palm-desert-ca';
UPDATE schools SET old_page_name = 'totino-grace-high-school' WHERE page_name = 'totino-grace-high-school-fridley-mn';
UPDATE schools SET old_page_name = 'touchstone-community-school' WHERE page_name = 'touchstone-community-school-grafton-ma';
UPDATE schools SET old_page_name = 'touchstone-school' WHERE page_name = 'touchstone-school-litchfield-ct';
UPDATE schools SET old_page_name = 'tower-hill-school' WHERE page_name = 'tower-hill-school-atlantic-pa';
UPDATE schools SET old_page_name = 'tower-hill-school' WHERE page_name = 'tower-hill-school-red-bank-nj';
UPDATE schools SET old_page_name = 'tower-school' WHERE page_name = 'tower-school-marblehead-ma';
UPDATE schools SET old_page_name = 'town-east-christian-school' WHERE page_name = 'town-east-christian-school-san-antonio-tx';
UPDATE schools SET old_page_name = 'town-n-country-christian-academy' WHERE page_name = 'town-n-country-christian-academy-tampa-fl';
UPDATE schools SET old_page_name = 'town-school-for-boys' WHERE page_name = 'town-school-for-boys-san-francisco-ca';
UPDATE schools SET old_page_name = 'townline-school' WHERE page_name = 'townline-school-heuvelton-ny';
UPDATE schools SET old_page_name = 'townline-square-school-amish' WHERE page_name = 'townline-square-school-amish-shipshewana-in';
UPDATE schools SET old_page_name = 'trace-academy' WHERE page_name = 'trace-academy-orlando-fl';
UPDATE schools SET old_page_name = 'tracy-sda-school' WHERE page_name = 'tracy-sda-school-tracy-ca';
UPDATE schools SET old_page_name = 'trafton-academy' WHERE page_name = 'trafton-academy-houston-tx';
UPDATE schools SET old_page_name = 'trafton-academy-at-hammond' WHERE page_name = 'trafton-academy-at-hammond-hammond-la';
UPDATE schools SET old_page_name = 'training-center-christian-school' WHERE page_name = 'training-center-christian-school-garden-city-mo';
UPDATE schools SET old_page_name = 'tranquility-adventist-school' WHERE page_name = 'tranquility-adventist-school-andover-nj';
UPDATE schools SET old_page_name = 'transfiguration-school' WHERE page_name = 'transfiguration-school-los-angeles-ca';
UPDATE schools SET old_page_name = 'transfiguration-school' WHERE page_name = 'transfiguration-school-tarrytown-ny';
UPDATE schools SET old_page_name = 'transfiguration-school' WHERE page_name = 'transfiguration-school-new-york-ny';
UPDATE schools SET old_page_name = 'transitions-school' WHERE page_name = 'transitions-school-quincy-il';
UPDATE schools SET old_page_name = 'traverse-city-christian-school' WHERE page_name = 'traverse-city-christian-school-traverse-city-mi';
UPDATE schools SET old_page_name = 'treasure-state-academy' WHERE page_name = 'treasure-state-academy-great-falls-mt';
UPDATE schools SET old_page_name = 'tree-of-life-christian-prep-school' WHERE page_name = 'tree-of-life-christian-prep-school-fredericksburg-va';
UPDATE schools SET old_page_name = 'trent-montessori-preschool' WHERE page_name = 'trent-montessori-preschool-newport-ky';
UPDATE schools SET old_page_name = 'trey-whitfield-school' WHERE page_name = 'trey-whitfield-school-brooklyn-ny';