UPDATE schools SET old_page_name = 'divine-redeemer-school' WHERE page_name = 'divine-redeemer-school-ford-city-pa';
UPDATE schools SET old_page_name = 'divine-savior-academy' WHERE page_name = 'divine-savior-academy-doral-fl';
UPDATE schools SET old_page_name = 'divine-savior-catholic-school' WHERE page_name = 'divine-savior-catholic-school-kiel-wi';
UPDATE schools SET old_page_name = 'divine-savior-catholic-school' WHERE page_name = 'divine-savior-catholic-school-fredonia-wi';
UPDATE schools SET old_page_name = 'divine-savior-holy-angels-high-school' WHERE page_name = 'divine-savior-holy-angels-high-school-milwaukee-wi';
UPDATE schools SET old_page_name = 'divine-saviour-school' WHERE page_name = 'divine-saviour-school-los-angeles-ca';
UPDATE schools SET old_page_name = 'do-re-me-child-development-center' WHERE page_name = 'do-re-me-child-development-center-los-angeles-ca';
UPDATE schools SET old_page_name = 'doane-stuart-school' WHERE page_name = 'doane-stuart-school-rensselaer-ny';
UPDATE schools SET old_page_name = 'dodge-house-school' WHERE page_name = 'dodge-house-school-bridgton-me';
UPDATE schools SET old_page_name = 'dogwood-grove-school' WHERE page_name = 'dogwood-grove-school-versailles-mo';
UPDATE schools SET old_page_name = 'dominican-high-school' WHERE page_name = 'dominican-high-school-milwaukee-wi';
UPDATE schools SET old_page_name = 'dominion-academy' WHERE page_name = 'dominion-academy-dayton-oh';
UPDATE schools SET old_page_name = 'dominion-academy' WHERE page_name = 'dominion-academy-norfolk-va';
UPDATE schools SET old_page_name = 'dominion-christian-school' WHERE page_name = 'dominion-christian-school-oakton-va';
UPDATE schools SET old_page_name = 'don-bosco-technical-institute' WHERE page_name = 'don-bosco-technical-institute-rosemead-ca';
UPDATE schools SET old_page_name = 'donelson-christian-academy' WHERE page_name = 'donelson-christian-academy-nashville-tn';
UPDATE schools SET old_page_name = 'dorchester-academy' WHERE page_name = 'dorchester-academy-saint-george-sc';
UPDATE schools SET old_page_name = 'double-r-private-school' WHERE page_name = 'double-r-private-school-chuluota-fl';
UPDATE schools SET old_page_name = 'dowling-catholic-high-school' WHERE page_name = 'dowling-catholic-high-school-west-des-moines-ia';
UPDATE schools SET old_page_name = 'downers-grove-adventist-school' WHERE page_name = 'downers-grove-adventist-school-downers-grove-il';
UPDATE schools SET old_page_name = 'downers-grove-christian-school' WHERE page_name = 'downers-grove-christian-school-downers-grove-il';
UPDATE schools SET old_page_name = 'downey-christian-school' WHERE page_name = 'downey-christian-school-orlando-fl';
UPDATE schools SET old_page_name = 'dr-john-a-mckinney-christian-academy' WHERE page_name = 'dr-john-a-mckinney-christian-academy-miami-fl';
UPDATE schools SET old_page_name = 'drew-school' WHERE page_name = 'drew-school-san-francisco-ca';
UPDATE schools SET old_page_name = 'dryknob-amish-parochial-school' WHERE page_name = 'dryknob-amish-parochial-school-smicksburg-pa';
UPDATE schools SET old_page_name = 'du-bois-christian-schools' WHERE page_name = 'du-bois-christian-schools-du-bois-pa';
UPDATE schools SET old_page_name = 'duane-lake-academy' WHERE page_name = 'duane-lake-academy-pawling-ny';
UPDATE schools SET old_page_name = 'dublin-learning-academy' WHERE page_name = 'dublin-learning-academy-dublin-oh';
UPDATE schools SET old_page_name = 'dublin-mennonite-school' WHERE page_name = 'dublin-mennonite-school-east-dublin-ga';
UPDATE schools SET old_page_name = 'dublin-montessori-academy' WHERE page_name = 'dublin-montessori-academy-powell-oh';
UPDATE schools SET old_page_name = 'dublin-school' WHERE page_name = 'dublin-school-dublin-nh';
UPDATE schools SET old_page_name = 'dubnoff-center-for-child-development' WHERE page_name = 'dubnoff-center-for-child-development-north-hills-ca';
UPDATE schools SET old_page_name = 'duchesne-academy-of-the-sacred-heart' WHERE page_name = 'duchesne-academy-of-the-sacred-heart-omaha-ne';
UPDATE schools SET old_page_name = 'duchesne-academy-of-the-sacred-heart' WHERE page_name = 'duchesne-academy-of-the-sacred-heart-houston-tx';
UPDATE schools SET old_page_name = 'duchesne-high-school' WHERE page_name = 'duchesne-high-school-saint-charles-mo';
UPDATE schools SET old_page_name = 'duke-school' WHERE page_name = 'duke-school-durham-nc';
UPDATE schools SET old_page_name = 'duluth-adventist-christian-school' WHERE page_name = 'duluth-adventist-christian-school-duluth-ga';
UPDATE schools SET old_page_name = 'dunn-school' WHERE page_name = 'dunn-school-los-olivos-ca';
UPDATE schools SET old_page_name = 'durham-academy' WHERE page_name = 'durham-academy-durham-nc';
UPDATE schools SET old_page_name = 'duscham-amish-school' WHERE page_name = 'duscham-amish-school-durand-wi';
UPDATE schools SET old_page_name = 'dutch-hill-parochial-school' WHERE page_name = 'dutch-hill-parochial-school-spartansburg-pa';
UPDATE schools SET old_page_name = 'dutchess-day-school' WHERE page_name = 'dutchess-day-school-millbrook-ny';
UPDATE schools SET old_page_name = 'dutton-christian-school' WHERE page_name = 'dutton-christian-school-caledonia-mi';
UPDATE schools SET old_page_name = 'dwight-baptist-academy' WHERE page_name = 'dwight-baptist-academy-dwight-il';
UPDATE schools SET old_page_name = 'dwight-school' WHERE page_name = 'dwight-school-new-york-ny';
UPDATE schools SET old_page_name = 'dynamite-montessori' WHERE page_name = 'dynamite-montessori-cave-creek-az';
UPDATE schools SET old_page_name = 'e-d-white-catholic-high-school' WHERE page_name = 'e-d-white-catholic-high-school-thibodaux-la';
UPDATE schools SET old_page_name = 'eac-montessori-school' WHERE page_name = 'eac-montessori-school-ithaca-ny';
UPDATE schools SET old_page_name = 'eagle-creek-academy' WHERE page_name = 'eagle-creek-academy-oakland-mi';
UPDATE schools SET old_page_name = 'eagle-heights-christian-academy' WHERE page_name = 'eagle-heights-christian-academy-pearland-tx';
UPDATE schools SET old_page_name = 'eagle-heights-christian-school' WHERE page_name = 'eagle-heights-christian-school-kansas-city-mo';
UPDATE schools SET old_page_name = 'eagle-hill-school' WHERE page_name = 'eagle-hill-school-greenwich-ct';
UPDATE schools SET old_page_name = 'eagle-hill-school' WHERE page_name = 'eagle-hill-school-hardwick-ma';
UPDATE schools SET old_page_name = 'eagle-point-christian-academy' WHERE page_name = 'eagle-point-christian-academy-sapulpa-ok';
UPDATE schools SET old_page_name = 'eagle-ridge-christian-school' WHERE page_name = 'eagle-ridge-christian-school-cape-girardeau-mo';
UPDATE schools SET old_page_name = 'eagle-river-christian-school' WHERE page_name = 'eagle-river-christian-school-eagle-river-ak';
UPDATE schools SET old_page_name = 'eagle-rock-montessori-school' WHERE page_name = 'eagle-rock-montessori-school-los-angeles-ca';
UPDATE schools SET old_page_name = 'eagle-schools' WHERE page_name = 'eagle-schools-richland-center-wi';
UPDATE schools SET old_page_name = 'eagles-view-academy' WHERE page_name = 'eagles-view-academy-jacksonville-fl';
UPDATE schools SET old_page_name = 'early-childhood-center' WHERE page_name = 'early-childhood-center-cincinnati-oh';
UPDATE schools SET old_page_name = 'early-childhood-develop-center' WHERE page_name = 'early-childhood-develop-center-notre-dame-in';
UPDATE schools SET old_page_name = 'early-view-academy-of-excellence' WHERE page_name = 'early-view-academy-of-excellence-milwaukee-wi';
UPDATE schools SET old_page_name = 'early-world-childrens-school' WHERE page_name = 'early-world-childrens-school-bellevue-wa';
UPDATE schools SET old_page_name = 'easley-christian-school' WHERE page_name = 'easley-christian-school-easley-sc';
UPDATE schools SET old_page_name = 'east-aurora-montessori-school' WHERE page_name = 'east-aurora-montessori-school-east-aurora-ny';
UPDATE schools SET old_page_name = 'east-boston-central-catholic-school' WHERE page_name = 'east-boston-central-catholic-school-east-boston-ma';
UPDATE schools SET old_page_name = 'east-burke-school' WHERE page_name = 'east-burke-school-east-burke-vt';
UPDATE schools SET old_page_name = 'east-cobb-christian-school' WHERE page_name = 'east-cobb-christian-school-marietta-ga';
UPDATE schools SET old_page_name = 'east-dayton-christian-school' WHERE page_name = 'east-dayton-christian-school-dayton-oh';
UPDATE schools SET old_page_name = 'east-dover-school' WHERE page_name = 'east-dover-school-clare-mi';
UPDATE schools SET old_page_name = 'east-end-academy' WHERE page_name = 'east-end-academy-newport-news-va';
UPDATE schools SET old_page_name = 'east-gate-christian-academy' WHERE page_name = 'east-gate-christian-academy-fall-river-ma';
UPDATE schools SET old_page_name = 'east-harlem-school-at-exodus-house' WHERE page_name = 'east-harlem-school-at-exodus-house-new-york-ny';
UPDATE schools SET old_page_name = 'east-hill-christian-school' WHERE page_name = 'east-hill-christian-school-pensacola-fl';
UPDATE schools SET old_page_name = 'east-locke-school' WHERE page_name = 'east-locke-school-nappanee-in';
UPDATE schools SET old_page_name = 'east-martin-christian-school' WHERE page_name = 'east-martin-christian-school-martin-mi';
UPDATE schools SET old_page_name = 'east-palmyra-christian-school' WHERE page_name = 'east-palmyra-christian-school-palmyra-ny';
UPDATE schools SET old_page_name = 'east-pasco-adventist-academy' WHERE page_name = 'east-pasco-adventist-academy-dade-city-fl';
UPDATE schools SET old_page_name = 'east-ridgeville-parochial-school' WHERE page_name = 'east-ridgeville-parochial-school-wilton-wi';
UPDATE schools SET old_page_name = 'east-salem-parochial-school' WHERE page_name = 'east-salem-parochial-school-salem-in';
UPDATE schools SET old_page_name = 'east-shore-montessori-school' WHERE page_name = 'east-shore-montessori-school-harrisburg-pa';
UPDATE schools SET old_page_name = 'east-valley-academy' WHERE page_name = 'east-valley-academy-east-randolph-vt';
UPDATE schools SET old_page_name = 'east-valley-christian-school' WHERE page_name = 'east-valley-christian-school-san-jose-ca';
UPDATE schools SET old_page_name = 'east-woods-school' WHERE page_name = 'east-woods-school-oyster-bay-ny';
UPDATE schools SET old_page_name = 'eastbrook-academy' WHERE page_name = 'eastbrook-academy-milwaukee-wi';
UPDATE schools SET old_page_name = 'easter-seals-of-southeastern-pa' WHERE page_name = 'easter-seals-of-southeastern-pa-philadelphia-pa';
UPDATE schools SET old_page_name = 'eastern-christian-elementary-school' WHERE page_name = 'eastern-christian-elementary-school-midland-park-nj';
UPDATE schools SET old_page_name = 'eastern-christian-middle-school' WHERE page_name = 'eastern-christian-middle-school-wyckoff-nj';
UPDATE schools SET old_page_name = 'eastern-hills-christian-academy' WHERE page_name = 'eastern-hills-christian-academy-albuquerque-nm';
UPDATE schools SET old_page_name = 'eastlake-church-children-center' WHERE page_name = 'eastlake-church-children-center-chula-vista-ca';
UPDATE schools SET old_page_name = 'eastlake-montessori-school' WHERE page_name = 'eastlake-montessori-school-eastlake-co';
UPDATE schools SET old_page_name = 'eastland-christian-school' WHERE page_name = 'eastland-christian-school-orlando-fl';
UPDATE schools SET old_page_name = 'easton-country-day-school' WHERE page_name = 'easton-country-day-school-north-easton-ma';
UPDATE schools SET old_page_name = 'eastside-academy' WHERE page_name = 'eastside-academy-bellevue-wa';
UPDATE schools SET old_page_name = 'eastside-christian-school' WHERE page_name = 'eastside-christian-school-bellevue-wa';
UPDATE schools SET old_page_name = 'eastside-christian-school' WHERE page_name = 'eastside-christian-school-grand-rapids-mi';
UPDATE schools SET old_page_name = 'eastside-college-preparatory-school' WHERE page_name = 'eastside-college-preparatory-school-east-palo-alto-ca';
UPDATE schools SET old_page_name = 'eastside-lutheran-school' WHERE page_name = 'eastside-lutheran-school-madison-wi';
UPDATE schools SET old_page_name = 'eastside-preparatory-school' WHERE page_name = 'eastside-preparatory-school-kirkland-wa';
UPDATE schools SET old_page_name = 'eastwood-christian-school' WHERE page_name = 'eastwood-christian-school-montgomery-al';
UPDATE schools SET old_page_name = 'eau-claire-academy' WHERE page_name = 'eau-claire-academy-eau-claire-wi';
UPDATE schools SET old_page_name = 'ebenezer-christian-school' WHERE page_name = 'ebenezer-christian-school-ellsworth-mi';
UPDATE schools SET old_page_name = 'ebenezer-christian-school' WHERE page_name = 'ebenezer-christian-school-lynden-wa';
UPDATE schools SET old_page_name = 'ebenezer-international-christian-academy' WHERE page_name = 'ebenezer-international-christian-academy-hialeah-fl';
UPDATE schools SET old_page_name = 'ebenezer-preparatory-school' WHERE page_name = 'ebenezer-preparatory-school-brooklyn-ny';
UPDATE schools SET old_page_name = 'ebridge-montessori-school' WHERE page_name = 'ebridge-montessori-school-westborough-ma';
UPDATE schools SET old_page_name = 'eclc-of-new-jersey' WHERE page_name = 'eclc-of-new-jersey-chatham-nj';
UPDATE schools SET old_page_name = 'ecole-bilingue-de-la-nouvelle-orleans' WHERE page_name = 'ecole-bilingue-de-la-nouvelle-orleans-new-orleans-la';
UPDATE schools SET old_page_name = 'edc-academy-of-excellence' WHERE page_name = 'edc-academy-of-excellence-miami-fl';
UPDATE schools SET old_page_name = 'eden-christian-academy' WHERE page_name = 'eden-christian-academy-pittsburgh-pa';
UPDATE schools SET old_page_name = 'eden-ii-school' WHERE page_name = 'eden-ii-school-staten-island-ny';
UPDATE schools SET old_page_name = 'eden-prairie-montessori-learning-center' WHERE page_name = 'eden-prairie-montessori-learning-center-eden-prairie-mn';
UPDATE schools SET old_page_name = 'edenville-sda-elementary-school' WHERE page_name = 'edenville-sda-elementary-school-edenville-mi';
UPDATE schools SET old_page_name = 'edgewood-academy' WHERE page_name = 'edgewood-academy-elmore-al';
UPDATE schools SET old_page_name = 'edgewood-campus-school' WHERE page_name = 'edgewood-campus-school-madison-wi';
UPDATE schools SET old_page_name = 'edgewood-preprimary-academy' WHERE page_name = 'edgewood-preprimary-academy-tustin-ca';
UPDATE schools SET old_page_name = 'edgewood-school' WHERE page_name = 'edgewood-school-dayton-va';
UPDATE schools SET old_page_name = 'edinboro-early-school' WHERE page_name = 'edinboro-early-school-severna-park-md';
UPDATE schools SET old_page_name = 'edlin-school' WHERE page_name = 'edlin-school-reston-va';
UPDATE schools SET old_page_name = 'edmund-burke-academy' WHERE page_name = 'edmund-burke-academy-waynesboro-ga';
UPDATE schools SET old_page_name = 'edmund-burke-school' WHERE page_name = 'edmund-burke-school-washington-dc';
UPDATE schools SET old_page_name = 'edward-rd-baptist-church-kindergarten' WHERE page_name = 'edward-rd-baptist-church-kindergarten-greenville-sc';
UPDATE schools SET old_page_name = 'effica-school-of-montessori' WHERE page_name = 'effica-school-of-montessori-centerville-oh';
UPDATE schools SET old_page_name = 'egremont-schools' WHERE page_name = 'egremont-schools-chatsworth-ca';
UPDATE schools SET old_page_name = 'einstein-montessori-academy' WHERE page_name = 'einstein-montessori-academy-cocoa-fl';
UPDATE schools SET old_page_name = 'el-bethel-christian-academy' WHERE page_name = 'el-bethel-christian-academy-orlando-fl';
UPDATE schools SET old_page_name = 'el-dorado-adventist-school' WHERE page_name = 'el-dorado-adventist-school-placerville-ca';
UPDATE schools SET old_page_name = 'el-paso-bridges-academy' WHERE page_name = 'el-paso-bridges-academy-el-paso-tx';
UPDATE schools SET old_page_name = 'el-paso-country-day-school' WHERE page_name = 'el-paso-country-day-school-el-paso-tx';
UPDATE schools SET old_page_name = 'el-rancho-school' WHERE page_name = 'el-rancho-school-carmichael-ca';
UPDATE schools SET old_page_name = 'el-sobrante-christian-school' WHERE page_name = 'el-sobrante-christian-school-el-sobrante-ca';
UPDATE schools SET old_page_name = 'el-vista-baptist-academy' WHERE page_name = 'el-vista-baptist-academy-peoria-il';
UPDATE schools SET old_page_name = 'eleanor-briggs-school' WHERE page_name = 'eleanor-briggs-school-warwick-ri';
UPDATE schools SET old_page_name = 'elegant-child-early-learning-center' WHERE page_name = 'elegant-child-early-learning-center-wildwood-mo';
UPDATE schools SET old_page_name = 'elfers-christian-school' WHERE page_name = 'elfers-christian-school-new-port-richey-fl';
UPDATE schools SET old_page_name = 'eliada-academy' WHERE page_name = 'eliada-academy-asheville-nc';
UPDATE schools SET old_page_name = 'elijah-house-academy' WHERE page_name = 'elijah-house-academy-richmond-va';
UPDATE schools SET old_page_name = 'elim-christian-school' WHERE page_name = 'elim-christian-school-crestwood-il';
UPDATE schools SET old_page_name = 'elite-preparatory-academy' WHERE page_name = 'elite-preparatory-academy-orlando-fl';
UPDATE schools SET old_page_name = 'elizabeth-ives-school-for-special-children' WHERE page_name = 'elizabeth-ives-school-for-special-children-north-haven-ct';
UPDATE schools SET old_page_name = 'elizabeth-seton-high-school' WHERE page_name = 'elizabeth-seton-high-school-bladensburg-md';
UPDATE schools SET old_page_name = 'elizabeth-seton-montessori-school' WHERE page_name = 'elizabeth-seton-montessori-school-greensburg-pa';
UPDATE schools SET old_page_name = 'elk-county-catholic-high-school' WHERE page_name = 'elk-county-catholic-high-school-saint-marys-pa';
UPDATE schools SET old_page_name = 'elk-creek-school' WHERE page_name = 'elk-creek-school-oxford-pa';
UPDATE schools SET old_page_name = 'elk-grove-montessori-school' WHERE page_name = 'elk-grove-montessori-school-elk-grove-ca';
UPDATE schools SET old_page_name = 'elk-valley-christian-school' WHERE page_name = 'elk-valley-christian-school-elkview-wv';
UPDATE schools SET old_page_name = 'elkhart-christian-academy' WHERE page_name = 'elkhart-christian-academy-elkhart-in';
UPDATE schools SET old_page_name = 'ellensburg-christian-school' WHERE page_name = 'ellensburg-christian-school-ellensburg-wa';
UPDATE schools SET old_page_name = 'elliott-institute' WHERE page_name = 'elliott-institute-la-crescenta-ca';
UPDATE schools SET old_page_name = 'ellis-school' WHERE page_name = 'ellis-school-pittsburgh-pa';
UPDATE schools SET old_page_name = 'elmhurst-learning-center' WHERE page_name = 'elmhurst-learning-center-hayward-ca';
UPDATE schools SET old_page_name = 'elmview-school' WHERE page_name = 'elmview-school-topeka-in';
UPDATE schools SET old_page_name = 'elmwood-baptist-academy' WHERE page_name = 'elmwood-baptist-academy-brighton-co';
UPDATE schools SET old_page_name = 'elmwood-franklin-school' WHERE page_name = 'elmwood-franklin-school-buffalo-ny';
UPDATE schools SET old_page_name = 'elvaton-christian-academy' WHERE page_name = 'elvaton-christian-academy-millersville-md';
UPDATE schools SET old_page_name = 'elyria-christian-school' WHERE page_name = 'elyria-christian-school-mcpherson-ks';
UPDATE schools SET old_page_name = 'emanuel-lutheran-school' WHERE page_name = 'emanuel-lutheran-school-new-london-wi';
UPDATE schools SET old_page_name = 'emanuel-lutheran-school' WHERE page_name = 'emanuel-lutheran-school-lansing-mi';
UPDATE schools SET old_page_name = 'emanuel-lutheran-school' WHERE page_name = 'emanuel-lutheran-school-hamburg-mn';
UPDATE schools SET old_page_name = 'emerald-christian-academy' WHERE page_name = 'emerald-christian-academy-pleasant-hill-or';
UPDATE schools SET old_page_name = 'emerald-heights-academy' WHERE page_name = 'emerald-heights-academy-issaquah-wa';
UPDATE schools SET old_page_name = 'emerald-hills-school' WHERE page_name = 'emerald-hills-school-hollywood-fl';
UPDATE schools SET old_page_name = 'emerson-school' WHERE page_name = 'emerson-school-ann-arbor-mi';
UPDATE schools SET old_page_name = 'emerson-school' WHERE page_name = 'emerson-school-palo-alto-ca';
UPDATE schools SET old_page_name = 'emerson-waldorf-school' WHERE page_name = 'emerson-waldorf-school-chapel-hill-nc';
UPDATE schools SET old_page_name = 'emma-l-minnis-junior-academy' WHERE page_name = 'emma-l-minnis-junior-academy-louisville-ky';
UPDATE schools SET old_page_name = 'emma-willard-school' WHERE page_name = 'emma-willard-school-troy-ny';
UPDATE schools SET old_page_name = 'emmanuel-baptist-academy' WHERE page_name = 'emmanuel-baptist-academy-penn-yan-ny';
UPDATE schools SET old_page_name = 'emmanuel-baptist-academy' WHERE page_name = 'emmanuel-baptist-academy-valparaiso-in';
UPDATE schools SET old_page_name = 'emmanuel-christian-academy' WHERE page_name = 'emmanuel-christian-academy-kingman-az';
UPDATE schools SET old_page_name = 'emmanuel-christian-academy' WHERE page_name = 'emmanuel-christian-academy-newington-ct';
UPDATE schools SET old_page_name = 'emmanuel-christian-academy' WHERE page_name = 'emmanuel-christian-academy-springfield-oh';
UPDATE schools SET old_page_name = 'emmanuel-christian-school' WHERE page_name = 'emmanuel-christian-school-enid-ok';
UPDATE schools SET old_page_name = 'emmanuel-christian-school' WHERE page_name = 'emmanuel-christian-school-gonzales-tx';
UPDATE schools SET old_page_name = 'emmanuel-christian-school' WHERE page_name = 'emmanuel-christian-school-toledo-oh';
UPDATE schools SET old_page_name = 'emmanuel-christian-school' WHERE page_name = 'emmanuel-christian-school-hartsville-sc';
UPDATE schools SET old_page_name = 'emmanuel-christian-school' WHERE page_name = 'emmanuel-christian-school-clarksburg-wv';
UPDATE schools SET old_page_name = 'emmanuel-christian-school' WHERE page_name = 'emmanuel-christian-school-wabash-in';
UPDATE schools SET old_page_name = 'emmanuel-christian-school' WHERE page_name = 'emmanuel-christian-school-jackson-ms';
UPDATE schools SET old_page_name = 'emmanuel-christian-school' WHERE page_name = 'emmanuel-christian-school-abingdon-va';
UPDATE schools SET old_page_name = 'emmanuel-lutheran-school' WHERE page_name = 'emmanuel-lutheran-school-dearborn-mi';
UPDATE schools SET old_page_name = 'emmanuel-lutheran-school' WHERE page_name = 'emmanuel-lutheran-school-asheville-nc';
UPDATE schools SET old_page_name = 'emmanuel-lutheran-school' WHERE page_name = 'emmanuel-lutheran-school-kahului-hi';
UPDATE schools SET old_page_name = 'emmanuel-lutheran-school' WHERE page_name = 'emmanuel-lutheran-school-baltimore-md';
UPDATE schools SET old_page_name = 'emmanuel-united-methodist-kindergarten' WHERE page_name = 'emmanuel-united-methodist-kindergarten-memphis-tn';
UPDATE schools SET old_page_name = 'emmaus-baptist-academy' WHERE page_name = 'emmaus-baptist-academy-emmaus-pa';
UPDATE schools SET old_page_name = 'emmaus-lutheran-school' WHERE page_name = 'emmaus-lutheran-school-phoenix-az';
UPDATE schools SET old_page_name = 'emmaus-lutheran-school' WHERE page_name = 'emmaus-lutheran-school-alhambra-ca';
UPDATE schools SET old_page_name = 'emmaus-lutheran-school' WHERE page_name = 'emmaus-lutheran-school-fort-wayne-in';
UPDATE schools SET old_page_name = 'emmaus-lutheran-school' WHERE page_name = 'emmaus-lutheran-school-indianapolis-in';
UPDATE schools SET old_page_name = 'emmetsburg-catholic-school' WHERE page_name = 'emmetsburg-catholic-school-emmetsburg-ia';
UPDATE schools SET old_page_name = 'emmorton-baptist-academy' WHERE page_name = 'emmorton-baptist-academy-bel-air-md';
UPDATE schools SET old_page_name = 'encinitas-country-day-school' WHERE page_name = 'encinitas-country-day-school-encinitas-ca';
UPDATE schools SET old_page_name = 'endless-mountains-christian-academy' WHERE page_name = 'endless-mountains-christian-academy-tunkhannock-pa';
UPDATE schools SET old_page_name = 'engle-creek-amish-school' WHERE page_name = 'engle-creek-amish-school-geneva-in';
UPDATE schools SET old_page_name = 'engleside-christian-school' WHERE page_name = 'engleside-christian-school-alexandria-va';
UPDATE schools SET old_page_name = 'english-creek-academy' WHERE page_name = 'english-creek-academy-egg-harbor-township-nj';
UPDATE schools SET old_page_name = 'english-rose-day-school' WHERE page_name = 'english-rose-day-school-washingtonville-ny';
UPDATE schools SET old_page_name = 'ephesus-academy' WHERE page_name = 'ephesus-academy-birmingham-al';
UPDATE schools SET old_page_name = 'epiphany-cathedral-school' WHERE page_name = 'epiphany-cathedral-school-venice-fl';
UPDATE schools SET old_page_name = 'epiphany-catholic-school' WHERE page_name = 'epiphany-catholic-school-lake-city-fl';
UPDATE schools SET old_page_name = 'epiphany-catholic-school' WHERE page_name = 'epiphany-catholic-school-south-el-monte-ca';
UPDATE schools SET old_page_name = 'epiphany-catholic-school' WHERE page_name = 'epiphany-catholic-school-culpeper-va';
UPDATE schools SET old_page_name = 'epiphany-day-school' WHERE page_name = 'epiphany-day-school-new-iberia-la';
UPDATE schools SET old_page_name = 'epiphany-school' WHERE page_name = 'epiphany-school-sayre-pa';
UPDATE schools SET old_page_name = 'epiphany-school' WHERE page_name = 'epiphany-school-seattle-wa';
UPDATE schools SET old_page_name = 'epiphany-school' WHERE page_name = 'epiphany-school-coon-rapids-mn';
UPDATE schools SET old_page_name = 'epiphany-school' WHERE page_name = 'epiphany-school-dorchester-center-ma';
UPDATE schools SET old_page_name = 'episcopal-day-school' WHERE page_name = 'episcopal-day-school-augusta-ga';
UPDATE schools SET old_page_name = 'episcopal-day-school' WHERE page_name = 'episcopal-day-school-southern-pines-nc';
UPDATE schools SET old_page_name = 'episcopal-day-school' WHERE page_name = 'episcopal-day-school-brownsville-tx';
UPDATE schools SET old_page_name = 'episcopal-day-school-of-christ-church-parish' WHERE page_name = 'episcopal-day-school-of-christ-church-parish-pensacola-fl';
UPDATE schools SET old_page_name = 'episcopal-high-school' WHERE page_name = 'episcopal-high-school-bellaire-tx';
UPDATE schools SET old_page_name = 'episcopal-high-school' WHERE page_name = 'episcopal-high-school-alexandria-va';
UPDATE schools SET old_page_name = 'episcopal-high-school' WHERE page_name = 'episcopal-high-school-baton-rouge-la';
UPDATE schools SET old_page_name = 'episcopal-school-of-acadiana' WHERE page_name = 'episcopal-school-of-acadiana-cade-la';
UPDATE schools SET old_page_name = 'episcopal-school-of-dallas-pk-12' WHERE page_name = 'episcopal-school-of-dallas-pk-12-dallas-tx';
UPDATE schools SET old_page_name = 'epworth-christian-school' WHERE page_name = 'epworth-christian-school-laurel-de';
UPDATE schools SET old_page_name = 'erial-community-church-christian-school' WHERE page_name = 'erial-community-church-christian-school-erial-nj';
UPDATE schools SET old_page_name = 'erie-day-school' WHERE page_name = 'erie-day-school-erie-pa';
UPDATE schools SET old_page_name = 'erie-first-christian-academy' WHERE page_name = 'erie-first-christian-academy-erie-pa';
UPDATE schools SET old_page_name = 'erskine-academy' WHERE page_name = 'erskine-academy-south-china-me';
UPDATE schools SET old_page_name = 'escuela-bilingue-internacional' WHERE page_name = 'escuela-bilingue-internacional-oakland-ca';
UPDATE schools SET old_page_name = 'escuela-del-sol-montessori-school' WHERE page_name = 'escuela-del-sol-montessori-school-albuquerque-nm';
UPDATE schools SET old_page_name = 'espree-child-learning-center' WHERE page_name = 'espree-child-learning-center-highlands-ranch-co';
UPDATE schools SET old_page_name = 'esprit-de-corps-center-for-learning' WHERE page_name = 'esprit-de-corps-center-for-learning-jacksonville-fl';
UPDATE schools SET old_page_name = 'esprit-international-school' WHERE page_name = 'esprit-international-school-the-woodlands-tx';
UPDATE schools SET old_page_name = 'essex-valley-school' WHERE page_name = 'essex-valley-school-west-caldwell-nj';
UPDATE schools SET old_page_name = 'esthers-school' WHERE page_name = 'esthers-school-hudson-fl';
UPDATE schools SET old_page_name = 'eternity-christian-school' WHERE page_name = 'eternity-christian-school-houston-tx';
UPDATE schools SET old_page_name = 'eton-school' WHERE page_name = 'eton-school-bellevue-wa';
UPDATE schools SET old_page_name = 'eugene-christian-school' WHERE page_name = 'eugene-christian-school-eugene-or';
UPDATE schools SET old_page_name = 'eugene-montessori-school' WHERE page_name = 'eugene-montessori-school-eugene-or';
UPDATE schools SET old_page_name = 'eugene-waldorf-school' WHERE page_name = 'eugene-waldorf-school-eugene-or';
UPDATE schools SET old_page_name = 'eunice-christian-school' WHERE page_name = 'eunice-christian-school-jacksonville-fl';
UPDATE schools SET old_page_name = 'eunice-holiness-academy' WHERE page_name = 'eunice-holiness-academy-eunice-nm';
UPDATE schools SET old_page_name = 'eureka-learning-center' WHERE page_name = 'eureka-learning-center-san-francisco-ca';
UPDATE schools SET old_page_name = 'european-academy-of-early-education' WHERE page_name = 'european-academy-of-early-education-nokomis-fl';
UPDATE schools SET old_page_name = 'evangel-christian-academy' WHERE page_name = 'evangel-christian-academy-albuquerque-nm';
UPDATE schools SET old_page_name = 'evangel-christian-academy' WHERE page_name = 'evangel-christian-academy-shreveport-la';
UPDATE schools SET old_page_name = 'evangel-christian-academy' WHERE page_name = 'evangel-christian-academy-montgomery-al';
UPDATE schools SET old_page_name = 'evangel-christian-school' WHERE page_name = 'evangel-christian-school-dale-city-va';
UPDATE schools SET old_page_name = 'evangel-christian-school' WHERE page_name = 'evangel-christian-school-louisville-ky';
UPDATE schools SET old_page_name = 'evangel-christian-school' WHERE page_name = 'evangel-christian-school-saraland-al';
UPDATE schools SET old_page_name = 'evangel-classical-christian-school' WHERE page_name = 'evangel-classical-christian-school-alabaster-al';
UPDATE schools SET old_page_name = 'evangel-temple-christian-academy' WHERE page_name = 'evangel-temple-christian-academy-morrow-ga';
UPDATE schools SET old_page_name = 'evangelical-christian-academy' WHERE page_name = 'evangelical-christian-academy-colorado-springs-co';
UPDATE schools SET old_page_name = 'evangelical-christian-school' WHERE page_name = 'evangelical-christian-school-fort-myers-fl';
UPDATE schools SET old_page_name = 'evangelical-school' WHERE page_name = 'evangelical-school-godfrey-il';
UPDATE schools SET old_page_name = 'evansville-christian-school' WHERE page_name = 'evansville-christian-school-newburgh-in';
UPDATE schools SET old_page_name = 'evansville-day-school' WHERE page_name = 'evansville-day-school-evansville-in';
UPDATE schools SET old_page_name = 'everest-academy' WHERE page_name = 'everest-academy-clarkston-mi';
UPDATE schools SET old_page_name = 'everett-christian-school' WHERE page_name = 'everett-christian-school-everett-wa';
UPDATE schools SET old_page_name = 'evergreen-academy' WHERE page_name = 'evergreen-academy-bothell-wa';
UPDATE schools SET old_page_name = 'evergreen-center' WHERE page_name = 'evergreen-center-milford-ma';
UPDATE schools SET old_page_name = 'evergreen-christian-school' WHERE page_name = 'evergreen-christian-school-olympia-wa';
UPDATE schools SET old_page_name = 'evergreen-country-day-school' WHERE page_name = 'evergreen-country-day-school-evergreen-co';
UPDATE schools SET old_page_name = 'evergreen-lutheran-high-school' WHERE page_name = 'evergreen-lutheran-high-school-tacoma-wa';
UPDATE schools SET old_page_name = 'evergreen-montessori-school' WHERE page_name = 'evergreen-montessori-school-silver-spring-md';
UPDATE schools SET old_page_name = 'ewing-adventist-junior-academy' WHERE page_name = 'ewing-adventist-junior-academy-bonnerdale-ar';
UPDATE schools SET old_page_name = 'excel-adventist-academy' WHERE page_name = 'excel-adventist-academy-missouri-city-tx';
UPDATE schools SET old_page_name = 'excel-christian-school' WHERE page_name = 'excel-christian-school-sparks-nv';
UPDATE schools SET old_page_name = 'excellence-christian-school' WHERE page_name = 'excellence-christian-school-upper-marlboro-md';
UPDATE schools SET old_page_name = 'excelsior-academy' WHERE page_name = 'excelsior-academy-la-mesa-ca';
UPDATE schools SET old_page_name = 'excelsior-artz-preparatory-school' WHERE page_name = 'excelsior-artz-preparatory-school-coral-springs-fl';
UPDATE schools SET old_page_name = 'excelsior-school' WHERE page_name = 'excelsior-school-arcadia-ca';
UPDATE schools SET old_page_name = 'executive-child-development-center' WHERE page_name = 'executive-child-development-center-rockville-md';
UPDATE schools SET old_page_name = 'explorations-academy' WHERE page_name = 'explorations-academy-bellingham-wa';
UPDATE schools SET old_page_name = 'explorer-west-middle-school' WHERE page_name = 'explorer-west-middle-school-seattle-wa';
UPDATE schools SET old_page_name = 'ezra-academy' WHERE page_name = 'ezra-academy-forest-hills-ny';
UPDATE schools SET old_page_name = 'ezra-academy' WHERE page_name = 'ezra-academy-woodbridge-ct';
UPDATE schools SET old_page_name = 'factoryville-christian-school' WHERE page_name = 'factoryville-christian-school-athens-mi';
UPDATE schools SET old_page_name = 'fair-acres-country-day-school' WHERE page_name = 'fair-acres-country-day-school-marstons-mills-ma';
UPDATE schools SET old_page_name = 'fairbanks-montessori-association' WHERE page_name = 'fairbanks-montessori-association-fairbanks-ak';
UPDATE schools SET old_page_name = 'fairfax-christian-school' WHERE page_name = 'fairfax-christian-school-dulles-va';
UPDATE schools SET old_page_name = 'fairfield-christian-academy' WHERE page_name = 'fairfield-christian-academy-lancaster-oh';
UPDATE schools SET old_page_name = 'fairfield-college-preparatory' WHERE page_name = 'fairfield-college-preparatory-fairfield-ct';
UPDATE schools SET old_page_name = 'fairfield-country-day-school' WHERE page_name = 'fairfield-country-day-school-fairfield-ct';
UPDATE schools SET old_page_name = 'fairfield-county-sda-school' WHERE page_name = 'fairfield-county-sda-school-bridgeport-ct';
UPDATE schools SET old_page_name = 'fairhaven-christian-school' WHERE page_name = 'fairhaven-christian-school-gap-pa';
UPDATE schools SET old_page_name = 'fairhaven-school' WHERE page_name = 'fairhaven-school-upper-marlboro-md';
UPDATE schools SET old_page_name = 'fairhaven-sda-school' WHERE page_name = 'fairhaven-sda-school-flint-mi';
UPDATE schools SET old_page_name = 'fairhill-christian-school' WHERE page_name = 'fairhill-christian-school-fairbanks-ak';
UPDATE schools SET old_page_name = 'fairmont-catholic-grade-school' WHERE page_name = 'fairmont-catholic-grade-school-fairmont-wv';
UPDATE schools SET old_page_name = 'fairmont-private-school' WHERE page_name = 'fairmont-private-school-fresno-ca';
UPDATE schools SET old_page_name = 'fairton-christian-center' WHERE page_name = 'fairton-christian-center-fairton-nj';
UPDATE schools SET old_page_name = 'fairview-amish-school' WHERE page_name = 'fairview-amish-school-loogootee-in';
UPDATE schools SET old_page_name = 'fairview-christian-academy' WHERE page_name = 'fairview-christian-academy-athens-tn';
UPDATE schools SET old_page_name = 'fairview-christian-school' WHERE page_name = 'fairview-christian-school-reading-pa';
UPDATE schools SET old_page_name = 'fairview-parochial-school' WHERE page_name = 'fairview-parochial-school-lititz-pa';
UPDATE schools SET old_page_name = 'fairwinds-christian-school' WHERE page_name = 'fairwinds-christian-school-bear-de';
UPDATE schools SET old_page_name = 'faith-academy' WHERE page_name = 'faith-academy-victoria-tx';
UPDATE schools SET old_page_name = 'faith-academy' WHERE page_name = 'faith-academy-jacksonville-fl';
UPDATE schools SET old_page_name = 'faith-academy' WHERE page_name = 'faith-academy-imperial-ca';
UPDATE schools SET old_page_name = 'faith-academy' WHERE page_name = 'faith-academy-pearl-ms';
UPDATE schools SET old_page_name = 'faith-academy' WHERE page_name = 'faith-academy-mobile-al';
UPDATE schools SET old_page_name = 'faith-academy' WHERE page_name = 'faith-academy-saint-louis-mo';
UPDATE schools SET old_page_name = 'faith-academy' WHERE page_name = 'faith-academy-loganville-ga';
UPDATE schools SET old_page_name = 'faith-academy-of-marble-falls' WHERE page_name = 'faith-academy-of-marble-falls-marble-falls-tx';
UPDATE schools SET old_page_name = 'faith-assembly-christian-academy' WHERE page_name = 'faith-assembly-christian-academy-durham-nc';
UPDATE schools SET old_page_name = 'faith-baptist-academy' WHERE page_name = 'faith-baptist-academy-margate-fl';
UPDATE schools SET old_page_name = 'faith-baptist-academy' WHERE page_name = 'faith-baptist-academy-wildomar-ca';
UPDATE schools SET old_page_name = 'faith-baptist-academy' WHERE page_name = 'faith-baptist-academy-franklin-ky';
UPDATE schools SET old_page_name = 'faith-baptist-academy' WHERE page_name = 'faith-baptist-academy-layton-ut';
UPDATE schools SET old_page_name = 'faith-baptist-academy' WHERE page_name = 'faith-baptist-academy-spokane-wa';
UPDATE schools SET old_page_name = 'faith-baptist-christian-academy' WHERE page_name = 'faith-baptist-christian-academy-fairless-hills-pa';
UPDATE schools SET old_page_name = 'faith-baptist-christian-academy' WHERE page_name = 'faith-baptist-christian-academy-ludowici-ga';
UPDATE schools SET old_page_name = 'faith-baptist-christian-school' WHERE page_name = 'faith-baptist-christian-school-pekin-il';
UPDATE schools SET old_page_name = 'faith-baptist-school' WHERE page_name = 'faith-baptist-school-davison-mi';
UPDATE schools SET old_page_name = 'faith-baptist-school' WHERE page_name = 'faith-baptist-school-salisbury-md';
UPDATE schools SET old_page_name = 'faith-bible-academy' WHERE page_name = 'faith-bible-academy-sprakers-ny';
UPDATE schools SET old_page_name = 'faith-bible-christian-school' WHERE page_name = 'faith-bible-christian-school-hillsboro-or';
UPDATE schools SET old_page_name = 'faith-builders-christian-school' WHERE page_name = 'faith-builders-christian-school-guys-mills-pa';
UPDATE schools SET old_page_name = 'faith-christian-academy' WHERE page_name = 'faith-christian-academy-southfield-mi';
UPDATE schools SET old_page_name = 'faith-christian-academy' WHERE page_name = 'faith-christian-academy-martinsburg-wv';
UPDATE schools SET old_page_name = 'faith-christian-academy' WHERE page_name = 'faith-christian-academy-roanoke-al';
UPDATE schools SET old_page_name = 'faith-christian-academy' WHERE page_name = 'faith-christian-academy-gardnerville-nv';
UPDATE schools SET old_page_name = 'faith-christian-academy' WHERE page_name = 'faith-christian-academy-bartlett-tn';
UPDATE schools SET old_page_name = 'faith-christian-academy' WHERE page_name = 'faith-christian-academy-goldsboro-nc';
UPDATE schools SET old_page_name = 'faith-christian-academy' WHERE page_name = 'faith-christian-academy-waynesboro-ga';
UPDATE schools SET old_page_name = 'faith-christian-academy' WHERE page_name = 'faith-christian-academy-kansas-city-mo';
UPDATE schools SET old_page_name = 'faith-christian-academy' WHERE page_name = 'faith-christian-academy-kannapolis-nc';
UPDATE schools SET old_page_name = 'faith-christian-academy' WHERE page_name = 'faith-christian-academy-wharton-tx';
UPDATE schools SET old_page_name = 'faith-christian-academy' WHERE page_name = 'faith-christian-academy-effingham-sc';
UPDATE schools SET old_page_name = 'faith-christian-academy' WHERE page_name = 'faith-christian-academy-seneca-pa';
UPDATE schools SET old_page_name = 'faith-christian-academy' WHERE page_name = 'faith-christian-academy-orange-park-fl';
UPDATE schools SET old_page_name = 'faith-christian-academy' WHERE page_name = 'faith-christian-academy-charlottesville-va';
UPDATE schools SET old_page_name = 'faith-christian-academy' WHERE page_name = 'faith-christian-academy-morristown-tn';
UPDATE schools SET old_page_name = 'faith-christian-academy' WHERE page_name = 'faith-christian-academy-coalinga-ca';
UPDATE schools SET old_page_name = 'faith-christian-academy' WHERE page_name = 'faith-christian-academy-columbia-city-in';
UPDATE schools SET old_page_name = 'faith-christian-academy' WHERE page_name = 'faith-christian-academy-orlando-fl';
UPDATE schools SET old_page_name = 'faith-christian-academy' WHERE page_name = 'faith-christian-academy-spring-hill-fl';
UPDATE schools SET old_page_name = 'faith-christian-academy' WHERE page_name = 'faith-christian-academy-arvada-co';
UPDATE schools SET old_page_name = 'faith-christian-academy' WHERE page_name = 'faith-christian-academy-cheraw-sc';
UPDATE schools SET old_page_name = 'faith-christian-academy' WHERE page_name = 'faith-christian-academy-pasadena-tx';
UPDATE schools SET old_page_name = 'faith-christian-school' WHERE page_name = 'faith-christian-school-monticello-il';
UPDATE schools SET old_page_name = 'faith-christian-school' WHERE page_name = 'faith-christian-school-foreston-mn';
UPDATE schools SET old_page_name = 'faith-christian-school' WHERE page_name = 'faith-christian-school-williams-bay-wi';
UPDATE schools SET old_page_name = 'faith-christian-school' WHERE page_name = 'faith-christian-school-washington-pa';
UPDATE schools SET old_page_name = 'faith-christian-school' WHERE page_name = 'faith-christian-school-coleman-wi';
UPDATE schools SET old_page_name = 'faith-christian-school' WHERE page_name = 'faith-christian-school-spokane-mo';
UPDATE schools SET old_page_name = 'faith-christian-school' WHERE page_name = 'faith-christian-school-ramseur-nc';
UPDATE schools SET old_page_name = 'faith-christian-school' WHERE page_name = 'faith-christian-school-walhalla-sc';
UPDATE schools SET old_page_name = 'faith-christian-school' WHERE page_name = 'faith-christian-school-detroit-lakes-mn';
UPDATE schools SET old_page_name = 'faith-christian-school' WHERE page_name = 'faith-christian-school-lafayette-in';
UPDATE schools SET old_page_name = 'faith-christian-school' WHERE page_name = 'faith-christian-school-randolph-wi';
UPDATE schools SET old_page_name = 'faith-christian-school' WHERE page_name = 'faith-christian-school-roseto-pa';
UPDATE schools SET old_page_name = 'faith-christian-school' WHERE page_name = 'faith-christian-school-milton-in';
UPDATE schools SET old_page_name = 'faith-christian-school' WHERE page_name = 'faith-christian-school-gloucester-ma';
UPDATE schools SET old_page_name = 'faith-christian-school' WHERE page_name = 'faith-christian-school-dallas-or';
UPDATE schools SET old_page_name = 'faith-christian-school' WHERE page_name = 'faith-christian-school-sudlersville-md';
UPDATE schools SET old_page_name = 'faith-community-academy' WHERE page_name = 'faith-community-academy-tucson-az';
UPDATE schools SET old_page_name = 'faith-community-christian-school' WHERE page_name = 'faith-community-christian-school-belding-mi';
UPDATE schools SET old_page_name = 'faith-education-academy' WHERE page_name = 'faith-education-academy-dunn-nc';
UPDATE schools SET old_page_name = 'faith-fellowship-christian-school' WHERE page_name = 'faith-fellowship-christian-school-watertown-ny';
UPDATE schools SET old_page_name = 'faith-harvest-christian-academy' WHERE page_name = 'faith-harvest-christian-academy-kissimmee-fl';
UPDATE schools SET old_page_name = 'faith-hills-christian-school' WHERE page_name = 'faith-hills-christian-school-crockett-ky';
UPDATE schools SET old_page_name = 'faith-lutheran-academy' WHERE page_name = 'faith-lutheran-academy-las-vegas-nv';
UPDATE schools SET old_page_name = 'faith-lutheran-day-school' WHERE page_name = 'faith-lutheran-day-school-flower-mound-tx';
UPDATE schools SET old_page_name = 'faith-lutheran-day-school' WHERE page_name = 'faith-lutheran-day-school-bellaire-tx';
UPDATE schools SET old_page_name = 'faith-lutheran-school' WHERE page_name = 'faith-lutheran-school-lacey-wa';
UPDATE schools SET old_page_name = 'faith-lutheran-school' WHERE page_name = 'faith-lutheran-school-tacoma-wa';
UPDATE schools SET old_page_name = 'faith-lutheran-school' WHERE page_name = 'faith-lutheran-school-fond-du-lac-wi';
UPDATE schools SET old_page_name = 'faith-lutheran-school' WHERE page_name = 'faith-lutheran-school-markesan-wi';
UPDATE schools SET old_page_name = 'faith-lutheran-school' WHERE page_name = 'faith-lutheran-school-derby-ks';
UPDATE schools SET old_page_name = 'faith-lutheran-school' WHERE page_name = 'faith-lutheran-school-tucson-az';
UPDATE schools SET old_page_name = 'faith-lutheran-school' WHERE page_name = 'faith-lutheran-school-harahan-la';
UPDATE schools SET old_page_name = 'faith-lutheran-school' WHERE page_name = 'faith-lutheran-school-bay-city-mi';
UPDATE schools SET old_page_name = 'faith-lutheran-school' WHERE page_name = 'faith-lutheran-school-hialeah-fl';
UPDATE schools SET old_page_name = 'faith-lutheran-school' WHERE page_name = 'faith-lutheran-school-eustis-fl';
UPDATE schools SET old_page_name = 'faith-lutheran-school' WHERE page_name = 'faith-lutheran-school-marietta-ga';
UPDATE schools SET old_page_name = 'faith-lutheran-school' WHERE page_name = 'faith-lutheran-school-watertown-wi';
UPDATE schools SET old_page_name = 'faith-lutheran-school' WHERE page_name = 'faith-lutheran-school-lincoln-ne';
UPDATE schools SET old_page_name = 'faith-lutheran-school' WHERE page_name = 'faith-lutheran-school-kirksville-mo';
UPDATE schools SET old_page_name = 'faith-mennonite-high-school' WHERE page_name = 'faith-mennonite-high-school-kinzers-pa';
UPDATE schools SET old_page_name = 'faith-mountain-christian-academy' WHERE page_name = 'faith-mountain-christian-academy-hallstead-pa';
UPDATE schools SET old_page_name = 'faith-outreach-academy' WHERE page_name = 'faith-outreach-academy-tampa-fl';
UPDATE schools SET old_page_name = 'faith-outreach-education-center' WHERE page_name = 'faith-outreach-education-center-hampton-va';
UPDATE schools SET old_page_name = 'faith-tabernacle-school' WHERE page_name = 'faith-tabernacle-school-philadelphia-pa';
UPDATE schools SET old_page_name = 'faith-tabernacle-school' WHERE page_name = 'faith-tabernacle-school-mechanicsburg-pa';
UPDATE schools SET old_page_name = 'faith-west-academy' WHERE page_name = 'faith-west-academy-katy-tx';
UPDATE schools SET old_page_name = 'falk-laboratory-school' WHERE page_name = 'falk-laboratory-school-pittsburgh-pa';
UPDATE schools SET old_page_name = 'fallon-seventh-day-adventist-school' WHERE page_name = 'fallon-seventh-day-adventist-school-fallon-nv';
UPDATE schools SET old_page_name = 'falls-baptist-academy' WHERE page_name = 'falls-baptist-academy-menomonee-falls-wi';
UPDATE schools SET old_page_name = 'falls-church-episcopal-day-school' WHERE page_name = 'falls-church-episcopal-day-school-falls-church-va';
UPDATE schools SET old_page_name = 'falmouth-academy' WHERE page_name = 'falmouth-academy-falmouth-ma';
UPDATE schools SET old_page_name = 'false-river-academy' WHERE page_name = 'false-river-academy-new-roads-la';
UPDATE schools SET old_page_name = 'families-united-network-academy' WHERE page_name = 'families-united-network-academy-ocean-view-nj';
UPDATE schools SET old_page_name = 'family-christian-academy' WHERE page_name = 'family-christian-academy-baton-rouge-la';
UPDATE schools SET old_page_name = 'family-christian-school' WHERE page_name = 'family-christian-school-winter-garden-fl';
UPDATE schools SET old_page_name = 'family-christian-school' WHERE page_name = 'family-christian-school-jackson-tn';
UPDATE schools SET old_page_name = 'family-life-academy' WHERE page_name = 'family-life-academy-tucson-az';
UPDATE schools SET old_page_name = 'family-life-academy' WHERE page_name = 'family-life-academy-archer-fl';
UPDATE schools SET old_page_name = 'family-of-faith-christian-school' WHERE page_name = 'family-of-faith-christian-school-shawnee-ok';
UPDATE schools SET old_page_name = 'family-worship-christian-academy' WHERE page_name = 'family-worship-christian-academy-opelousas-la';
UPDATE schools SET old_page_name = 'far-brook-school' WHERE page_name = 'far-brook-school-short-hills-nj';
UPDATE schools SET old_page_name = 'far-horizons-montessori-school' WHERE page_name = 'far-horizons-montessori-school-eugene-or';
UPDATE schools SET old_page_name = 'faribault-lutheran-school' WHERE page_name = 'faribault-lutheran-school-faribault-mn';
UPDATE schools SET old_page_name = 'farm-lane-school' WHERE page_name = 'farm-lane-school-ickesburg-pa';
UPDATE schools SET old_page_name = 'farmersville-mennonite-school' WHERE page_name = 'farmersville-mennonite-school-ephrata-pa';
UPDATE schools SET old_page_name = 'farmington-mennonite-school' WHERE page_name = 'farmington-mennonite-school-farmington-nm';
UPDATE schools SET old_page_name = 'farmington-valley-academy-montessori' WHERE page_name = 'farmington-valley-academy-montessori-avon-ct';
UPDATE schools SET old_page_name = 'farmview-montessori-garden' WHERE page_name = 'farmview-montessori-garden-hamilton-oh';
UPDATE schools SET old_page_name = 'fasman-yeshiva-high-school' WHERE page_name = 'fasman-yeshiva-high-school-skokie-il';
UPDATE schools SET old_page_name = 'father-andrew-white-sj-school' WHERE page_name = 'father-andrew-white-sj-school-leonardtown-md';
UPDATE schools SET old_page_name = 'father-judge-high-school' WHERE page_name = 'father-judge-high-school-philadelphia-pa';
UPDATE schools SET old_page_name = 'father-lopez-catholic-high-school' WHERE page_name = 'father-lopez-catholic-high-school-daytona-beach-fl';
UPDATE schools SET old_page_name = 'father-ryan-high-school' WHERE page_name = 'father-ryan-high-school-nashville-tn';
UPDATE schools SET old_page_name = 'faulkner-springs-christian-school' WHERE page_name = 'faulkner-springs-christian-school-mc-minnville-tn';
UPDATE schools SET old_page_name = 'fay-school' WHERE page_name = 'fay-school-southborough-ma';
UPDATE schools SET old_page_name = 'fayerweather-street-school' WHERE page_name = 'fayerweather-street-school-cambridge-ma';
UPDATE schools SET old_page_name = 'fayette-academy' WHERE page_name = 'fayette-academy-somerville-tn';
UPDATE schools SET old_page_name = 'fayette-christian-school' WHERE page_name = 'fayette-christian-school-washington-court-house-oh';
UPDATE schools SET old_page_name = 'fayette-mennonite-school' WHERE page_name = 'fayette-mennonite-school-waterloo-ny';
UPDATE schools SET old_page_name = 'fayette-school' WHERE page_name = 'fayette-school-volant-pa';
UPDATE schools SET old_page_name = 'fayette-st-academy' WHERE page_name = 'fayette-st-academy-santa-fe-nm';
UPDATE schools SET old_page_name = 'feather-river-adventist-school' WHERE page_name = 'feather-river-adventist-school-oroville-ca';
UPDATE schools SET old_page_name = 'featherbed-lane-school-of-clark' WHERE page_name = 'featherbed-lane-school-of-clark-clark-nj';
UPDATE schools SET old_page_name = 'fecc-children-academy' WHERE page_name = 'fecc-children-academy-cerritos-ca';
UPDATE schools SET old_page_name = 'feed-my-sheep-christian-school' WHERE page_name = 'feed-my-sheep-christian-school-philippi-wv';
UPDATE schools SET old_page_name = 'fellowship-baptist-academy' WHERE page_name = 'fellowship-baptist-academy-carson-city-mi';
UPDATE schools SET old_page_name = 'fellowship-baptist-academy' WHERE page_name = 'fellowship-baptist-academy-new-port-richey-fl';
UPDATE schools SET old_page_name = 'fellowship-baptist-school' WHERE page_name = 'fellowship-baptist-school-liberal-ks';
UPDATE schools SET old_page_name = 'fellowship-christian-academy' WHERE page_name = 'fellowship-christian-academy-jacksonville-nc';
UPDATE schools SET old_page_name = 'fellowship-christian-academy' WHERE page_name = 'fellowship-christian-academy-sugar-land-tx';
UPDATE schools SET old_page_name = 'fellowship-christian-school' WHERE page_name = 'fellowship-christian-school-roswell-ga';
UPDATE schools SET old_page_name = 'fellowship-haven-bible-school' WHERE page_name = 'fellowship-haven-bible-school-grabill-in';
UPDATE schools SET old_page_name = 'fellowship-of-learning-school' WHERE page_name = 'fellowship-of-learning-school-new-york-ny';
UPDATE schools SET old_page_name = 'fenwick-high-school' WHERE page_name = 'fenwick-high-school-oak-park-il';
UPDATE schools SET old_page_name = 'ferndale-montessori-center' WHERE page_name = 'ferndale-montessori-center-ferndale-mi';
UPDATE schools SET old_page_name = 'ferris-christian-academy' WHERE page_name = 'ferris-christian-academy-ferris-tx';
UPDATE schools SET old_page_name = 'fideles-christian-school' WHERE page_name = 'fideles-christian-school-cumming-ga';
UPDATE schools SET old_page_name = 'finger-lakes-christian-school' WHERE page_name = 'finger-lakes-christian-school-seneca-falls-ny';
UPDATE schools SET old_page_name = 'firelands-montessori-academy' WHERE page_name = 'firelands-montessori-academy-huron-oh';
UPDATE schools SET old_page_name = 'firewheel-christian-academy' WHERE page_name = 'firewheel-christian-academy-garland-tx';
UPDATE schools SET old_page_name = 'firm-foundation-christian-school' WHERE page_name = 'firm-foundation-christian-school-battle-ground-wa';
UPDATE schools SET old_page_name = 'first-academy' WHERE page_name = 'first-academy-lulu-fl';
UPDATE schools SET old_page_name = 'first-academy-leesburg' WHERE page_name = 'first-academy-leesburg-leesburg-fl';
UPDATE schools SET old_page_name = 'first-assembly-christian-school' WHERE page_name = 'first-assembly-christian-school-cordova-tn';
UPDATE schools SET old_page_name = 'first-assembly-christian-school' WHERE page_name = 'first-assembly-christian-school-ashland-al';
UPDATE schools SET old_page_name = 'first-assembly-christian-school' WHERE page_name = 'first-assembly-christian-school-monroe-nc';
UPDATE schools SET old_page_name = 'first-baptist-academy' WHERE page_name = 'first-baptist-academy-thousand-oaks-ca';
UPDATE schools SET old_page_name = 'first-baptist-academy' WHERE page_name = 'first-baptist-academy-o-fallon-il';
UPDATE schools SET old_page_name = 'first-baptist-academy' WHERE page_name = 'first-baptist-academy-baytown-tx';
UPDATE schools SET old_page_name = 'first-baptist-academy-of-universal-city' WHERE page_name = 'first-baptist-academy-of-universal-city-universal-city-tx';
UPDATE schools SET old_page_name = 'first-baptist-child-development-center' WHERE page_name = 'first-baptist-child-development-center-midland-tx';
UPDATE schools SET old_page_name = 'first-baptist-christian-academy' WHERE page_name = 'first-baptist-christian-academy-o-fallon-mo';
UPDATE schools SET old_page_name = 'first-baptist-christian-academy' WHERE page_name = 'first-baptist-christian-academy-pasadena-tx';
UPDATE schools SET old_page_name = 'first-baptist-christian-academy' WHERE page_name = 'first-baptist-christian-academy-sierra-vista-az';
UPDATE schools SET old_page_name = 'first-baptist-christian-school' WHERE page_name = 'first-baptist-christian-school-butler-pa';
UPDATE schools SET old_page_name = 'first-baptist-christian-school' WHERE page_name = 'first-baptist-christian-school-elyria-oh';
UPDATE schools SET old_page_name = 'first-baptist-christian-school' WHERE page_name = 'first-baptist-christian-school-danville-il';
UPDATE schools SET old_page_name = 'first-baptist-christian-school' WHERE page_name = 'first-baptist-christian-school-weymouth-ma';
UPDATE schools SET old_page_name = 'first-baptist-christian-school' WHERE page_name = 'first-baptist-christian-school-slidell-la';
UPDATE schools SET old_page_name = 'first-baptist-christian-school' WHERE page_name = 'first-baptist-christian-school-hillsboro-tx';
UPDATE schools SET old_page_name = 'first-baptist-church-school' WHERE page_name = 'first-baptist-church-school-shreveport-la';
UPDATE schools SET old_page_name = 'first-baptist-church-school' WHERE page_name = 'first-baptist-church-school-brenham-tx';
UPDATE schools SET old_page_name = 'first-baptist-church-school' WHERE page_name = 'first-baptist-church-school-beeville-tx';
UPDATE schools SET old_page_name = 'first-baptist-church-school' WHERE page_name = 'first-baptist-church-school-long-beach-ca';
UPDATE schools SET old_page_name = 'first-baptist-church-weekday-preschool-and-kinder' WHERE page_name = 'first-baptist-church-weekday-preschool-and-kinder-texarkana-tx';
UPDATE schools SET old_page_name = 'first-baptist-school' WHERE page_name = 'first-baptist-school-brownsville-tx';
UPDATE schools SET old_page_name = 'first-baptist-school' WHERE page_name = 'first-baptist-school-caldwell-tx';
UPDATE schools SET old_page_name = 'first-century-gospel-school' WHERE page_name = 'first-century-gospel-school-philadelphia-pa';
UPDATE schools SET old_page_name = 'first-christian-academy' WHERE page_name = 'first-christian-academy-new-port-richey-fl';
UPDATE schools SET old_page_name = 'first-christian-pentecostal-academy' WHERE page_name = 'first-christian-pentecostal-academy-jersey-city-nj';
UPDATE schools SET old_page_name = 'first-coast-christian-school' WHERE page_name = 'first-coast-christian-school-jacksonville-fl';
UPDATE schools SET old_page_name = 'first-colony-montessori-south' WHERE page_name = 'first-colony-montessori-south-sugar-land-tx';
UPDATE schools SET old_page_name = 'first-flint-sda-school' WHERE page_name = 'first-flint-sda-school-flint-mi';
UPDATE schools SET old_page_name = 'first-german-evangelical-lutheran-school' WHERE page_name = 'first-german-evangelical-lutheran-school-manitowoc-wi';
UPDATE schools SET old_page_name = 'first-immanuel-lutheran-school' WHERE page_name = 'first-immanuel-lutheran-school-cedarburg-wi';
UPDATE schools SET old_page_name = 'first-lutheran-school' WHERE page_name = 'first-lutheran-school-torrance-ca';
UPDATE schools SET old_page_name = 'first-lutheran-school' WHERE page_name = 'first-lutheran-school-clearwater-fl';
UPDATE schools SET old_page_name = 'first-lutheran-school' WHERE page_name = 'first-lutheran-school-fort-smith-ar';
UPDATE schools SET old_page_name = 'first-lutheran-school' WHERE page_name = 'first-lutheran-school-glencoe-mn';
UPDATE schools SET old_page_name = 'first-lutheran-school' WHERE page_name = 'first-lutheran-school-knoxville-tn';
UPDATE schools SET old_page_name = 'first-lutheran-school' WHERE page_name = 'first-lutheran-school-ponca-city-ok';
UPDATE schools SET old_page_name = 'first-lutheran-school' WHERE page_name = 'first-lutheran-school-lake-geneva-wi';
UPDATE schools SET old_page_name = 'first-lutheran-school' WHERE page_name = 'first-lutheran-school-holyoke-ma';
UPDATE schools SET old_page_name = 'first-presbyterian-christian-academy' WHERE page_name = 'first-presbyterian-christian-academy-hinesville-ga';
UPDATE schools SET old_page_name = 'first-presbyterian-church-preschool' WHERE page_name = 'first-presbyterian-church-preschool-aiken-sc';
UPDATE schools SET old_page_name = 'first-presbyterian-preschool' WHERE page_name = 'first-presbyterian-preschool-norfolk-va';
UPDATE schools SET old_page_name = 'first-school' WHERE page_name = 'first-school-mahomet-il';
UPDATE schools SET old_page_name = 'first-school' WHERE page_name = 'first-school-dayton-oh';
UPDATE schools SET old_page_name = 'first-southern-christian-school' WHERE page_name = 'first-southern-christian-school-tucson-az';
UPDATE schools SET old_page_name = 'first-steps-montessori-school' WHERE page_name = 'first-steps-montessori-school-houston-tx';
UPDATE schools SET old_page_name = 'first-steps-school' WHERE page_name = 'first-steps-school-la-crescenta-ca';
UPDATE schools SET old_page_name = 'first-united-methodist-christian-school' WHERE page_name = 'first-united-methodist-christian-school-homestead-fl';
UPDATE schools SET old_page_name = 'first-united-methodist-school' WHERE page_name = 'first-united-methodist-school-fort-walton-beach-fl';
UPDATE schools SET old_page_name = 'first-wesleyan-christian-school' WHERE page_name = 'first-wesleyan-christian-school-gastonia-nc';
UPDATE schools SET old_page_name = 'fishburne-military-school' WHERE page_name = 'fishburne-military-school-waynesboro-va';
UPDATE schools SET old_page_name = 'fisher-island-day-school' WHERE page_name = 'fisher-island-day-school-miami-beach-fl';
UPDATE schools SET old_page_name = 'fishing-creek-parochial-school' WHERE page_name = 'fishing-creek-parochial-school-mill-hall-pa';
UPDATE schools SET old_page_name = 'five-acre-school' WHERE page_name = 'five-acre-school-sequim-wa';
UPDATE schools SET old_page_name = 'five-oaks-seventh-day-adventist-christian-school' WHERE page_name = 'five-oaks-seventh-day-adventist-christian-school-durham-nc';
UPDATE schools SET old_page_name = 'five-star-montessori-school' WHERE page_name = 'five-star-montessori-school-houston-tx';
UPDATE schools SET old_page_name = 'fl-chamberlain-school' WHERE page_name = 'fl-chamberlain-school-middleboro-ma';
UPDATE schools SET old_page_name = 'flat-iron-school' WHERE page_name = 'flat-iron-school-conewango-valley-ny';
UPDATE schools SET old_page_name = 'flat-rock-amish-school' WHERE page_name = 'flat-rock-amish-school-milroy-in';
UPDATE schools SET old_page_name = 'flatbush-sda-school' WHERE page_name = 'flatbush-sda-school-brooklyn-ny';
UPDATE schools SET old_page_name = 'fleetwood-christian-day-school' WHERE page_name = 'fleetwood-christian-day-school-fleetwood-pa';