UPDATE schools SET old_page_name = 'st-frederick-high-school' WHERE page_name = 'st-frederick-high-school-monroe-la';
UPDATE schools SET old_page_name = 'st-gabriel-consolidated-school' WHERE page_name = 'st-gabriel-consolidated-school-cincinnati-oh';
UPDATE schools SET old_page_name = 'st-gabriel-elementary-school' WHERE page_name = 'st-gabriel-elementary-school-bronx-ny';
UPDATE schools SET old_page_name = 'st-gabriel-elementary-school' WHERE page_name = 'st-gabriel-elementary-school-san-francisco-ca';
UPDATE schools SET old_page_name = 'st-gabriel-school' WHERE page_name = 'st-gabriel-school-mentor-oh';
UPDATE schools SET old_page_name = 'st-gabriel-school' WHERE page_name = 'st-gabriel-school-windsor-ct';
UPDATE schools SET old_page_name = 'st-gabriel-school' WHERE page_name = 'st-gabriel-school-louisville-ky';
UPDATE schools SET old_page_name = 'st-gabriel-school' WHERE page_name = 'st-gabriel-school-kansas-city-mo';
UPDATE schools SET old_page_name = 'st-gabriel-the-archangel-school' WHERE page_name = 'st-gabriel-the-archangel-school-saint-louis-mo';
UPDATE schools SET old_page_name = 'st-gall-elementary-school' WHERE page_name = 'st-gall-elementary-school-chicago-il';
UPDATE schools SET old_page_name = 'st-genevieve-elementary-school' WHERE page_name = 'st-genevieve-elementary-school-panorama-city-ca';
UPDATE schools SET old_page_name = 'st-genevieve-high-school' WHERE page_name = 'st-genevieve-high-school-panorama-city-ca';
UPDATE schools SET old_page_name = 'st-genevieve-school' WHERE page_name = 'st-genevieve-school-chicago-il';
UPDATE schools SET old_page_name = 'st-genevieve-school' WHERE page_name = 'st-genevieve-school-flourtown-pa';
UPDATE schools SET old_page_name = 'st-george-academy' WHERE page_name = 'st-george-academy-new-york-ny';
UPDATE schools SET old_page_name = 'st-george-episcopal-school' WHERE page_name = 'st-george-episcopal-school-san-antonio-tx';
UPDATE schools SET old_page_name = 'st-george-parish-school' WHERE page_name = 'st-george-parish-school-seattle-wa';
UPDATE schools SET old_page_name = 'st-george-parish-school' WHERE page_name = 'st-george-parish-school-ontario-ca';
UPDATE schools SET old_page_name = 'st-george-school' WHERE page_name = 'st-george-school-tinley-park-il';
UPDATE schools SET old_page_name = 'st-george-school' WHERE page_name = 'st-george-school-linn-mo';
UPDATE schools SET old_page_name = 'st-georges-episcopal-school' WHERE page_name = 'st-georges-episcopal-school-new-orleans-la';
UPDATE schools SET old_page_name = 'st-gerald-school' WHERE page_name = 'st-gerald-school-oak-lawn-il';
UPDATE schools SET old_page_name = 'st-gerald-school' WHERE page_name = 'st-gerald-school-ralston-ne';
UPDATE schools SET old_page_name = 'st-gerard-catholic-school' WHERE page_name = 'st-gerard-catholic-school-san-antonio-tx';
UPDATE schools SET old_page_name = 'st-gerard-majella-school' WHERE page_name = 'st-gerard-majella-school-paterson-nj';
UPDATE schools SET old_page_name = 'st-germaine-school' WHERE page_name = 'st-germaine-school-oak-lawn-il';
UPDATE schools SET old_page_name = 'st-gertrude-school' WHERE page_name = 'st-gertrude-school-washington-mo';
UPDATE schools SET old_page_name = 'st-gertrude-school' WHERE page_name = 'st-gertrude-school-cincinnati-oh';
UPDATE schools SET old_page_name = 'st-gertrude-school' WHERE page_name = 'st-gertrude-school-bell-gardens-ca';
UPDATE schools SET old_page_name = 'st-gilbert-elementary-school' WHERE page_name = 'st-gilbert-elementary-school-grayslake-il';
UPDATE schools SET old_page_name = 'st-gregory-barbarigo-school' WHERE page_name = 'st-gregory-barbarigo-school-houma-la';
UPDATE schools SET old_page_name = 'st-gregory-barbarigo-school' WHERE page_name = 'st-gregory-barbarigo-school-garnerville-ny';
UPDATE schools SET old_page_name = 'st-gregory-barbarigo-school' WHERE page_name = 'st-gregory-barbarigo-school-maryville-mo';
UPDATE schools SET old_page_name = 'st-gregory-elementary-school' WHERE page_name = 'st-gregory-elementary-school-coxs-creek-ky';
UPDATE schools SET old_page_name = 'st-gregory-elementary-school' WHERE page_name = 'st-gregory-elementary-school-zelienople-pa';
UPDATE schools SET old_page_name = 'st-gregory-school' WHERE page_name = 'st-gregory-school-san-mateo-ca';
UPDATE schools SET old_page_name = 'st-gregory-the-great-school' WHERE page_name = 'st-gregory-the-great-school-milwaukee-wi';
UPDATE schools SET old_page_name = 'st-gregory-the-great-school' WHERE page_name = 'st-gregory-the-great-school-virginia-beach-va';
UPDATE schools SET old_page_name = 'st-gregory-the-great-school' WHERE page_name = 'st-gregory-the-great-school-whittier-ca';
UPDATE schools SET old_page_name = 'st-gregory-the-great-school' WHERE page_name = 'st-gregory-the-great-school-danbury-ct';
UPDATE schools SET old_page_name = 'st-gregorys-academy' WHERE page_name = 'st-gregorys-academy-elmhurst-township-pa';
UPDATE schools SET old_page_name = 'st-helen-catholic-elementary-school' WHERE page_name = 'st-helen-catholic-elementary-school-south-gate-ca';
UPDATE schools SET old_page_name = 'st-helen-catholic-school' WHERE page_name = 'st-helen-catholic-school-vero-beach-fl';
UPDATE schools SET old_page_name = 'st-helen-catholic-school' WHERE page_name = 'st-helen-catholic-school-pearland-tx';
UPDATE schools SET old_page_name = 'st-helen-catholic-school' WHERE page_name = 'st-helen-catholic-school-georgetown-tx';
UPDATE schools SET old_page_name = 'st-helen-elementary-school' WHERE page_name = 'st-helen-elementary-school-dayton-oh';
UPDATE schools SET old_page_name = 'st-helen-school' WHERE page_name = 'st-helen-school-chicago-il';
UPDATE schools SET old_page_name = 'st-helena-school' WHERE page_name = 'st-helena-school-bronx-ny';
UPDATE schools SET old_page_name = 'st-helena-school' WHERE page_name = 'st-helena-school-edison-nj';
UPDATE schools SET old_page_name = 'st-helena-school' WHERE page_name = 'st-helena-school-blue-bell-pa';
UPDATE schools SET old_page_name = 'st-helens-school' WHERE page_name = 'st-helens-school-fresno-ca';
UPDATE schools SET old_page_name = 'st-henry-catholic-school' WHERE page_name = 'st-henry-catholic-school-charleston-mo';
UPDATE schools SET old_page_name = 'st-henry-catholic-school' WHERE page_name = 'st-henry-catholic-school-watertown-wi';
UPDATE schools SET old_page_name = 'st-henry-district-high-school' WHERE page_name = 'st-henry-district-high-school-erlanger-ky';
UPDATE schools SET old_page_name = 'st-henry-school' WHERE page_name = 'st-henry-school-elsmere-ky';
UPDATE schools SET old_page_name = 'st-henrys-area-school' WHERE page_name = 'st-henrys-area-school-perham-mn';
UPDATE schools SET old_page_name = 'st-hilary-elementary-school' WHERE page_name = 'st-hilary-elementary-school-pico-rivera-ca';
UPDATE schools SET old_page_name = 'st-hugh-catholic-school' WHERE page_name = 'st-hugh-catholic-school-miami-fl';
UPDATE schools SET old_page_name = 'st-hugo-of-the-hills-elementary-school' WHERE page_name = 'st-hugo-of-the-hills-elementary-school-bloomfield-hills-mi';
UPDATE schools SET old_page_name = 'st-hyacinth-academy' WHERE page_name = 'st-hyacinth-academy-san-jacinto-ca';
UPDATE schools SET old_page_name = 'st-ignatius-catholic-school' WHERE page_name = 'st-ignatius-catholic-school-rogers-city-mi';
UPDATE schools SET old_page_name = 'st-ignatius-catholic-school' WHERE page_name = 'st-ignatius-catholic-school-mobile-al';
UPDATE schools SET old_page_name = 'st-ignatius-college-prep' WHERE page_name = 'st-ignatius-college-prep-chicago-il';
UPDATE schools SET old_page_name = 'st-ignatius-college-preparatory' WHERE page_name = 'st-ignatius-college-preparatory-san-francisco-ca';
UPDATE schools SET old_page_name = 'st-ignatius-elementary-school' WHERE page_name = 'st-ignatius-elementary-school-grand-coteau-la';
UPDATE schools SET old_page_name = 'st-ignatius-high-school' WHERE page_name = 'st-ignatius-high-school-cleveland-oh';
UPDATE schools SET old_page_name = 'st-ignatius-loyola-academy' WHERE page_name = 'st-ignatius-loyola-academy-baltimore-md';
UPDATE schools SET old_page_name = 'st-ignatius-loyola-school' WHERE page_name = 'st-ignatius-loyola-school-new-york-ny';
UPDATE schools SET old_page_name = 'st-ignatius-loyola-school' WHERE page_name = 'st-ignatius-loyola-school-marthasville-mo';
UPDATE schools SET old_page_name = 'st-ignatius-parish-school' WHERE page_name = 'st-ignatius-parish-school-sacramento-ca';
UPDATE schools SET old_page_name = 'st-ignatius-school' WHERE page_name = 'st-ignatius-school-portland-or';
UPDATE schools SET old_page_name = 'st-ignatius-school' WHERE page_name = 'st-ignatius-school-cincinnati-oh';
UPDATE schools SET old_page_name = 'st-irenaeus-parish-school' WHERE page_name = 'st-irenaeus-parish-school-cypress-ca';
UPDATE schools SET old_page_name = 'st-isidore-elementary-school' WHERE page_name = 'st-isidore-elementary-school-quakertown-pa';
UPDATE schools SET old_page_name = 'st-isidore-elementary-school' WHERE page_name = 'st-isidore-elementary-school-columbus-ne';
UPDATE schools SET old_page_name = 'st-isidore-school' WHERE page_name = 'st-isidore-school-bloomingdale-il';
UPDATE schools SET old_page_name = 'st-isidore-school' WHERE page_name = 'st-isidore-school-danville-ca';
UPDATE schools SET old_page_name = 'st-james-academy' WHERE page_name = 'st-james-academy-monkton-md';
UPDATE schools SET old_page_name = 'st-james-cathedral-school' WHERE page_name = 'st-james-cathedral-school-orlando-fl';
UPDATE schools SET old_page_name = 'st-james-catholic-school' WHERE page_name = 'st-james-catholic-school-perris-ca';
UPDATE schools SET old_page_name = 'st-james-catholic-school' WHERE page_name = 'st-james-catholic-school-millstadt-il';
UPDATE schools SET old_page_name = 'st-james-catholic-school' WHERE page_name = 'st-james-catholic-school-louisville-ky';
UPDATE schools SET old_page_name = 'st-james-catholic-school' WHERE page_name = 'st-james-catholic-school-elizabethtown-ky';
UPDATE schools SET old_page_name = 'st-james-catholic-school' WHERE page_name = 'st-james-catholic-school-savannah-ga';
UPDATE schools SET old_page_name = 'st-james-catholic-school' WHERE page_name = 'st-james-catholic-school-gadsden-al';
UPDATE schools SET old_page_name = 'st-james-catholic-school' WHERE page_name = 'st-james-catholic-school-miami-fl';
UPDATE schools SET old_page_name = 'st-james-catholic-school' WHERE page_name = 'st-james-catholic-school-oklahoma-city-ok';
UPDATE schools SET old_page_name = 'st-james-catholic-school' WHERE page_name = 'st-james-catholic-school-seguin-tx';
UPDATE schools SET old_page_name = 'st-james-catholic-school' WHERE page_name = 'st-james-catholic-school-falls-church-va';
UPDATE schools SET old_page_name = 'st-james-catholic-school' WHERE page_name = 'st-james-catholic-school-augusta-ks';
UPDATE schools SET old_page_name = 'st-james-child-development-center' WHERE page_name = 'st-james-child-development-center-portland-or';
UPDATE schools SET old_page_name = 'st-james-day-school' WHERE page_name = 'st-james-day-school-texarkana-tx';
UPDATE schools SET old_page_name = 'st-james-elementary' WHERE page_name = 'st-james-elementary-erie-pa';
UPDATE schools SET old_page_name = 'st-james-elementary-school' WHERE page_name = 'st-james-elementary-school-sewickley-pa';
UPDATE schools SET old_page_name = 'st-james-elementary-school' WHERE page_name = 'st-james-elementary-school-waynesburg-oh';
UPDATE schools SET old_page_name = 'st-james-elementary-school' WHERE page_name = 'st-james-elementary-school-crete-ne';
UPDATE schools SET old_page_name = 'st-james-elementary-school' WHERE page_name = 'st-james-elementary-school-red-bank-nj';
UPDATE schools SET old_page_name = 'st-james-elementary-school' WHERE page_name = 'st-james-elementary-school-torrance-ca';
UPDATE schools SET old_page_name = 'st-james-elementary-school' WHERE page_name = 'st-james-elementary-school-haubstadt-in';
UPDATE schools SET old_page_name = 'st-james-episcopal-day-school' WHERE page_name = 'st-james-episcopal-day-school-baton-rouge-la';
UPDATE schools SET old_page_name = 'st-james-episcopal-day-school' WHERE page_name = 'st-james-episcopal-day-school-greenville-ms';
UPDATE schools SET old_page_name = 'st-james-episcopal-school' WHERE page_name = 'st-james-episcopal-school-del-rio-tx';
UPDATE schools SET old_page_name = 'st-james-episcopal-school' WHERE page_name = 'st-james-episcopal-school-corpus-christi-tx';
UPDATE schools SET old_page_name = 'st-james-episcopal-school-of-dallas' WHERE page_name = 'st-james-episcopal-school-of-dallas-dallas-tx';
UPDATE schools SET old_page_name = 'st-james-lutheran-school' WHERE page_name = 'st-james-lutheran-school-quincy-il';
UPDATE schools SET old_page_name = 'st-james-lutheran-school' WHERE page_name = 'st-james-lutheran-school-chicago-il';
UPDATE schools SET old_page_name = 'st-james-lutheran-school' WHERE page_name = 'st-james-lutheran-school-northrop-mn';
UPDATE schools SET old_page_name = 'st-james-lutheran-school' WHERE page_name = 'st-james-lutheran-school-howard-lake-mn';
UPDATE schools SET old_page_name = 'st-james-lutheran-school' WHERE page_name = 'st-james-lutheran-school-shawano-wi';
UPDATE schools SET old_page_name = 'st-james-methodist-kindergarten' WHERE page_name = 'st-james-methodist-kindergarten-spartanburg-sc';
UPDATE schools SET old_page_name = 'st-james-school' WHERE page_name = 'st-james-school-saint-joseph-mo';
UPDATE schools SET old_page_name = 'st-james-school' WHERE page_name = 'st-james-school-basking-ridge-nj';
UPDATE schools SET old_page_name = 'st-james-school' WHERE page_name = 'st-james-school-philadelphia-pa';
UPDATE schools SET old_page_name = 'st-james-school' WHERE page_name = 'st-james-school-davis-ca';
UPDATE schools SET old_page_name = 'st-james-school' WHERE page_name = 'st-james-school-washington-ia';
UPDATE schools SET old_page_name = 'st-james-school' WHERE page_name = 'st-james-school-danielson-ct';
UPDATE schools SET old_page_name = 'st-james-school' WHERE page_name = 'st-james-school-hagerstown-md';
UPDATE schools SET old_page_name = 'st-james-school' WHERE page_name = 'st-james-school-stratford-ct';
UPDATE schools SET old_page_name = 'st-james-school' WHERE page_name = 'st-james-school-manchester-ct';
UPDATE schools SET old_page_name = 'st-james-the-apostle-school' WHERE page_name = 'st-james-the-apostle-school-carmel-ny';
UPDATE schools SET old_page_name = 'st-james-the-apostle-school' WHERE page_name = 'st-james-the-apostle-school-san-antonio-tx';
UPDATE schools SET old_page_name = 'st-jane-de-chantal-school' WHERE page_name = 'st-jane-de-chantal-school-bethesda-md';
UPDATE schools SET old_page_name = 'st-jane-frances-de-chantal-school' WHERE page_name = 'st-jane-frances-de-chantal-school-easton-pa';
UPDATE schools SET old_page_name = 'st-jean-baptiste-high-school' WHERE page_name = 'st-jean-baptiste-high-school-new-york-ny';
UPDATE schools SET old_page_name = 'st-jeanne-de-lestonnac-school' WHERE page_name = 'st-jeanne-de-lestonnac-school-tustin-ca';
UPDATE schools SET old_page_name = 'st-jerome-catholic-school' WHERE page_name = 'st-jerome-catholic-school-fort-lauderdale-fl';
UPDATE schools SET old_page_name = 'st-jerome-elementary-school' WHERE page_name = 'st-jerome-elementary-school-cleveland-oh';
UPDATE schools SET old_page_name = 'st-jerome-elementary-school' WHERE page_name = 'st-jerome-elementary-school-west-long-branch-nj';
UPDATE schools SET old_page_name = 'st-jerome-regional-school' WHERE page_name = 'st-jerome-regional-school-tamaqua-pa';
UPDATE schools SET old_page_name = 'st-jerome-school' WHERE page_name = 'st-jerome-school-philadelphia-pa';
UPDATE schools SET old_page_name = 'st-jerome-school' WHERE page_name = 'st-jerome-school-los-angeles-ca';
UPDATE schools SET old_page_name = 'st-jerome-school' WHERE page_name = 'st-jerome-school-columbus-wi';
UPDATE schools SET old_page_name = 'st-joachim-elementary-school' WHERE page_name = 'st-joachim-elementary-school-cadet-mo';
UPDATE schools SET old_page_name = 'st-joachim-school' WHERE page_name = 'st-joachim-school-hayward-ca';
UPDATE schools SET old_page_name = 'st-joan-antida-high-school' WHERE page_name = 'st-joan-antida-high-school-milwaukee-wi';
UPDATE schools SET old_page_name = 'st-joan-of-arc-early-learning-center' WHERE page_name = 'st-joan-of-arc-early-learning-center-arvada-co';
UPDATE schools SET old_page_name = 'st-joan-of-arc-elementary-school' WHERE page_name = 'st-joan-of-arc-elementary-school-toledo-oh';
UPDATE schools SET old_page_name = 'st-joan-of-arc-parish-school' WHERE page_name = 'st-joan-of-arc-parish-school-nashotah-wi';
UPDATE schools SET old_page_name = 'st-joan-of-arc-school' WHERE page_name = 'st-joan-of-arc-school-chagrin-falls-oh';
UPDATE schools SET old_page_name = 'st-joan-of-arc-school' WHERE page_name = 'st-joan-of-arc-school-omaha-ne';
UPDATE schools SET old_page_name = 'st-joan-of-arc-school' WHERE page_name = 'st-joan-of-arc-school-canton-oh';
UPDATE schools SET old_page_name = 'st-joan-of-arc-school' WHERE page_name = 'st-joan-of-arc-school-aberdeen-md';
UPDATE schools SET old_page_name = 'st-joan-of-arc-school' WHERE page_name = 'st-joan-of-arc-school-boca-raton-fl';
UPDATE schools SET old_page_name = 'st-john-berchmans-cathedral-school' WHERE page_name = 'st-john-berchmans-cathedral-school-shreveport-la';
UPDATE schools SET old_page_name = 'st-john-berchmans-school' WHERE page_name = 'st-john-berchmans-school-chicago-il';
UPDATE schools SET old_page_name = 'st-john-berchmans-school' WHERE page_name = 'st-john-berchmans-school-san-antonio-tx';
UPDATE schools SET old_page_name = 'st-john-catholic-school' WHERE page_name = 'st-john-catholic-school-panama-city-fl';
UPDATE schools SET old_page_name = 'st-john-catholic-school' WHERE page_name = 'st-john-catholic-school-valdosta-ga';
UPDATE schools SET old_page_name = 'st-john-catholic-school' WHERE page_name = 'st-john-catholic-school-lawrence-ks';
UPDATE schools SET old_page_name = 'st-john-central-grade-school' WHERE page_name = 'st-john-central-grade-school-marietta-oh';
UPDATE schools SET old_page_name = 'st-john-chrysostom-school' WHERE page_name = 'st-john-chrysostom-school-inglewood-ca';
UPDATE schools SET old_page_name = 'st-john-elementary-school' WHERE page_name = 'st-john-elementary-school-lake-charles-la';
UPDATE schools SET old_page_name = 'st-john-eudes-school' WHERE page_name = 'st-john-eudes-school-chatsworth-ca';
UPDATE schools SET old_page_name = 'st-john-evangelical-lutheran-school' WHERE page_name = 'st-john-evangelical-lutheran-school-peshtigo-wi';
UPDATE schools SET old_page_name = 'st-john-fisher' WHERE page_name = 'st-john-fisher-portland-or';
UPDATE schools SET old_page_name = 'st-john-fisher-school' WHERE page_name = 'st-john-fisher-school-rancho-palos-verdes-ca';
UPDATE schools SET old_page_name = 'st-john-interparochial-school' WHERE page_name = 'st-john-interparochial-school-plaquemine-la';
UPDATE schools SET old_page_name = 'st-john-lalande-school' WHERE page_name = 'st-john-lalande-school-blue-springs-mo';
UPDATE schools SET old_page_name = 'st-john-lutheran-school' WHERE page_name = 'st-john-lutheran-school-thief-river-falls-mn';
UPDATE schools SET old_page_name = 'st-john-lutheran-school' WHERE page_name = 'st-john-lutheran-school-defiance-oh';
UPDATE schools SET old_page_name = 'st-john-lutheran-school' WHERE page_name = 'st-john-lutheran-school-napoleon-oh';
UPDATE schools SET old_page_name = 'st-john-lutheran-school' WHERE page_name = 'st-john-lutheran-school-kendallville-in';
UPDATE schools SET old_page_name = 'st-john-lutheran-school' WHERE page_name = 'st-john-lutheran-school-chicago-il';
UPDATE schools SET old_page_name = 'st-john-lutheran-school' WHERE page_name = 'st-john-lutheran-school-chester-il';
UPDATE schools SET old_page_name = 'st-john-lutheran-school' WHERE page_name = 'st-john-lutheran-school-fraser-mi';
UPDATE schools SET old_page_name = 'st-john-lutheran-school' WHERE page_name = 'st-john-lutheran-school-rogers-city-mi';
UPDATE schools SET old_page_name = 'st-john-lutheran-school' WHERE page_name = 'st-john-lutheran-school-alma-ks';
UPDATE schools SET old_page_name = 'st-john-lutheran-school' WHERE page_name = 'st-john-lutheran-school-merrill-wi';
UPDATE schools SET old_page_name = 'st-john-lutheran-school' WHERE page_name = 'st-john-lutheran-school-berlin-wi';
UPDATE schools SET old_page_name = 'st-john-lutheran-school' WHERE page_name = 'st-john-lutheran-school-random-lake-wi';
UPDATE schools SET old_page_name = 'st-john-lutheran-school' WHERE page_name = 'st-john-lutheran-school-plymouth-wi';
UPDATE schools SET old_page_name = 'st-john-lutheran-school' WHERE page_name = 'st-john-lutheran-school-wausau-wi';
UPDATE schools SET old_page_name = 'st-john-lutheran-school' WHERE page_name = 'st-john-lutheran-school-champaign-il';
UPDATE schools SET old_page_name = 'st-john-lutheran-school' WHERE page_name = 'st-john-lutheran-school-new-orleans-la';
UPDATE schools SET old_page_name = 'st-john-lutheran-school' WHERE page_name = 'st-john-lutheran-school-maribel-wi';
UPDATE schools SET old_page_name = 'st-john-lutheran-school' WHERE page_name = 'st-john-lutheran-school-ocala-fl';
UPDATE schools SET old_page_name = 'st-john-lutheran-school' WHERE page_name = 'st-john-lutheran-school-norfolk-va';
UPDATE schools SET old_page_name = 'st-john-lutheran-school' WHERE page_name = 'st-john-lutheran-school-redwood-falls-mn';
UPDATE schools SET old_page_name = 'st-john-nepomucene-school' WHERE page_name = 'st-john-nepomucene-school-little-chute-wi';
UPDATE schools SET old_page_name = 'st-john-nepomuk-catholic-school' WHERE page_name = 'st-john-nepomuk-catholic-school-yukon-ok';
UPDATE schools SET old_page_name = 'st-john-neumann-academy' WHERE page_name = 'st-john-neumann-academy-blacksburg-va';
UPDATE schools SET old_page_name = 'st-john-neumann-regional-school' WHERE page_name = 'st-john-neumann-regional-school-palmerton-pa';
UPDATE schools SET old_page_name = 'st-john-neumann-school' WHERE page_name = 'st-john-neumann-school-miami-fl';
UPDATE schools SET old_page_name = 'st-john-neumann-school' WHERE page_name = 'st-john-neumann-school-knoxville-tn';
UPDATE schools SET old_page_name = 'st-john-notre-dame-school' WHERE page_name = 'st-john-notre-dame-school-folsom-ca';
UPDATE schools SET old_page_name = 'st-john-of-god-school' WHERE page_name = 'st-john-of-god-school-norwalk-ca';
UPDATE schools SET old_page_name = 'st-john-of-san-francisco-orthodox-academy' WHERE page_name = 'st-john-of-san-francisco-orthodox-academy-san-francisco-ca';
UPDATE schools SET old_page_name = 'st-john-of-the-cross-parish-school' WHERE page_name = 'st-john-of-the-cross-parish-school-western-springs-il';
UPDATE schools SET old_page_name = 'st-john-orthodox-christian-school' WHERE page_name = 'st-john-orthodox-christian-school-eagle-river-ak';
UPDATE schools SET old_page_name = 'st-john-primary-school' WHERE page_name = 'st-john-primary-school-marshfield-wi';
UPDATE schools SET old_page_name = 'st-john-regional-catholic-school' WHERE page_name = 'st-john-regional-catholic-school-frederick-md';
UPDATE schools SET old_page_name = 'st-john-regional-school' WHERE page_name = 'st-john-regional-school-concord-nh';
UPDATE schools SET old_page_name = 'st-john-s-lutheran-school' WHERE page_name = 'st-john-s-lutheran-school-young-america-mn';
UPDATE schools SET old_page_name = 'st-john-s-lutheran-school' WHERE page_name = 'st-john-s-lutheran-school-hemet-ca';
UPDATE schools SET old_page_name = 'st-john-school' WHERE page_name = 'st-john-school-goshen-ny';
UPDATE schools SET old_page_name = 'st-john-school' WHERE page_name = 'st-john-school-seattle-wa';
UPDATE schools SET old_page_name = 'st-john-school' WHERE page_name = 'st-john-school-old-saybrook-ct';
UPDATE schools SET old_page_name = 'st-john-school' WHERE page_name = 'st-john-school-boston-ma';
UPDATE schools SET old_page_name = 'st-john-school' WHERE page_name = 'st-john-school-georgetown-ky';
UPDATE schools SET old_page_name = 'st-john-the-apostle-catholic' WHERE page_name = 'st-john-the-apostle-catholic-north-richland-hills-tx';
UPDATE schools SET old_page_name = 'st-john-the-apostle-catholic-school' WHERE page_name = 'st-john-the-apostle-catholic-school-virginia-beach-va';
UPDATE schools SET old_page_name = 'st-john-the-baptist' WHERE page_name = 'st-john-the-baptist-yonkers-ny';
UPDATE schools SET old_page_name = 'st-john-the-baptist' WHERE page_name = 'st-john-the-baptist-el-cerrito-ca';
UPDATE schools SET old_page_name = 'st-john-the-baptist-catholic-school' WHERE page_name = 'st-john-the-baptist-catholic-school-milwaukie-or';
UPDATE schools SET old_page_name = 'st-john-the-baptist-catholic-school' WHERE page_name = 'st-john-the-baptist-catholic-school-edgar-wi';
UPDATE schools SET old_page_name = 'st-john-the-baptist-catholic-school' WHERE page_name = 'st-john-the-baptist-catholic-school-plymouth-wi';
UPDATE schools SET old_page_name = 'st-john-the-baptist-catholic-school' WHERE page_name = 'st-john-the-baptist-catholic-school-johnsburg-il';
UPDATE schools SET old_page_name = 'st-john-the-baptist-catholic-school' WHERE page_name = 'st-john-the-baptist-catholic-school-costa-mesa-ca';
UPDATE schools SET old_page_name = 'st-john-the-baptist-catholic-school' WHERE page_name = 'st-john-the-baptist-catholic-school-vermillion-mn';
UPDATE schools SET old_page_name = 'st-john-the-baptist-catholic-school' WHERE page_name = 'st-john-the-baptist-catholic-school-savage-mn';
UPDATE schools SET old_page_name = 'st-john-the-baptist-catholic-school' WHERE page_name = 'st-john-the-baptist-catholic-school-madison-al';
UPDATE schools SET old_page_name = 'st-john-the-baptist-catholic-school' WHERE page_name = 'st-john-the-baptist-catholic-school-milpitas-ca';
UPDATE schools SET old_page_name = 'st-john-the-baptist-middle-school' WHERE page_name = 'st-john-the-baptist-middle-school-draper-ut';
UPDATE schools SET old_page_name = 'st-john-the-baptist-school' WHERE page_name = 'st-john-the-baptist-school-green-bay-wi';
UPDATE schools SET old_page_name = 'st-john-the-baptist-school' WHERE page_name = 'st-john-the-baptist-school-villa-ridge-mo';
UPDATE schools SET old_page_name = 'st-john-the-baptist-school' WHERE page_name = 'st-john-the-baptist-school-plattsmouth-ne';
UPDATE schools SET old_page_name = 'st-john-the-baptist-school' WHERE page_name = 'st-john-the-baptist-school-alden-ny';
UPDATE schools SET old_page_name = 'st-john-the-baptist-school' WHERE page_name = 'st-john-the-baptist-school-cincinnati-oh';
UPDATE schools SET old_page_name = 'st-john-the-baptist-school' WHERE page_name = 'st-john-the-baptist-school-harrison-oh';
UPDATE schools SET old_page_name = 'st-john-the-baptist-school' WHERE page_name = 'st-john-the-baptist-school-new-freedom-pa';
UPDATE schools SET old_page_name = 'st-john-the-baptist-school' WHERE page_name = 'st-john-the-baptist-school-new-haven-in';
UPDATE schools SET old_page_name = 'st-john-the-baptist-school' WHERE page_name = 'st-john-the-baptist-school-smithton-il';
UPDATE schools SET old_page_name = 'st-john-the-baptist-school' WHERE page_name = 'st-john-the-baptist-school-ludlow-ma';
UPDATE schools SET old_page_name = 'st-john-the-baptist-school' WHERE page_name = 'st-john-the-baptist-school-peabody-ma';
UPDATE schools SET old_page_name = 'st-john-the-baptist-school' WHERE page_name = 'st-john-the-baptist-school-baldwin-park-ca';
UPDATE schools SET old_page_name = 'st-john-the-beloved-school' WHERE page_name = 'st-john-the-beloved-school-wilmington-de';
UPDATE schools SET old_page_name = 'st-john-the-evangelist-catholic-school' WHERE page_name = 'st-john-the-evangelist-catholic-school-loveland-co';
UPDATE schools SET old_page_name = 'st-john-the-evangelist-school' WHERE page_name = 'st-john-the-evangelist-school-carrollton-il';
UPDATE schools SET old_page_name = 'st-john-the-evangelist-school' WHERE page_name = 'st-john-the-evangelist-school-san-francisco-ca';
UPDATE schools SET old_page_name = 'st-john-the-evangelist-school' WHERE page_name = 'st-john-the-evangelist-school-hapeville-ga';
UPDATE schools SET old_page_name = 'st-john-the-evangelist-school' WHERE page_name = 'st-john-the-evangelist-school-canton-ma';
UPDATE schools SET old_page_name = 'st-john-the-evangelist-school' WHERE page_name = 'st-john-the-evangelist-school-severna-park-md';
UPDATE schools SET old_page_name = 'st-john-the-evangelist-school' WHERE page_name = 'st-john-the-evangelist-school-attleboro-ma';
UPDATE schools SET old_page_name = 'st-john-the-evangelist-school' WHERE page_name = 'st-john-the-evangelist-school-logan-oh';
UPDATE schools SET old_page_name = 'st-john-the-evangelist-school' WHERE page_name = 'st-john-the-evangelist-school-spring-green-wi';
UPDATE schools SET old_page_name = 'st-john-the-evangelist-school' WHERE page_name = 'st-john-the-evangelist-school-greenfield-wi';
UPDATE schools SET old_page_name = 'st-john-the-evangelist-school' WHERE page_name = 'st-john-the-evangelist-school-binghamton-ny';
UPDATE schools SET old_page_name = 'st-john-the-evangelist-school' WHERE page_name = 'st-john-the-evangelist-school-clinton-md';
UPDATE schools SET old_page_name = 'st-john-the-evangelist-school' WHERE page_name = 'st-john-the-evangelist-school-silver-spring-md';
UPDATE schools SET old_page_name = 'st-john-vianney-catholic-school' WHERE page_name = 'st-john-vianney-catholic-school-gallatin-tn';
UPDATE schools SET old_page_name = 'st-john-vianney-catholic-school' WHERE page_name = 'st-john-vianney-catholic-school-goodyear-az';
UPDATE schools SET old_page_name = 'st-john-vianney-high-school' WHERE page_name = 'st-john-vianney-high-school-kirkwood-mo';
UPDATE schools SET old_page_name = 'st-john-vianney-school' WHERE page_name = 'st-john-vianney-school-fairmont-mn';
UPDATE schools SET old_page_name = 'st-john-vianney-school' WHERE page_name = 'st-john-vianney-school-orchard-park-ny';
UPDATE schools SET old_page_name = 'st-john-vianney-school' WHERE page_name = 'st-john-vianney-school-spokane-valley-wa';
UPDATE schools SET old_page_name = 'st-john-vianney-school' WHERE page_name = 'st-john-vianney-school-northlake-il';
UPDATE schools SET old_page_name = 'st-john-vianney-school' WHERE page_name = 'st-john-vianney-school-janesville-wi';
UPDATE schools SET old_page_name = 'st-john-vianney-school' WHERE page_name = 'st-john-vianney-school-brookfield-wi';
UPDATE schools SET old_page_name = 'st-john-evangelist-school' WHERE page_name = 'st-john-evangelist-school-carmichael-ca';
UPDATE schools SET old_page_name = 'st-johns-catholic-school' WHERE page_name = 'st-johns-catholic-school-hot-springs-ar';
UPDATE schools SET old_page_name = 'st-johns-childrens-center' WHERE page_name = 'st-johns-childrens-center-reno-nv';
UPDATE schools SET old_page_name = 'st-johns-college-high-school' WHERE page_name = 'st-johns-college-high-school-washington-dc';
UPDATE schools SET old_page_name = 'st-johns-country-day-school' WHERE page_name = 'st-johns-country-day-school-orange-park-fl';
UPDATE schools SET old_page_name = 'st-johns-day-school' WHERE page_name = 'st-johns-day-school-laurel-ms';
UPDATE schools SET old_page_name = 'st-johns-episcopal-day-school' WHERE page_name = 'st-johns-episcopal-day-school-mcallen-tx';
UPDATE schools SET old_page_name = 'st-johns-episcopal-parish-day-school' WHERE page_name = 'st-johns-episcopal-parish-day-school-tampa-fl';
UPDATE schools SET old_page_name = 'st-johns-episcopal-school' WHERE page_name = 'st-johns-episcopal-school-abilene-tx';
UPDATE schools SET old_page_name = 'st-johns-episcopal-school' WHERE page_name = 'st-johns-episcopal-school-rancho-santa-margarita-ca';
UPDATE schools SET old_page_name = 'st-johns-evangelical-lutheran-school' WHERE page_name = 'st-johns-evangelical-lutheran-school-mukwonago-wi';
UPDATE schools SET old_page_name = 'st-johns-kindergarten' WHERE page_name = 'st-johns-kindergarten-salisbury-nc';
UPDATE schools SET old_page_name = 'st-johns-lutheran-school' WHERE page_name = 'st-johns-lutheran-school-red-wing-mn';
UPDATE schools SET old_page_name = 'st-johns-lutheran-school' WHERE page_name = 'st-johns-lutheran-school-lake-city-mn';
UPDATE schools SET old_page_name = 'st-johns-lutheran-school' WHERE page_name = 'st-johns-lutheran-school-dakota-mn';
UPDATE schools SET old_page_name = 'st-johns-lutheran-school' WHERE page_name = 'st-johns-lutheran-school-hannibal-mo';
UPDATE schools SET old_page_name = 'st-johns-lutheran-school' WHERE page_name = 'st-johns-lutheran-school-arnold-mo';
UPDATE schools SET old_page_name = 'st-johns-lutheran-school' WHERE page_name = 'st-johns-lutheran-school-columbus-ne';
UPDATE schools SET old_page_name = 'st-johns-lutheran-school' WHERE page_name = 'st-johns-lutheran-school-grand-haven-mi';
UPDATE schools SET old_page_name = 'st-johns-lutheran-school' WHERE page_name = 'st-johns-lutheran-school-bay-city-mi';
UPDATE schools SET old_page_name = 'st-johns-lutheran-school' WHERE page_name = 'st-johns-lutheran-school-orange-ca';
UPDATE schools SET old_page_name = 'st-johns-lutheran-school' WHERE page_name = 'st-johns-lutheran-school-country-club-hills-il';
UPDATE schools SET old_page_name = 'st-johns-lutheran-school' WHERE page_name = 'st-johns-lutheran-school-red-bud-il';
UPDATE schools SET old_page_name = 'st-johns-lutheran-school' WHERE page_name = 'st-johns-lutheran-school-buckley-il';
UPDATE schools SET old_page_name = 'st-johns-lutheran-school' WHERE page_name = 'st-johns-lutheran-school-seymour-in';
UPDATE schools SET old_page_name = 'st-johns-lutheran-school' WHERE page_name = 'st-johns-lutheran-school-burlington-wi';
UPDATE schools SET old_page_name = 'st-johns-lutheran-school' WHERE page_name = 'st-johns-lutheran-school-newburg-wi';
UPDATE schools SET old_page_name = 'st-johns-lutheran-school' WHERE page_name = 'st-johns-lutheran-school-portage-wi';
UPDATE schools SET old_page_name = 'st-johns-lutheran-school' WHERE page_name = 'st-johns-lutheran-school-lannon-wi';
UPDATE schools SET old_page_name = 'st-johns-lutheran-school' WHERE page_name = 'st-johns-lutheran-school-manitowoc-wi';
UPDATE schools SET old_page_name = 'st-johns-lutheran-school' WHERE page_name = 'st-johns-lutheran-school-milwaukee-wi';
UPDATE schools SET old_page_name = 'st-johns-lutheran-school' WHERE page_name = 'st-johns-lutheran-school-jefferson-wi';
UPDATE schools SET old_page_name = 'st-johns-lutheran-school' WHERE page_name = 'st-johns-lutheran-school-mayville-wi';
UPDATE schools SET old_page_name = 'st-johns-lutheran-school' WHERE page_name = 'st-johns-lutheran-school-okabena-mn';
UPDATE schools SET old_page_name = 'st-johns-lutheran-school' WHERE page_name = 'st-johns-lutheran-school-corcoran-mn';
UPDATE schools SET old_page_name = 'st-johns-lutheran-school' WHERE page_name = 'st-johns-lutheran-school-mattoon-il';
UPDATE schools SET old_page_name = 'st-johns-lutheran-school' WHERE page_name = 'st-johns-lutheran-school-moore-ok';
UPDATE schools SET old_page_name = 'st-johns-parish-day-school' WHERE page_name = 'st-johns-parish-day-school-ellicott-city-md';
UPDATE schools SET old_page_name = 'st-johns-school' WHERE page_name = 'st-johns-school-independence-ia';
UPDATE schools SET old_page_name = 'st-johns-st-andrews-catholic-school' WHERE page_name = 'st-johns-st-andrews-catholic-school-greenwald-mn';
UPDATE schools SET old_page_name = 'st-john-sacred-heart-school' WHERE page_name = 'st-john-sacred-heart-school-sherwood-wi';
UPDATE schools SET old_page_name = 'st-john-st-james-lutheran-school' WHERE page_name = 'st-john-st-james-lutheran-school-reedsville-wi';
UPDATE schools SET old_page_name = 'st-josaphat-parish-school' WHERE page_name = 'st-josaphat-parish-school-milwaukee-wi';
UPDATE schools SET old_page_name = 'st-josaphat-school' WHERE page_name = 'st-josaphat-school-chicago-il';
UPDATE schools SET old_page_name = 'st-joseph-academy' WHERE page_name = 'st-joseph-academy-cleveland-oh';
UPDATE schools SET old_page_name = 'st-joseph-academy' WHERE page_name = 'st-joseph-academy-brownsville-tx';
UPDATE schools SET old_page_name = 'st-joseph-academy' WHERE page_name = 'st-joseph-academy-maggie-valley-nc';
UPDATE schools SET old_page_name = 'st-joseph-cathedral-school' WHERE page_name = 'st-joseph-cathedral-school-jefferson-city-mo';
UPDATE schools SET old_page_name = 'st-joseph-catholic-elementary-school' WHERE page_name = 'st-joseph-catholic-elementary-school-manhattan-il';
UPDATE schools SET old_page_name = 'st-joseph-catholic-high-school' WHERE page_name = 'st-joseph-catholic-high-school-ogden-ut';
UPDATE schools SET old_page_name = 'st-joseph-catholic-high-school' WHERE page_name = 'st-joseph-catholic-high-school-huntington-wv';
UPDATE schools SET old_page_name = 'st-joseph-catholic-school' WHERE page_name = 'st-joseph-catholic-school-boyd-wi';
UPDATE schools SET old_page_name = 'st-joseph-catholic-school' WHERE page_name = 'st-joseph-catholic-school-vancouver-wa';
UPDATE schools SET old_page_name = 'st-joseph-catholic-school' WHERE page_name = 'st-joseph-catholic-school-ogden-ut';
UPDATE schools SET old_page_name = 'st-joseph-catholic-school' WHERE page_name = 'st-joseph-catholic-school-baytown-tx';
UPDATE schools SET old_page_name = 'st-joseph-catholic-school' WHERE page_name = 'st-joseph-catholic-school-bryan-tx';
UPDATE schools SET old_page_name = 'st-joseph-catholic-school' WHERE page_name = 'st-joseph-catholic-school-edinburg-tx';
UPDATE schools SET old_page_name = 'st-joseph-catholic-school' WHERE page_name = 'st-joseph-catholic-school-muskogee-ok';
UPDATE schools SET old_page_name = 'st-joseph-catholic-school' WHERE page_name = 'st-joseph-catholic-school-maumee-oh';
UPDATE schools SET old_page_name = 'st-joseph-catholic-school' WHERE page_name = 'st-joseph-catholic-school-monroeville-oh';
UPDATE schools SET old_page_name = 'st-joseph-catholic-school' WHERE page_name = 'st-joseph-catholic-school-crestline-oh';
UPDATE schools SET old_page_name = 'st-joseph-catholic-school' WHERE page_name = 'st-joseph-catholic-school-anderson-sc';
UPDATE schools SET old_page_name = 'st-joseph-catholic-school' WHERE page_name = 'st-joseph-catholic-school-westphalia-mo';
UPDATE schools SET old_page_name = 'st-joseph-catholic-school' WHERE page_name = 'st-joseph-catholic-school-madison-ms';
UPDATE schools SET old_page_name = 'st-joseph-catholic-school' WHERE page_name = 'st-joseph-catholic-school-york-ne';
UPDATE schools SET old_page_name = 'st-joseph-catholic-school' WHERE page_name = 'st-joseph-catholic-school-libertyville-il';
UPDATE schools SET old_page_name = 'st-joseph-catholic-school' WHERE page_name = 'st-joseph-catholic-school-corydon-in';
UPDATE schools SET old_page_name = 'st-joseph-catholic-school' WHERE page_name = 'st-joseph-catholic-school-de-witt-ia';
UPDATE schools SET old_page_name = 'st-joseph-catholic-school' WHERE page_name = 'st-joseph-catholic-school-jacksonville-fl';
UPDATE schools SET old_page_name = 'st-joseph-catholic-school' WHERE page_name = 'st-joseph-catholic-school-winter-haven-fl';
UPDATE schools SET old_page_name = 'st-joseph-catholic-school' WHERE page_name = 'st-joseph-catholic-school-palm-bay-fl';
UPDATE schools SET old_page_name = 'st-joseph-catholic-school' WHERE page_name = 'st-joseph-catholic-school-fort-collins-co';
UPDATE schools SET old_page_name = 'st-joseph-catholic-school' WHERE page_name = 'st-joseph-catholic-school-tucson-az';
UPDATE schools SET old_page_name = 'st-joseph-catholic-school' WHERE page_name = 'st-joseph-catholic-school-rosemount-mn';
UPDATE schools SET old_page_name = 'st-joseph-catholic-school' WHERE page_name = 'st-joseph-catholic-school-saint-johns-mi';
UPDATE schools SET old_page_name = 'st-joseph-catholic-school' WHERE page_name = 'st-joseph-catholic-school-howell-mi';
UPDATE schools SET old_page_name = 'st-joseph-catholic-school' WHERE page_name = 'st-joseph-catholic-school-marietta-ga';
UPDATE schools SET old_page_name = 'st-joseph-catholic-school' WHERE page_name = 'st-joseph-catholic-school-conway-springs-ks';
UPDATE schools SET old_page_name = 'st-joseph-catholic-school' WHERE page_name = 'st-joseph-catholic-school-wichita-ks';
UPDATE schools SET old_page_name = 'st-joseph-catholic-school' WHERE page_name = 'st-joseph-catholic-school-erie-mi';
UPDATE schools SET old_page_name = 'st-joseph-catholic-school' WHERE page_name = 'st-joseph-catholic-school-stuart-fl';
UPDATE schools SET old_page_name = 'st-joseph-catholic-school' WHERE page_name = 'st-joseph-catholic-school-shreveport-la';
UPDATE schools SET old_page_name = 'st-joseph-catholic-school' WHERE page_name = 'st-joseph-catholic-school-enid-ok';
UPDATE schools SET old_page_name = 'st-joseph-catholic-school' WHERE page_name = 'st-joseph-catholic-school-richardson-tx';
UPDATE schools SET old_page_name = 'st-joseph-catholic-school' WHERE page_name = 'st-joseph-catholic-school-waxahachie-tx';
UPDATE schools SET old_page_name = 'st-joseph-catholic-school' WHERE page_name = 'st-joseph-catholic-school-fayetteville-ar';
UPDATE schools SET old_page_name = 'st-joseph-catholic-school-ost' WHERE page_name = 'st-joseph-catholic-school-ost-mount-hope-ks';
UPDATE schools SET old_page_name = 'st-joseph-central-catholic-high-school' WHERE page_name = 'st-joseph-central-catholic-high-school-fremont-oh';
UPDATE schools SET old_page_name = 'st-joseph-christian-school' WHERE page_name = 'st-joseph-christian-school-saint-joseph-mo';
UPDATE schools SET old_page_name = 'st-joseph-community-school' WHERE page_name = 'st-joseph-community-school-new-hampton-ia';
UPDATE schools SET old_page_name = 'st-joseph-consolidated-school' WHERE page_name = 'st-joseph-consolidated-school-hamilton-oh';
UPDATE schools SET old_page_name = 'st-joseph-elementary-school' WHERE page_name = 'st-joseph-elementary-school-medford-ma';
UPDATE schools SET old_page_name = 'st-joseph-elementary-school' WHERE page_name = 'st-joseph-elementary-school-trenton-mi';
UPDATE schools SET old_page_name = 'st-joseph-elementary-school' WHERE page_name = 'st-joseph-elementary-school-pewamo-mi';
UPDATE schools SET old_page_name = 'st-joseph-elementary-school' WHERE page_name = 'st-joseph-elementary-school-west-branch-mi';
UPDATE schools SET old_page_name = 'st-joseph-elementary-school' WHERE page_name = 'st-joseph-elementary-school-mcpherson-ks';
UPDATE schools SET old_page_name = 'st-joseph-elementary-school' WHERE page_name = 'st-joseph-elementary-school-ellinwood-ks';
UPDATE schools SET old_page_name = 'st-joseph-elementary-school' WHERE page_name = 'st-joseph-elementary-school-santa-ana-ca';
UPDATE schools SET old_page_name = 'st-joseph-elementary-school' WHERE page_name = 'st-joseph-elementary-school-placentia-ca';
UPDATE schools SET old_page_name = 'st-joseph-elementary-school' WHERE page_name = 'st-joseph-elementary-school-alameda-ca';
UPDATE schools SET old_page_name = 'st-joseph-elementary-school' WHERE page_name = 'st-joseph-elementary-school-pinole-ca';
UPDATE schools SET old_page_name = 'st-joseph-elementary-school' WHERE page_name = 'st-joseph-elementary-school-pomona-ca';
UPDATE schools SET old_page_name = 'st-joseph-elementary-school' WHERE page_name = 'st-joseph-elementary-school-la-puente-ca';
UPDATE schools SET old_page_name = 'st-joseph-elementary-school' WHERE page_name = 'st-joseph-elementary-school-danbury-ct';
UPDATE schools SET old_page_name = 'st-joseph-elementary-school' WHERE page_name = 'st-joseph-elementary-school-des-moines-ia';
UPDATE schools SET old_page_name = 'st-joseph-elementary-school' WHERE page_name = 'st-joseph-elementary-school-evansville-in';
UPDATE schools SET old_page_name = 'st-joseph-elementary-school' WHERE page_name = 'st-joseph-elementary-school-lockport-il';
UPDATE schools SET old_page_name = 'st-joseph-elementary-school' WHERE page_name = 'st-joseph-elementary-school-baltic-ct';
UPDATE schools SET old_page_name = 'st-joseph-elementary-school' WHERE page_name = 'st-joseph-elementary-school-yoakum-tx';
UPDATE schools SET old_page_name = 'st-joseph-elementary-school' WHERE page_name = 'st-joseph-elementary-school-big-bend-wi';
UPDATE schools SET old_page_name = 'st-joseph-elementary-school' WHERE page_name = 'st-joseph-elementary-school-mogadore-oh';
UPDATE schools SET old_page_name = 'st-joseph-elementary-school' WHERE page_name = 'st-joseph-elementary-school-penfield-ny';
UPDATE schools SET old_page_name = 'st-joseph-elementary-school' WHERE page_name = 'st-joseph-elementary-school-beatrice-ne';
UPDATE schools SET old_page_name = 'st-joseph-elementary-school' WHERE page_name = 'st-joseph-elementary-school-atkinson-ne';
UPDATE schools SET old_page_name = 'st-joseph-elementary-school' WHERE page_name = 'st-joseph-elementary-school-east-orange-nj';
UPDATE schools SET old_page_name = 'st-joseph-elementary-school' WHERE page_name = 'st-joseph-elementary-school-jersey-city-nj';
UPDATE schools SET old_page_name = 'st-joseph-elementary-school' WHERE page_name = 'st-joseph-elementary-school-carteret-nj';
UPDATE schools SET old_page_name = 'st-joseph-elementary-school' WHERE page_name = 'st-joseph-elementary-school-moorhead-mn';
UPDATE schools SET old_page_name = 'st-joseph-elementary-school' WHERE page_name = 'st-joseph-elementary-school-pilot-grove-mo';
UPDATE schools SET old_page_name = 'st-joseph-elementary-school' WHERE page_name = 'st-joseph-elementary-school-martinsburg-mo';
UPDATE schools SET old_page_name = 'st-joseph-elementary-school' WHERE page_name = 'st-joseph-elementary-school-sainte-genevieve-mo';
UPDATE schools SET old_page_name = 'st-joseph-elementary-school' WHERE page_name = 'st-joseph-elementary-school-herndon-va';
UPDATE schools SET old_page_name = 'st-joseph-grade-school' WHERE page_name = 'st-joseph-grade-school-toms-river-nj';
UPDATE schools SET old_page_name = 'st-joseph-grade-school' WHERE page_name = 'st-joseph-grade-school-huntington-wv';
UPDATE schools SET old_page_name = 'st-joseph-grade-school' WHERE page_name = 'st-joseph-grade-school-wauwatosa-wi';
UPDATE schools SET old_page_name = 'st-joseph-hessen-cassel' WHERE page_name = 'st-joseph-hessen-cassel-fort-wayne-in';
UPDATE schools SET old_page_name = 'st-joseph-high-school' WHERE page_name = 'st-joseph-high-school-santa-maria-ca';
UPDATE schools SET old_page_name = 'st-joseph-high-school' WHERE page_name = 'st-joseph-high-school-trumbull-ct';
UPDATE schools SET old_page_name = 'st-joseph-high-school' WHERE page_name = 'st-joseph-high-school-lakewood-ca';
UPDATE schools SET old_page_name = 'st-joseph-high-school' WHERE page_name = 'st-joseph-high-school-victoria-tx';
UPDATE schools SET old_page_name = 'st-joseph-high-school' WHERE page_name = 'st-joseph-high-school-natrona-heights-pa';
UPDATE schools SET old_page_name = 'st-joseph-high-school' WHERE page_name = 'st-joseph-high-school-metuchen-nj';
UPDATE schools SET old_page_name = 'st-joseph-hill-academy' WHERE page_name = 'st-joseph-hill-academy-staten-island-ny';
UPDATE schools SET old_page_name = 'st-joseph-interparochial-school' WHERE page_name = 'st-joseph-interparochial-school-bowling-green-ky';
UPDATE schools SET old_page_name = 'st-joseph-marquette-catholic-school' WHERE page_name = 'st-joseph-marquette-catholic-school-yakima-wa';
UPDATE schools SET old_page_name = 'st-joseph-middle-school' WHERE page_name = 'st-joseph-middle-school-battle-creek-mi';
UPDATE schools SET old_page_name = 'st-joseph-mission-school' WHERE page_name = 'st-joseph-mission-school-san-fidel-nm';
UPDATE schools SET old_page_name = 'st-joseph-notre-dame-high-school' WHERE page_name = 'st-joseph-notre-dame-high-school-alameda-ca';
UPDATE schools SET old_page_name = 'st-joseph-pro-cathedral-school' WHERE page_name = 'st-joseph-pro-cathedral-school-camden-nj';
UPDATE schools SET old_page_name = 'st-joseph-regional-catholic-school' WHERE page_name = 'st-joseph-regional-catholic-school-florence-al';
UPDATE schools SET old_page_name = 'st-joseph-regional-high-school' WHERE page_name = 'st-joseph-regional-high-school-montvale-nj';
UPDATE schools SET old_page_name = 'st-joseph-school' WHERE page_name = 'st-joseph-school-sylvania-oh';
UPDATE schools SET old_page_name = 'st-joseph-school' WHERE page_name = 'st-joseph-school-oradell-nj';
UPDATE schools SET old_page_name = 'st-joseph-school' WHERE page_name = 'st-joseph-school-scott-city-mo';
UPDATE schools SET old_page_name = 'st-joseph-school' WHERE page_name = 'st-joseph-school-missoula-mt';
UPDATE schools SET old_page_name = 'st-joseph-school' WHERE page_name = 'st-joseph-school-saint-charles-mo';
UPDATE schools SET old_page_name = 'st-joseph-school' WHERE page_name = 'st-joseph-school-farmington-mo';
UPDATE schools SET old_page_name = 'st-joseph-school' WHERE page_name = 'st-joseph-school-salisbury-mo';
UPDATE schools SET old_page_name = 'st-joseph-school' WHERE page_name = 'st-joseph-school-york-pa';
UPDATE schools SET old_page_name = 'st-joseph-school' WHERE page_name = 'st-joseph-school-danville-pa';
UPDATE schools SET old_page_name = 'st-joseph-school' WHERE page_name = 'st-joseph-school-west-warwick-ri';
UPDATE schools SET old_page_name = 'st-joseph-school' WHERE page_name = 'st-joseph-school-salem-or';
UPDATE schools SET old_page_name = 'st-joseph-school' WHERE page_name = 'st-joseph-school-knoxville-tn';
UPDATE schools SET old_page_name = 'st-joseph-school' WHERE page_name = 'st-joseph-school-madison-tn';
UPDATE schools SET old_page_name = 'st-joseph-school' WHERE page_name = 'st-joseph-school-columbia-sc';
UPDATE schools SET old_page_name = 'st-joseph-school' WHERE page_name = 'st-joseph-school-seattle-wa';
UPDATE schools SET old_page_name = 'st-joseph-school' WHERE page_name = 'st-joseph-school-chehalis-wa';
UPDATE schools SET old_page_name = 'st-joseph-school' WHERE page_name = 'st-joseph-school-racine-wi';
UPDATE schools SET old_page_name = 'st-joseph-school' WHERE page_name = 'st-joseph-school-martinsburg-wv';
UPDATE schools SET old_page_name = 'st-joseph-school' WHERE page_name = 'st-joseph-school-stratford-wi';
UPDATE schools SET old_page_name = 'st-joseph-school' WHERE page_name = 'st-joseph-school-bristol-ct';
UPDATE schools SET old_page_name = 'st-joseph-school' WHERE page_name = 'st-joseph-school-fremont-ca';
UPDATE schools SET old_page_name = 'st-joseph-school' WHERE page_name = 'st-joseph-school-redding-ca';
UPDATE schools SET old_page_name = 'st-joseph-school' WHERE page_name = 'st-joseph-school-bardstown-ky';
UPDATE schools SET old_page_name = 'st-joseph-school' WHERE page_name = 'st-joseph-school-crescent-springs-ky';
UPDATE schools SET old_page_name = 'st-joseph-school' WHERE page_name = 'st-joseph-school-wakefield-ma';
UPDATE schools SET old_page_name = 'st-joseph-school' WHERE page_name = 'st-joseph-school-needham-ma';
UPDATE schools SET old_page_name = 'st-joseph-school' WHERE page_name = 'st-joseph-school-lake-orion-mi';
UPDATE schools SET old_page_name = 'st-joseph-school' WHERE page_name = 'st-joseph-school-fairhaven-ma';
UPDATE schools SET old_page_name = 'st-joseph-school' WHERE page_name = 'st-joseph-school-upland-ca';
UPDATE schools SET old_page_name = 'st-joseph-school' WHERE page_name = 'st-joseph-school-hilo-hi';
UPDATE schools SET old_page_name = 'st-joseph-school' WHERE page_name = 'st-joseph-school-olney-il';
UPDATE schools SET old_page_name = 'st-joseph-school' WHERE page_name = 'st-joseph-school-new-london-ct';
UPDATE schools SET old_page_name = 'st-joseph-school' WHERE page_name = 'st-joseph-school-shelbyville-in';
UPDATE schools SET old_page_name = 'st-joseph-school' WHERE page_name = 'st-joseph-school-garrett-in';
UPDATE schools SET old_page_name = 'st-joseph-school' WHERE page_name = 'st-joseph-school-princeton-in';
UPDATE schools SET old_page_name = 'st-joseph-school' WHERE page_name = 'st-joseph-school-lincoln-ne';
UPDATE schools SET old_page_name = 'st-joseph-school' WHERE page_name = 'st-joseph-school-rice-lake-wi';
UPDATE schools SET old_page_name = 'st-joseph-school' WHERE page_name = 'st-joseph-school-conway-ar';
UPDATE schools SET old_page_name = 'st-joseph-school' WHERE page_name = 'st-joseph-school-hawthorne-ca';
UPDATE schools SET old_page_name = 'st-joseph-school-fullerton' WHERE page_name = 'st-joseph-school-fullerton-baltimore-md';
UPDATE schools SET old_page_name = 'st-joseph-school-josephville' WHERE page_name = 'st-joseph-school-josephville-wentzville-mo';
UPDATE schools SET old_page_name = 'st-joseph-st-robert-school' WHERE page_name = 'st-joseph-st-robert-school-warrington-pa';
UPDATE schools SET old_page_name = 'st-joseph-the-carpenter-school' WHERE page_name = 'st-joseph-the-carpenter-school-roselle-nj';
UPDATE schools SET old_page_name = 'st-joseph-the-provider-school' WHERE page_name = 'st-joseph-the-provider-school-youngstown-oh';
UPDATE schools SET old_page_name = 'st-joseph-the-worker-grade-school' WHERE page_name = 'st-joseph-the-worker-grade-school-weirton-wv';
UPDATE schools SET old_page_name = 'st-joseph-the-worker-school' WHERE page_name = 'st-joseph-the-worker-school-orefield-pa';
UPDATE schools SET old_page_name = 'st-joseph-the-worker-school' WHERE page_name = 'st-joseph-the-worker-school-winnetka-ca';
UPDATE schools SET old_page_name = 'st-joseph-the-worker-school' WHERE page_name = 'st-joseph-the-worker-school-mount-pleasant-mi';
UPDATE schools SET old_page_name = 'st-josephs-catholic-school' WHERE page_name = 'st-josephs-catholic-school-macon-ga';
UPDATE schools SET old_page_name = 'st-josephs-school' WHERE page_name = 'st-josephs-school-west-saint-paul-mn';
UPDATE schools SET old_page_name = 'st-jude-cathedral-school' WHERE page_name = 'st-jude-cathedral-school-st-petersburg-fl';
UPDATE schools SET old_page_name = 'st-jude-catholic-school' WHERE page_name = 'st-jude-catholic-school-wichita-ks';
UPDATE schools SET old_page_name = 'st-jude-catholic-school' WHERE page_name = 'st-jude-catholic-school-boca-raton-fl';
UPDATE schools SET old_page_name = 'st-jude-educational-institute' WHERE page_name = 'st-jude-educational-institute-chicago-il';
UPDATE schools SET old_page_name = 'st-jude-elementary-school' WHERE page_name = 'st-jude-elementary-school-fort-wayne-in';
UPDATE schools SET old_page_name = 'st-jude-of-the-lake-school' WHERE page_name = 'st-jude-of-the-lake-school-mahtomedi-mn';
UPDATE schools SET old_page_name = 'st-jude-school' WHERE page_name = 'st-jude-school-elyria-oh';
UPDATE schools SET old_page_name = 'st-jude-school' WHERE page_name = 'st-jude-school-chattanooga-tn';
UPDATE schools SET old_page_name = 'st-jude-school' WHERE page_name = 'st-jude-school-new-lenox-il';
UPDATE schools SET old_page_name = 'st-jude-school' WHERE page_name = 'st-jude-school-joliet-il';
UPDATE schools SET old_page_name = 'st-jude-school' WHERE page_name = 'st-jude-school-baton-rouge-la';
UPDATE schools SET old_page_name = 'st-jude-school' WHERE page_name = 'st-jude-school-mountain-top-pa';
UPDATE schools SET old_page_name = 'st-jude-thaddeus-school' WHERE page_name = 'st-jude-thaddeus-school-havre-mt';
UPDATE schools SET old_page_name = 'st-jude-the-apostle-school' WHERE page_name = 'st-jude-the-apostle-school-wynantskill-ny';
UPDATE schools SET old_page_name = 'st-jude-the-apostle-school' WHERE page_name = 'st-jude-the-apostle-school-wauwatosa-wi';
UPDATE schools SET old_page_name = 'st-juliana-falconieri-school' WHERE page_name = 'st-juliana-falconieri-school-fullerton-ca';
UPDATE schools SET old_page_name = 'st-justin-elementary-school' WHERE page_name = 'st-justin-elementary-school-santa-clara-ca';
UPDATE schools SET old_page_name = 'st-katharine-drexel-school' WHERE page_name = 'st-katharine-drexel-school-beaver-dam-wi';
UPDATE schools SET old_page_name = 'st-kevin-school' WHERE page_name = 'st-kevin-school-warwick-ri';
UPDATE schools SET old_page_name = 'st-kilian-school' WHERE page_name = 'st-kilian-school-hartford-wi';
UPDATE schools SET old_page_name = 'st-la-salle-elementary-school' WHERE page_name = 'st-la-salle-elementary-school-reedley-ca';
UPDATE schools SET old_page_name = 'st-lawrence-catholic-school' WHERE page_name = 'st-lawrence-catholic-school-indianapolis-in';
UPDATE schools SET old_page_name = 'st-lawrence-catholic-school' WHERE page_name = 'st-lawrence-catholic-school-tampa-fl';
UPDATE schools SET old_page_name = 'st-lawrence-elementary-school' WHERE page_name = 'st-lawrence-elementary-school-rochester-ny';
UPDATE schools SET old_page_name = 'st-lawrence-elementary-school' WHERE page_name = 'st-lawrence-elementary-school-cincinnati-oh';
UPDATE schools SET old_page_name = 'st-lawrence-elementary-school' WHERE page_name = 'st-lawrence-elementary-school-lafayette-in';
UPDATE schools SET old_page_name = 'st-lawrence-school' WHERE page_name = 'st-lawrence-school-milbank-sd';
UPDATE schools SET old_page_name = 'st-lawrence-school' WHERE page_name = 'st-lawrence-school-ironton-oh';
UPDATE schools SET old_page_name = 'st-lawrence-school' WHERE page_name = 'st-lawrence-school-west-haven-ct';
UPDATE schools SET old_page_name = 'st-lawrence-seminary-high-school' WHERE page_name = 'st-lawrence-seminary-high-school-mount-calvary-wi';
UPDATE schools SET old_page_name = 'st-leo-elementary-school' WHERE page_name = 'st-leo-elementary-school-elmwood-park-nj';
UPDATE schools SET old_page_name = 'st-leo-school' WHERE page_name = 'st-leo-school-leominster-ma';
UPDATE schools SET old_page_name = 'st-leo-school' WHERE page_name = 'st-leo-school-versailles-ky';
UPDATE schools SET old_page_name = 'st-leo-the-great-school' WHERE page_name = 'st-leo-the-great-school-lincroft-nj';
UPDATE schools SET old_page_name = 'st-leo-the-great-school' WHERE page_name = 'st-leo-the-great-school-fairfax-va';
UPDATE schools SET old_page_name = 'st-leo-the-great-school' WHERE page_name = 'st-leo-the-great-school-san-jose-ca';
UPDATE schools SET old_page_name = 'st-leonard-school' WHERE page_name = 'st-leonard-school-berwyn-il';
UPDATE schools SET old_page_name = 'st-leonard-school' WHERE page_name = 'st-leonard-school-madison-ne';
UPDATE schools SET old_page_name = 'st-linus-catholic-elementary-school' WHERE page_name = 'st-linus-catholic-elementary-school-norwalk-ca';
UPDATE schools SET old_page_name = 'st-linus-elementary-school' WHERE page_name = 'st-linus-elementary-school-oak-lawn-il';
UPDATE schools SET old_page_name = 'st-louis-academy' WHERE page_name = 'st-louis-academy-new-haven-in';
UPDATE schools SET old_page_name = 'st-louis-catholic-academy' WHERE page_name = 'st-louis-catholic-academy-saint-louis-mo';
UPDATE schools SET old_page_name = 'st-louis-catholic-high-school' WHERE page_name = 'st-louis-catholic-high-school-lake-charles-la';
UPDATE schools SET old_page_name = 'st-louis-catholic-school' WHERE page_name = 'st-louis-catholic-school-alexandria-va';
UPDATE schools SET old_page_name = 'st-louis-catholic-school' WHERE page_name = 'st-louis-catholic-school-waco-tx';
UPDATE schools SET old_page_name = 'st-louis-catholic-school' WHERE page_name = 'st-louis-catholic-school-nokomis-il';
UPDATE schools SET old_page_name = 'st-louis-catholic-school' WHERE page_name = 'st-louis-catholic-school-louisville-co';
UPDATE schools SET old_page_name = 'st-louis-covenant-school' WHERE page_name = 'st-louis-covenant-school-pinecrest-fl';
UPDATE schools SET old_page_name = 'st-louis-de-montfort' WHERE page_name = 'st-louis-de-montfort-santa-maria-ca';
UPDATE schools SET old_page_name = 'st-louis-king-of-france-school' WHERE page_name = 'st-louis-king-of-france-school-metairie-la';
UPDATE schools SET old_page_name = 'st-louis-priory-school' WHERE page_name = 'st-louis-priory-school-saint-louis-mo';
UPDATE schools SET old_page_name = 'st-louis-school' WHERE page_name = 'st-louis-school-owensville-oh';
UPDATE schools SET old_page_name = 'st-louis-school' WHERE page_name = 'st-louis-school-custar-oh';
UPDATE schools SET old_page_name = 'st-louis-school' WHERE page_name = 'st-louis-school-clarksville-md';
UPDATE schools SET old_page_name = 'st-louis-school' WHERE page_name = 'st-louis-school-honolulu-hi';
UPDATE schools SET old_page_name = 'st-louis-school' WHERE page_name = 'st-louis-school-batesville-in';
UPDATE schools SET old_page_name = 'st-louis-school' WHERE page_name = 'st-louis-school-pittsford-ny';
UPDATE schools SET old_page_name = 'st-louis-the-king-school' WHERE page_name = 'st-louis-the-king-school-glendale-az';
UPDATE schools SET old_page_name = 'st-louis-university-high-school' WHERE page_name = 'st-louis-university-high-school-saint-louis-mo';
UPDATE schools SET old_page_name = 'st-louise-de-marillac-school' WHERE page_name = 'st-louise-de-marillac-school-covina-ca';
UPDATE schools SET old_page_name = 'st-lucas-grade-school' WHERE page_name = 'st-lucas-grade-school-kewaskum-wi';