UPDATE schools SET old_page_name = 'ksu-child-development-center' WHERE page_name = 'ksu-child-development-center-kent-oh';
UPDATE schools SET old_page_name = 'kurn-hattin-homes' WHERE page_name = 'kurn-hattin-homes-westminster-vt';
UPDATE schools SET old_page_name = 'kurtz-valley-school' WHERE page_name = 'kurtz-valley-school-mifflintown-pa';
UPDATE schools SET old_page_name = 'kzv-armenian-school' WHERE page_name = 'kzv-armenian-school-san-francisco-ca';
UPDATE schools SET old_page_name = 'la-casita-bilingue-montessori-school' WHERE page_name = 'la-casita-bilingue-montessori-school-pinole-ca';
UPDATE schools SET old_page_name = 'la-europa-academy' WHERE page_name = 'la-europa-academy-murray-ut';
UPDATE schools SET old_page_name = 'la-jolla-country-day-school' WHERE page_name = 'la-jolla-country-day-school-la-jolla-ca';
UPDATE schools SET old_page_name = 'la-lumiere-school' WHERE page_name = 'la-lumiere-school-laporte-in';
UPDATE schools SET old_page_name = 'la-mariposa-montessori' WHERE page_name = 'la-mariposa-montessori-santa-fe-nm';
UPDATE schools SET old_page_name = 'la-prima-casa-montessori' WHERE page_name = 'la-prima-casa-montessori-miami-fl';
UPDATE schools SET old_page_name = 'la-purisima-concepcion-school' WHERE page_name = 'la-purisima-concepcion-school-lompoc-ca';
UPDATE schools SET old_page_name = 'la-purisima-school' WHERE page_name = 'la-purisima-school-orange-ca';
UPDATE schools SET old_page_name = 'la-quinta-christian-fellowship' WHERE page_name = 'la-quinta-christian-fellowship-la-quinta-ca';
UPDATE schools SET old_page_name = 'la-salle-academy' WHERE page_name = 'la-salle-academy-providence-ri';
UPDATE schools SET old_page_name = 'la-salle-academy' WHERE page_name = 'la-salle-academy-shillington-pa';
UPDATE schools SET old_page_name = 'la-salle-college-high-school' WHERE page_name = 'la-salle-college-high-school-wyndmoor-pa';
UPDATE schools SET old_page_name = 'la-salle-high-school' WHERE page_name = 'la-salle-high-school-cincinnati-oh';
UPDATE schools SET old_page_name = 'la-salle-high-school' WHERE page_name = 'la-salle-high-school-union-gap-wa';
UPDATE schools SET old_page_name = 'la-salle-institute' WHERE page_name = 'la-salle-institute-troy-ny';
UPDATE schools SET old_page_name = 'la-scuola' WHERE page_name = 'la-scuola-miami-fl';
UPDATE schools SET old_page_name = 'la-vida-mission-school' WHERE page_name = 'la-vida-mission-school-farmington-nm';
UPDATE schools SET old_page_name = 'lacordaire-academy' WHERE page_name = 'lacordaire-academy-upper-montclair-nj';
UPDATE schools SET old_page_name = 'lafayette-christian-academy' WHERE page_name = 'lafayette-christian-academy-lafayette-la';
UPDATE schools SET old_page_name = 'lafayette-christian-school' WHERE page_name = 'lafayette-christian-school-lafayette-in';
UPDATE schools SET old_page_name = 'lagrange-academy' WHERE page_name = 'lagrange-academy-lagrange-ga';
UPDATE schools SET old_page_name = 'laguna-blanca-school' WHERE page_name = 'laguna-blanca-school-santa-barbara-ca';
UPDATE schools SET old_page_name = 'laguna-madre-christian-academy' WHERE page_name = 'laguna-madre-christian-academy-laguna-vista-tx';
UPDATE schools SET old_page_name = 'laguna-niguel-jr-academy' WHERE page_name = 'laguna-niguel-jr-academy-laguna-niguel-ca';
UPDATE schools SET old_page_name = 'laguna-niguel-montessori-center' WHERE page_name = 'laguna-niguel-montessori-center-laguna-niguel-ca';
UPDATE schools SET old_page_name = 'lahr-well-academy' WHERE page_name = 'lahr-well-academy-edwardsville-il';
UPDATE schools SET old_page_name = 'laingsburg-christian-school' WHERE page_name = 'laingsburg-christian-school-laingsburg-mi';
UPDATE schools SET old_page_name = 'lake-almanor-christian-school' WHERE page_name = 'lake-almanor-christian-school-lake-almanor-ca';
UPDATE schools SET old_page_name = 'lake-area-christian-school' WHERE page_name = 'lake-area-christian-school-sturgis-mi';
UPDATE schools SET old_page_name = 'lake-arrowhead-christian-school' WHERE page_name = 'lake-arrowhead-christian-school-twin-peaks-ca';
UPDATE schools SET old_page_name = 'lake-catholic-high-school' WHERE page_name = 'lake-catholic-high-school-mentor-oh';
UPDATE schools SET old_page_name = 'lake-center-christian-school' WHERE page_name = 'lake-center-christian-school-hartville-oh';
UPDATE schools SET old_page_name = 'lake-champlain-waldorf-school' WHERE page_name = 'lake-champlain-waldorf-school-shelburne-vt';
UPDATE schools SET old_page_name = 'lake-city-christian-academy' WHERE page_name = 'lake-city-christian-academy-lake-city-fl';
UPDATE schools SET old_page_name = 'lake-country-christian-school' WHERE page_name = 'lake-country-christian-school-starbuck-mn';
UPDATE schools SET old_page_name = 'lake-country-christian-school' WHERE page_name = 'lake-country-christian-school-fort-worth-tx';
UPDATE schools SET old_page_name = 'lake-country-montessori' WHERE page_name = 'lake-country-montessori-nashotah-wi';
UPDATE schools SET old_page_name = 'lake-county-baptist-school' WHERE page_name = 'lake-county-baptist-school-waukegan-il';
UPDATE schools SET old_page_name = 'lake-creek-mennonite-school' WHERE page_name = 'lake-creek-mennonite-school-halsey-or';
UPDATE schools SET old_page_name = 'lake-forest-academy' WHERE page_name = 'lake-forest-academy-lake-forest-il';
UPDATE schools SET old_page_name = 'lake-forest-country-day-school' WHERE page_name = 'lake-forest-country-day-school-lake-forest-il';
UPDATE schools SET old_page_name = 'lake-forest-park-montessori' WHERE page_name = 'lake-forest-park-montessori-shoreline-wa';
UPDATE schools SET old_page_name = 'lake-forrest-preparatory-school' WHERE page_name = 'lake-forrest-preparatory-school-maitland-fl';
UPDATE schools SET old_page_name = 'lake-grace-christian-school' WHERE page_name = 'lake-grace-christian-school-jesup-ga';
UPDATE schools SET old_page_name = 'lake-highland-preparatory-school' WHERE page_name = 'lake-highland-preparatory-school-orlando-fl';
UPDATE schools SET old_page_name = 'lake-magdalene-umc-early-childhood-center' WHERE page_name = 'lake-magdalene-umc-early-childhood-center-tampa-fl';
UPDATE schools SET old_page_name = 'lake-mary-preparatory-school' WHERE page_name = 'lake-mary-preparatory-school-lake-mary-fl';
UPDATE schools SET old_page_name = 'lake-mead-christian-academy' WHERE page_name = 'lake-mead-christian-academy-henderson-nv';
UPDATE schools SET old_page_name = 'lake-michigan-academy' WHERE page_name = 'lake-michigan-academy-grand-rapids-mi';
UPDATE schools SET old_page_name = 'lake-montessori-school' WHERE page_name = 'lake-montessori-school-leesburg-fl';
UPDATE schools SET old_page_name = 'lake-murray-baptist-kindergarten' WHERE page_name = 'lake-murray-baptist-kindergarten-lexington-sc';
UPDATE schools SET old_page_name = 'lake-murray-montessori-school' WHERE page_name = 'lake-murray-montessori-school-columbia-sc';
UPDATE schools SET old_page_name = 'lake-ontario-baptist-academy' WHERE page_name = 'lake-ontario-baptist-academy-hilton-ny';
UPDATE schools SET old_page_name = 'lake-orion-baptist-school' WHERE page_name = 'lake-orion-baptist-school-lake-orion-mi';
UPDATE schools SET old_page_name = 'lake-park-baptist-school' WHERE page_name = 'lake-park-baptist-school-lake-park-fl';
UPDATE schools SET old_page_name = 'lake-region-christian-school' WHERE page_name = 'lake-region-christian-school-baxter-mn';
UPDATE schools SET old_page_name = 'lake-ridge-academy' WHERE page_name = 'lake-ridge-academy-north-ridgeville-oh';
UPDATE schools SET old_page_name = 'lake-rose-christian-academy' WHERE page_name = 'lake-rose-christian-academy-orlando-fl';
UPDATE schools SET old_page_name = 'lake-tahoe-school' WHERE page_name = 'lake-tahoe-school-incline-village-nv';
UPDATE schools SET old_page_name = 'lake-washington-girls-middle-school' WHERE page_name = 'lake-washington-girls-middle-school-seattle-wa';
UPDATE schools SET old_page_name = 'lakeland-christian-school' WHERE page_name = 'lakeland-christian-school-lakeland-fl';
UPDATE schools SET old_page_name = 'lakeland-andover-school' WHERE page_name = 'lakeland-andover-school-newton-nj';
UPDATE schools SET old_page_name = 'lakemary-center' WHERE page_name = 'lakemary-center-paola-ks';
UPDATE schools SET old_page_name = 'lakes-area-montessori' WHERE page_name = 'lakes-area-montessori-walled-lake-mi';
UPDATE schools SET old_page_name = 'lakeshore-christian-school' WHERE page_name = 'lakeshore-christian-school-plattsburgh-ny';
UPDATE schools SET old_page_name = 'lakeside-christian-academy' WHERE page_name = 'lakeside-christian-academy-paris-tn';
UPDATE schools SET old_page_name = 'lakeside-lutheran-high-school' WHERE page_name = 'lakeside-lutheran-high-school-lake-mills-wi';
UPDATE schools SET old_page_name = 'lakeside-montessori' WHERE page_name = 'lakeside-montessori-west-olive-mi';
UPDATE schools SET old_page_name = 'lakeside-montessori-school' WHERE page_name = 'lakeside-montessori-school-issaquah-wa';
UPDATE schools SET old_page_name = 'lakeside-school' WHERE page_name = 'lakeside-school-seattle-wa';
UPDATE schools SET old_page_name = 'lakeside-school' WHERE page_name = 'lakeside-school-wolcottville-in';
UPDATE schools SET old_page_name = 'lakeview-academy' WHERE page_name = 'lakeview-academy-milledgeville-ga';
UPDATE schools SET old_page_name = 'lakeview-baptist-academy' WHERE page_name = 'lakeview-baptist-academy-tupelo-ms';
UPDATE schools SET old_page_name = 'lakeview-christian-academy' WHERE page_name = 'lakeview-christian-academy-duluth-mn';
UPDATE schools SET old_page_name = 'lakeview-christian-school' WHERE page_name = 'lakeview-christian-school-pickens-sc';
UPDATE schools SET old_page_name = 'lakeview-christian-school' WHERE page_name = 'lakeview-christian-school-marion-in';
UPDATE schools SET old_page_name = 'lakeview-christian-school' WHERE page_name = 'lakeview-christian-school-lake-placid-fl';
UPDATE schools SET old_page_name = 'lakeview-learning-center' WHERE page_name = 'lakeview-learning-center-wayne-nj';
UPDATE schools SET old_page_name = 'lakeview-school' WHERE page_name = 'lakeview-school-edison-nj';
UPDATE schools SET old_page_name = 'lakeway-christian-school' WHERE page_name = 'lakeway-christian-school-morristown-tn';
UPDATE schools SET old_page_name = 'lakewood-catholic-academy' WHERE page_name = 'lakewood-catholic-academy-lakewood-oh';
UPDATE schools SET old_page_name = 'lakewood-cheder-school-boys' WHERE page_name = 'lakewood-cheder-school-boys-lakewood-nj';
UPDATE schools SET old_page_name = 'lakewood-christian-schools' WHERE page_name = 'lakewood-christian-schools-long-beach-ca';
UPDATE schools SET old_page_name = 'lakewood-montessori' WHERE page_name = 'lakewood-montessori-boise-id';
UPDATE schools SET old_page_name = 'lakewood-montessori-school' WHERE page_name = 'lakewood-montessori-school-dallas-tx';
UPDATE schools SET old_page_name = 'lakewood-montessori-school' WHERE page_name = 'lakewood-montessori-school-houston-tx';
UPDATE schools SET old_page_name = 'lamar-christian-school' WHERE page_name = 'lamar-christian-school-purvis-ms';
UPDATE schools SET old_page_name = 'lamar-school' WHERE page_name = 'lamar-school-meridian-ms';
UPDATE schools SET old_page_name = 'lamb-of-god-lutheran-school' WHERE page_name = 'lamb-of-god-lutheran-school-las-vegas-nv';
UPDATE schools SET old_page_name = 'lamont-christian-school' WHERE page_name = 'lamont-christian-school-coopersville-mi';
UPDATE schools SET old_page_name = 'lamplighter-montessori-school' WHERE page_name = 'lamplighter-montessori-school-cordova-tn';
UPDATE schools SET old_page_name = 'lancaster-baptist-school' WHERE page_name = 'lancaster-baptist-school-lancaster-ca';
UPDATE schools SET old_page_name = 'lancaster-catholic-high-school' WHERE page_name = 'lancaster-catholic-high-school-lancaster-pa';
UPDATE schools SET old_page_name = 'lancaster-christian-academy' WHERE page_name = 'lancaster-christian-academy-smyrna-tn';
UPDATE schools SET old_page_name = 'lancaster-country-day-school' WHERE page_name = 'lancaster-country-day-school-lancaster-pa';
UPDATE schools SET old_page_name = 'lancaster-mennonite-school-new-danville' WHERE page_name = 'lancaster-mennonite-school-new-danville-lancaster-pa';
UPDATE schools SET old_page_name = 'lancaster-montessori-school' WHERE page_name = 'lancaster-montessori-school-lancaster-oh';
UPDATE schools SET old_page_name = 'land-o-lakes-christian-school' WHERE page_name = 'land-o-lakes-christian-school-land-o-lakes-fl';
UPDATE schools SET old_page_name = 'land-of-lakes-montessori-school' WHERE page_name = 'land-of-lakes-montessori-school-clermont-fl';
UPDATE schools SET old_page_name = 'landmark-christian-academy' WHERE page_name = 'landmark-christian-academy-louisville-ky';
UPDATE schools SET old_page_name = 'landmark-christian-academy' WHERE page_name = 'landmark-christian-academy-oneida-tn';
UPDATE schools SET old_page_name = 'landmark-christian-school' WHERE page_name = 'landmark-christian-school-fairburn-ga';
UPDATE schools SET old_page_name = 'landon-school' WHERE page_name = 'landon-school-bethesda-md';
UPDATE schools SET old_page_name = 'landsdale-montessori-school' WHERE page_name = 'landsdale-montessori-school-lansdale-pa';
UPDATE schools SET old_page_name = 'lanham-christian-school' WHERE page_name = 'lanham-christian-school-lanham-seabrook-md';
UPDATE schools SET old_page_name = 'lansdale-catholic-high-school' WHERE page_name = 'lansdale-catholic-high-school-lansdale-pa';
UPDATE schools SET old_page_name = 'lansing-baptist-school' WHERE page_name = 'lansing-baptist-school-lansing-mi';
UPDATE schools SET old_page_name = 'lansing-christian-school' WHERE page_name = 'lansing-christian-school-lansing-mi';
UPDATE schools SET old_page_name = 'lansing-christian-school' WHERE page_name = 'lansing-christian-school-lansing-il';
UPDATE schools SET old_page_name = 'larc-school' WHERE page_name = 'larc-school-bellmawr-nj';
UPDATE schools SET old_page_name = 'laren-montessori-school' WHERE page_name = 'laren-montessori-school-south-holland-il';
UPDATE schools SET old_page_name = 'larkin-valley-amish-school' WHERE page_name = 'larkin-valley-amish-school-blair-wi';
UPDATE schools SET old_page_name = 'las-cruces-catholic-school' WHERE page_name = 'las-cruces-catholic-school-las-cruces-nm';
UPDATE schools SET old_page_name = 'lasalle-school' WHERE page_name = 'lasalle-school-albany-ny';
UPDATE schools SET old_page_name = 'latham-christian-academy' WHERE page_name = 'latham-christian-academy-latham-ny';
UPDATE schools SET old_page_name = 'lattice-educational-services' WHERE page_name = 'lattice-educational-services-santa-rosa-ca';
UPDATE schools SET old_page_name = 'laura-e-mason-christian-academy' WHERE page_name = 'laura-e-mason-christian-academy-cheyenne-wy';
UPDATE schools SET old_page_name = 'laurel-christian-school' WHERE page_name = 'laurel-christian-school-laurel-ms';
UPDATE schools SET old_page_name = 'laurel-hall-school' WHERE page_name = 'laurel-hall-school-hagerstown-md';
UPDATE schools SET old_page_name = 'laurel-oaks-adventist-school' WHERE page_name = 'laurel-oaks-adventist-school-hamden-ct';
UPDATE schools SET old_page_name = 'laurel-run-school' WHERE page_name = 'laurel-run-school-mifflintown-pa';
UPDATE schools SET old_page_name = 'laurence-manning-academy' WHERE page_name = 'laurence-manning-academy-manning-sc';
UPDATE schools SET old_page_name = 'laurence-school' WHERE page_name = 'laurence-school-van-nuys-ca';
UPDATE schools SET old_page_name = 'lausanne-collegiate-school' WHERE page_name = 'lausanne-collegiate-school-memphis-tn';
UPDATE schools SET old_page_name = 'lawrence-academy' WHERE page_name = 'lawrence-academy-groton-ma';
UPDATE schools SET old_page_name = 'lawrence-academy' WHERE page_name = 'lawrence-academy-merry-hill-nc';
UPDATE schools SET old_page_name = 'le-lycee-francais-de-los-angeles' WHERE page_name = 'le-lycee-francais-de-los-angeles-los-angeles-ca';
UPDATE schools SET old_page_name = 'leaning-oak-school' WHERE page_name = 'leaning-oak-school-mount-pleasant-mills-pa';
UPDATE schools SET old_page_name = 'learning-express-academy' WHERE page_name = 'learning-express-academy-newark-de';
UPDATE schools SET old_page_name = 'learning-prep-school' WHERE page_name = 'learning-prep-school-west-newton-ma';
UPDATE schools SET old_page_name = 'learning-project-elementary-school' WHERE page_name = 'learning-project-elementary-school-boston-ma';
UPDATE schools SET old_page_name = 'learning-skills-academy' WHERE page_name = 'learning-skills-academy-rye-nh';
UPDATE schools SET old_page_name = 'learning-station' WHERE page_name = 'learning-station-state-college-pa';
UPDATE schools SET old_page_name = 'learning-tree-elementary-school' WHERE page_name = 'learning-tree-elementary-school-dalton-ga';
UPDATE schools SET old_page_name = 'learning-tree-southwest' WHERE page_name = 'learning-tree-southwest-west-jordan-ut';
UPDATE schools SET old_page_name = 'lebanon-christian-academy' WHERE page_name = 'lebanon-christian-academy-lebanon-pa';
UPDATE schools SET old_page_name = 'lebanon-lutheran-school' WHERE page_name = 'lebanon-lutheran-school-watertown-wi';
UPDATE schools SET old_page_name = 'lebanon-united-methodist-kindergarten' WHERE page_name = 'lebanon-united-methodist-kindergarten-lebanon-oh';
UPDATE schools SET old_page_name = 'lee-academy' WHERE page_name = 'lee-academy-lee-me';
UPDATE schools SET old_page_name = 'lee-christian-school' WHERE page_name = 'lee-christian-school-sanford-nc';
UPDATE schools SET old_page_name = 'lee-scott-academy' WHERE page_name = 'lee-scott-academy-auburn-al';
UPDATE schools SET old_page_name = 'legacy-academy' WHERE page_name = 'legacy-academy-albuquerque-nm';
UPDATE schools SET old_page_name = 'legacy-christian-academy' WHERE page_name = 'legacy-christian-academy-seffner-fl';
UPDATE schools SET old_page_name = 'legacy-christian-school' WHERE page_name = 'legacy-christian-school-grand-rapids-mi';
UPDATE schools SET old_page_name = 'legacy-christian-school' WHERE page_name = 'legacy-christian-school-claremore-ok';
UPDATE schools SET old_page_name = 'lehigh-christian-academy' WHERE page_name = 'lehigh-christian-academy-allentown-pa';
UPDATE schools SET old_page_name = 'lehman-catholic-high-school' WHERE page_name = 'lehman-catholic-high-school-sidney-oh';
UPDATE schools SET old_page_name = 'lehrman-community-day-school' WHERE page_name = 'lehrman-community-day-school-miami-beach-fl';
UPDATE schools SET old_page_name = 'lenawee-christian-school' WHERE page_name = 'lenawee-christian-school-adrian-mi';
UPDATE schools SET old_page_name = 'leo-catholic-high-school' WHERE page_name = 'leo-catholic-high-school-chicago-il';
UPDATE schools SET old_page_name = 'leonard-e-burket-christian-school' WHERE page_name = 'leonard-e-burket-christian-school-center-moriches-ny';
UPDATE schools SET old_page_name = 'leonard-hall-jr-naval-academy' WHERE page_name = 'leonard-hall-jr-naval-academy-leonardtown-md';
UPDATE schools SET old_page_name = 'lerner-jewish-community-day-school' WHERE page_name = 'lerner-jewish-community-day-school-durham-nc';
UPDATE schools SET old_page_name = 'les-enfants-montessori-school' WHERE page_name = 'les-enfants-montessori-school-astoria-ny';
UPDATE schools SET old_page_name = 'lesley-ellis-school' WHERE page_name = 'lesley-ellis-school-arlington-ma';
UPDATE schools SET old_page_name = 'lev-bais-yaakov' WHERE page_name = 'lev-bais-yaakov-brooklyn-ny';
UPDATE schools SET old_page_name = 'level-cross-christian-school' WHERE page_name = 'level-cross-christian-school-randleman-nc';
UPDATE schools SET old_page_name = 'levelland-christian-school' WHERE page_name = 'levelland-christian-school-levelland-tx';
UPDATE schools SET old_page_name = 'levey-day-school' WHERE page_name = 'levey-day-school-portland-me';
UPDATE schools SET old_page_name = 'levy-christian-kindergarten' WHERE page_name = 'levy-christian-kindergarten-north-little-rock-ar';
UPDATE schools SET old_page_name = 'lewis-county-adventist-school' WHERE page_name = 'lewis-county-adventist-school-chehalis-wa';
UPDATE schools SET old_page_name = 'lexington-catholic-high-school' WHERE page_name = 'lexington-catholic-high-school-lexington-ky';
UPDATE schools SET old_page_name = 'lexington-christian-academy' WHERE page_name = 'lexington-christian-academy-lexington-ma';
UPDATE schools SET old_page_name = 'lexington-montessori-school' WHERE page_name = 'lexington-montessori-school-lexington-ky';
UPDATE schools SET old_page_name = 'lexington-montessori-school' WHERE page_name = 'lexington-montessori-school-lexington-ma';
UPDATE schools SET old_page_name = 'lexington-school-for-the-deaf' WHERE page_name = 'lexington-school-for-the-deaf-east-elmhurst-ny';
UPDATE schools SET old_page_name = 'lexington-universal-academy' WHERE page_name = 'lexington-universal-academy-lexington-ky';
UPDATE schools SET old_page_name = 'libby-adventist-christian-school' WHERE page_name = 'libby-adventist-christian-school-libby-mt';
UPDATE schools SET old_page_name = 'liberty-academy' WHERE page_name = 'liberty-academy-shawnee-ok';
UPDATE schools SET old_page_name = 'liberty-baptist-academy' WHERE page_name = 'liberty-baptist-academy-las-vegas-nv';
UPDATE schools SET old_page_name = 'liberty-baptist-academy' WHERE page_name = 'liberty-baptist-academy-fort-pierce-fl';
UPDATE schools SET old_page_name = 'liberty-baptist-school' WHERE page_name = 'liberty-baptist-school-san-jose-ca';
UPDATE schools SET old_page_name = 'liberty-bible-academy' WHERE page_name = 'liberty-bible-academy-mason-oh';
UPDATE schools SET old_page_name = 'liberty-christian-academy' WHERE page_name = 'liberty-christian-academy-etna-oh';
UPDATE schools SET old_page_name = 'liberty-christian-academy' WHERE page_name = 'liberty-christian-academy-guin-al';
UPDATE schools SET old_page_name = 'liberty-christian-academy' WHERE page_name = 'liberty-christian-academy-fayetteville-nc';
UPDATE schools SET old_page_name = 'liberty-christian-academy' WHERE page_name = 'liberty-christian-academy-seymour-in';
UPDATE schools SET old_page_name = 'liberty-christian-academy' WHERE page_name = 'liberty-christian-academy-dresden-tn';
UPDATE schools SET old_page_name = 'liberty-christian-academy' WHERE page_name = 'liberty-christian-academy-wright-city-mo';
UPDATE schools SET old_page_name = 'liberty-christian-school' WHERE page_name = 'liberty-christian-school-durham-nc';
UPDATE schools SET old_page_name = 'liberty-christian-school' WHERE page_name = 'liberty-christian-school-sidney-mt';
UPDATE schools SET old_page_name = 'liberty-christian-school' WHERE page_name = 'liberty-christian-school-argyle-tx';
UPDATE schools SET old_page_name = 'liberty-christian-school' WHERE page_name = 'liberty-christian-school-owings-mills-md';
UPDATE schools SET old_page_name = 'liberty-christian-school' WHERE page_name = 'liberty-christian-school-richland-wa';
UPDATE schools SET old_page_name = 'liberty-christian-school' WHERE page_name = 'liberty-christian-school-huntington-beach-ca';
UPDATE schools SET old_page_name = 'liberty-christian-school' WHERE page_name = 'liberty-christian-school-sanford-fl';
UPDATE schools SET old_page_name = 'liberty-christian-school' WHERE page_name = 'liberty-christian-school-anderson-in';
UPDATE schools SET old_page_name = 'liberty-christian-school' WHERE page_name = 'liberty-christian-school-walla-walla-wa';
UPDATE schools SET old_page_name = 'liberty-christian-school' WHERE page_name = 'liberty-christian-school-chippewa-falls-wi';
UPDATE schools SET old_page_name = 'liberty-christian-school' WHERE page_name = 'liberty-christian-school-lima-oh';
UPDATE schools SET old_page_name = 'liberty-faith-christian-academy' WHERE page_name = 'liberty-faith-christian-academy-moultrie-ga';
UPDATE schools SET old_page_name = 'liberty-high-school' WHERE page_name = 'liberty-high-school-kissimmee-fl';
UPDATE schools SET old_page_name = 'libertyville-montessori-school' WHERE page_name = 'libertyville-montessori-school-libertyville-il';
UPDATE schools SET old_page_name = 'life-academy' WHERE page_name = 'life-academy-grand-junction-co';
UPDATE schools SET old_page_name = 'life-center-academy' WHERE page_name = 'life-center-academy-burlington-nj';
UPDATE schools SET old_page_name = 'life-christian-academy' WHERE page_name = 'life-christian-academy-westminster-co';
UPDATE schools SET old_page_name = 'life-church-school' WHERE page_name = 'life-church-school-kirksville-mo';
UPDATE schools SET old_page_name = 'life-of-christ-christian-academy' WHERE page_name = 'life-of-christ-christian-academy-new-orleans-la';
UPDATE schools SET old_page_name = 'life-prep-academy' WHERE page_name = 'life-prep-academy-newport-wa';
UPDATE schools SET old_page_name = 'lifegate-christian-school' WHERE page_name = 'lifegate-christian-school-harrisburg-or';
UPDATE schools SET old_page_name = 'lifegate-christian-school' WHERE page_name = 'lifegate-christian-school-seguin-tx';
UPDATE schools SET old_page_name = 'lifestyle-christian-school' WHERE page_name = 'lifestyle-christian-school-conroe-tx';
UPDATE schools SET old_page_name = 'light-city-christian-academy' WHERE page_name = 'light-city-christian-academy-new-orleans-la';
UPDATE schools SET old_page_name = 'light-of-the-world-academy' WHERE page_name = 'light-of-the-world-academy-pinckney-mi';
UPDATE schools SET old_page_name = 'lighted-way-association' WHERE page_name = 'lighted-way-association-la-salle-il';
UPDATE schools SET old_page_name = 'lighthouse' WHERE page_name = 'lighthouse-sacramento-ca';
UPDATE schools SET old_page_name = 'lighthouse-academy-of-fredericksburg' WHERE page_name = 'lighthouse-academy-of-fredericksburg-fredericksburg-va';
UPDATE schools SET old_page_name = 'lighthouse-baptist-christian-academy' WHERE page_name = 'lighthouse-baptist-christian-academy-holbrook-ma';
UPDATE schools SET old_page_name = 'lighthouse-baptist-school' WHERE page_name = 'lighthouse-baptist-school-pleasanton-ca';
UPDATE schools SET old_page_name = 'lighthouse-christian-academy' WHERE page_name = 'lighthouse-christian-academy-stevensville-md';
UPDATE schools SET old_page_name = 'lighthouse-christian-academy' WHERE page_name = 'lighthouse-christian-academy-manahawkin-nj';
UPDATE schools SET old_page_name = 'lighthouse-christian-academy' WHERE page_name = 'lighthouse-christian-academy-dawsonville-ga';
UPDATE schools SET old_page_name = 'lighthouse-christian-academy' WHERE page_name = 'lighthouse-christian-academy-mayo-fl';
UPDATE schools SET old_page_name = 'lighthouse-christian-academy' WHERE page_name = 'lighthouse-christian-academy-san-lorenzo-ca';
UPDATE schools SET old_page_name = 'lighthouse-christian-academy' WHERE page_name = 'lighthouse-christian-academy-tulsa-ok';
UPDATE schools SET old_page_name = 'lighthouse-christian-academy' WHERE page_name = 'lighthouse-christian-academy-enoree-sc';
UPDATE schools SET old_page_name = 'lighthouse-christian-academy' WHERE page_name = 'lighthouse-christian-academy-hendersonville-tn';
UPDATE schools SET old_page_name = 'lighthouse-christian-academy' WHERE page_name = 'lighthouse-christian-academy-cortez-co';
UPDATE schools SET old_page_name = 'lighthouse-christian-academy' WHERE page_name = 'lighthouse-christian-academy-bloomington-in';
UPDATE schools SET old_page_name = 'lighthouse-christian-academy' WHERE page_name = 'lighthouse-christian-academy-montgomery-al';
UPDATE schools SET old_page_name = 'lighthouse-christian-academy' WHERE page_name = 'lighthouse-christian-academy-tallahassee-fl';
UPDATE schools SET old_page_name = 'lighthouse-christian-academy' WHERE page_name = 'lighthouse-christian-academy-cumberland-md';
UPDATE schools SET old_page_name = 'lighthouse-christian-academy' WHERE page_name = 'lighthouse-christian-academy-lyon-station-pa';
UPDATE schools SET old_page_name = 'lighthouse-christian-academy' WHERE page_name = 'lighthouse-christian-academy-santa-monica-ca';
UPDATE schools SET old_page_name = 'lighthouse-christian-learning-center' WHERE page_name = 'lighthouse-christian-learning-center-haines-city-fl';
UPDATE schools SET old_page_name = 'lighthouse-christian-school' WHERE page_name = 'lighthouse-christian-school-antioch-tn';
UPDATE schools SET old_page_name = 'lighthouse-christian-school' WHERE page_name = 'lighthouse-christian-school-dagsboro-de';
UPDATE schools SET old_page_name = 'lighthouse-christian-school' WHERE page_name = 'lighthouse-christian-school-twin-falls-id';
UPDATE schools SET old_page_name = 'lighthouse-christian-school' WHERE page_name = 'lighthouse-christian-school-madison-wi';
UPDATE schools SET old_page_name = 'lighthouse-christian-school' WHERE page_name = 'lighthouse-christian-school-kingsport-tn';
UPDATE schools SET old_page_name = 'lighthouse-christian-school' WHERE page_name = 'lighthouse-christian-school-valdosta-ga';
UPDATE schools SET old_page_name = 'lighthouse-christian-school' WHERE page_name = 'lighthouse-christian-school-hot-springs-ar';
UPDATE schools SET old_page_name = 'lighthouse-christian-school' WHERE page_name = 'lighthouse-christian-school-gig-harbor-wa';
UPDATE schools SET old_page_name = 'lilac-grove-amish-school' WHERE page_name = 'lilac-grove-amish-school-gladwin-mi';
UPDATE schools SET old_page_name = 'lilliput-early-childhood-center' WHERE page_name = 'lilliput-early-childhood-center-shrewsbury-ma';
UPDATE schools SET old_page_name = 'lima-central-catholic-high-school' WHERE page_name = 'lima-central-catholic-high-school-lima-oh';
UPDATE schools SET old_page_name = 'lime-quarry-school' WHERE page_name = 'lime-quarry-school-gap-pa';
UPDATE schools SET old_page_name = 'limestone-hills-day-school' WHERE page_name = 'limestone-hills-day-school-wilmington-de';
UPDATE schools SET old_page_name = 'limestone-valley-school' WHERE page_name = 'limestone-valley-school-mifflinburg-pa';
UPDATE schools SET old_page_name = 'limeville-amish-school' WHERE page_name = 'limeville-amish-school-gap-pa';
UPDATE schools SET old_page_name = 'lincoln-amish-school' WHERE page_name = 'lincoln-amish-school-berne-in';
UPDATE schools SET old_page_name = 'lincoln-christian-school' WHERE page_name = 'lincoln-christian-school-tulsa-ok';
UPDATE schools SET old_page_name = 'lincoln-city-seventh-day-adventist-school' WHERE page_name = 'lincoln-city-seventh-day-adventist-school-lincoln-city-or';
UPDATE schools SET old_page_name = 'lincoln-lutheran-middle-high-school' WHERE page_name = 'lincoln-lutheran-middle-high-school-lincoln-ne';
UPDATE schools SET old_page_name = 'lincoln-school' WHERE page_name = 'lincoln-school-providence-ri';
UPDATE schools SET old_page_name = 'linda-vista-adventist-elementary-school' WHERE page_name = 'linda-vista-adventist-elementary-school-oxnard-ca';
UPDATE schools SET old_page_name = 'linden-grove-school' WHERE page_name = 'linden-grove-school-cincinnati-oh';
UPDATE schools SET old_page_name = 'linden-grove-school' WHERE page_name = 'linden-grove-school-new-holland-pa';
UPDATE schools SET old_page_name = 'linden-hall' WHERE page_name = 'linden-hall-lititz-pa';
UPDATE schools SET old_page_name = 'linden-sda-school' WHERE page_name = 'linden-sda-school-laurelton-ny';
UPDATE schools SET old_page_name = 'linfield-christian-school' WHERE page_name = 'linfield-christian-school-temecula-ca';
UPDATE schools SET old_page_name = 'linn-lutheran-school' WHERE page_name = 'linn-lutheran-school-linn-ks';
UPDATE schools SET old_page_name = 'linworth-childrens-center' WHERE page_name = 'linworth-childrens-center-columbus-oh';
UPDATE schools SET old_page_name = 'lisbon-falls-christian-academy' WHERE page_name = 'lisbon-falls-christian-academy-lisbon-falls-me';
UPDATE schools SET old_page_name = 'litchfield-montessori-school' WHERE page_name = 'litchfield-montessori-school-northfield-ct';
UPDATE schools SET old_page_name = 'lithonia-adventist-academy-elementary' WHERE page_name = 'lithonia-adventist-academy-elementary-stonecrest-ga';
UPDATE schools SET old_page_name = 'lititz-area-mennonite-school' WHERE page_name = 'lititz-area-mennonite-school-lititz-pa';
UPDATE schools SET old_page_name = 'little-acorn-patch-at-kingstowne' WHERE page_name = 'little-acorn-patch-at-kingstowne-alexandria-va';
UPDATE schools SET old_page_name = 'little-angels-christian-school' WHERE page_name = 'little-angels-christian-school-hialeah-fl';
UPDATE schools SET old_page_name = 'little-ash-amish-school' WHERE page_name = 'little-ash-amish-school-sugar-grove-pa';
UPDATE schools SET old_page_name = 'little-blessings-preschool' WHERE page_name = 'little-blessings-preschool-attleboro-ma';
UPDATE schools SET old_page_name = 'little-country-school-house' WHERE page_name = 'little-country-school-house-clarksville-tn';
UPDATE schools SET old_page_name = 'little-crane-montessori-school' WHERE page_name = 'little-crane-montessori-school-ridgewood-nj';
UPDATE schools SET old_page_name = 'little-creek-school' WHERE page_name = 'little-creek-school-humboldt-il';
UPDATE schools SET old_page_name = 'little-earth-school' WHERE page_name = 'little-earth-school-santa-fe-nm';
UPDATE schools SET old_page_name = 'little-explorers-learning-center' WHERE page_name = 'little-explorers-learning-center-plaistow-nh';
UPDATE schools SET old_page_name = 'little-flock-christian-academy' WHERE page_name = 'little-flock-christian-academy-shepherdsville-ky';
UPDATE schools SET old_page_name = 'little-flower-catholic-school' WHERE page_name = 'little-flower-catholic-school-springfield-il';
UPDATE schools SET old_page_name = 'little-flower-catholic-school' WHERE page_name = 'little-flower-catholic-school-indianapolis-in';
UPDATE schools SET old_page_name = 'little-flower-catholic-school' WHERE page_name = 'little-flower-catholic-school-pensacola-fl';
UPDATE schools SET old_page_name = 'little-flower-catholic-school' WHERE page_name = 'little-flower-catholic-school-mobile-al';
UPDATE schools SET old_page_name = 'little-flower-montessori-school' WHERE page_name = 'little-flower-montessori-school-edison-nj';
UPDATE schools SET old_page_name = 'little-flower-montessori-school' WHERE page_name = 'little-flower-montessori-school-wilton-manors-fl';
UPDATE schools SET old_page_name = 'little-flower-school' WHERE page_name = 'little-flower-school-bethesda-md';
UPDATE schools SET old_page_name = 'little-folks' WHERE page_name = 'little-folks-coeur-d-alene-id';
UPDATE schools SET old_page_name = 'little-keswick-school' WHERE page_name = 'little-keswick-school-keswick-va';
UPDATE schools SET old_page_name = 'little-learners-montessori' WHERE page_name = 'little-learners-montessori-sulphur-la';
UPDATE schools SET old_page_name = 'little-miners-montessori' WHERE page_name = 'little-miners-montessori-park-city-ut';
UPDATE schools SET old_page_name = 'little-nittany-school' WHERE page_name = 'little-nittany-school-howard-pa';
UPDATE schools SET old_page_name = 'little-peoples-academy' WHERE page_name = 'little-peoples-academy-idaho-falls-id';
UPDATE schools SET old_page_name = 'little-red-school-house' WHERE page_name = 'little-red-school-house-bakersfield-ca';
UPDATE schools SET old_page_name = 'little-river-community-school' WHERE page_name = 'little-river-community-school-canton-ny';
UPDATE schools SET old_page_name = 'little-rock-adventist-academy' WHERE page_name = 'little-rock-adventist-academy-little-rock-ar';
UPDATE schools SET old_page_name = 'little-rock-christian-academy' WHERE page_name = 'little-rock-christian-academy-little-rock-ar';
UPDATE schools SET old_page_name = 'little-rock-montessori-school' WHERE page_name = 'little-rock-montessori-school-little-rock-ar';
UPDATE schools SET old_page_name = 'little-run-school' WHERE page_name = 'little-run-school-conewango-valley-ny';
UPDATE schools SET old_page_name = 'little-sonshine-school-house' WHERE page_name = 'little-sonshine-school-house-morgan-hill-ca';
UPDATE schools SET old_page_name = 'little-star-montessori-school' WHERE page_name = 'little-star-montessori-school-winthrop-wa';
UPDATE schools SET old_page_name = 'little-village-country-day-school' WHERE page_name = 'little-village-country-day-school-randolph-nj';
UPDATE schools SET old_page_name = 'little-voyageurs-montessori-school' WHERE page_name = 'little-voyageurs-montessori-school-columbia-heights-mn';
UPDATE schools SET old_page_name = 'live-oak-classical-school' WHERE page_name = 'live-oak-classical-school-waco-tx';
UPDATE schools SET old_page_name = 'live-oak-school' WHERE page_name = 'live-oak-school-san-francisco-ca';
UPDATE schools SET old_page_name = 'live-oak-waldorf-school' WHERE page_name = 'live-oak-waldorf-school-meadow-vista-ca';
UPDATE schools SET old_page_name = 'living-hope-lutheran-school' WHERE page_name = 'living-hope-lutheran-school-shakopee-mn';
UPDATE schools SET old_page_name = 'living-springs-academy' WHERE page_name = 'living-springs-academy-high-springs-fl';
UPDATE schools SET old_page_name = 'living-stones-christian-school' WHERE page_name = 'living-stones-christian-school-alvin-tx';
UPDATE schools SET old_page_name = 'living-water-christian-school' WHERE page_name = 'living-water-christian-school-rosenberg-tx';
UPDATE schools SET old_page_name = 'living-way-christian-academy' WHERE page_name = 'living-way-christian-academy-adairsville-ga';
UPDATE schools SET old_page_name = 'living-word-academy' WHERE page_name = 'living-word-academy-orlando-fl';
UPDATE schools SET old_page_name = 'living-word-christian-school' WHERE page_name = 'living-word-christian-school-north-fort-myers-fl';
UPDATE schools SET old_page_name = 'living-word-lutheran-high-school' WHERE page_name = 'living-word-lutheran-high-school-jackson-wi';
UPDATE schools SET old_page_name = 'livonia-little-tots-day-nursery' WHERE page_name = 'livonia-little-tots-day-nursery-livonia-mi';
UPDATE schools SET old_page_name = 'loch-meadow-kindergarten' WHERE page_name = 'loch-meadow-kindergarten-norfolk-va';
UPDATE schools SET old_page_name = 'locust-grove' WHERE page_name = 'locust-grove-rensselaer-falls-ny';
UPDATE schools SET old_page_name = 'locust-grove-school' WHERE page_name = 'locust-grove-school-mount-pleasant-mills-pa';
UPDATE schools SET old_page_name = 'locust-ridge-school' WHERE page_name = 'locust-ridge-school-loganton-pa';
UPDATE schools SET old_page_name = 'lodi-academy' WHERE page_name = 'lodi-academy-lodi-ca';
UPDATE schools SET old_page_name = 'lodi-sda-elementary-school' WHERE page_name = 'lodi-sda-elementary-school-lodi-ca';
UPDATE schools SET old_page_name = 'log-cabin-school' WHERE page_name = 'log-cabin-school-spartansburg-pa';
UPDATE schools SET old_page_name = 'logan-christian-school' WHERE page_name = 'logan-christian-school-logan-oh';
UPDATE schools SET old_page_name = 'logan-hope-school' WHERE page_name = 'logan-hope-school-philadelphia-pa';
UPDATE schools SET old_page_name = 'logos-academy' WHERE page_name = 'logos-academy-york-pa';
UPDATE schools SET old_page_name = 'logos-christian-academy' WHERE page_name = 'logos-christian-academy-fallon-nv';
UPDATE schools SET old_page_name = 'london-christian-academy' WHERE page_name = 'london-christian-academy-london-ky';
UPDATE schools SET old_page_name = 'london-grove-friends-kindergarten' WHERE page_name = 'london-grove-friends-kindergarten-kennett-square-pa';
UPDATE schools SET old_page_name = 'lone-maple-amish-school' WHERE page_name = 'lone-maple-amish-school-punxsutawney-pa';
UPDATE schools SET old_page_name = 'lone-oak-amish-school' WHERE page_name = 'lone-oak-amish-school-ethridge-tn';
UPDATE schools SET old_page_name = 'lone-oak-mennonite-school' WHERE page_name = 'lone-oak-mennonite-school-new-enterprise-pa';
UPDATE schools SET old_page_name = 'lone-pine-school' WHERE page_name = 'lone-pine-school-geneva-in';
UPDATE schools SET old_page_name = 'long-beach-catholic-regional-school' WHERE page_name = 'long-beach-catholic-regional-school-long-beach-ny';
UPDATE schools SET old_page_name = 'long-island-hebrew-academy' WHERE page_name = 'long-island-hebrew-academy-great-neck-ny';
UPDATE schools SET old_page_name = 'long-island-montessori-school' WHERE page_name = 'long-island-montessori-school-westbury-ny';
UPDATE schools SET old_page_name = 'long-trail-school' WHERE page_name = 'long-trail-school-dorset-vt';
UPDATE schools SET old_page_name = 'longmont-christian-school' WHERE page_name = 'longmont-christian-school-longmont-co';
UPDATE schools SET old_page_name = 'longview-school' WHERE page_name = 'longview-school-deerfield-nh';
UPDATE schools SET old_page_name = 'looking-glass-center-point-school' WHERE page_name = 'looking-glass-center-point-school-eugene-or';
UPDATE schools SET old_page_name = 'lord-of-life-lutheran-school' WHERE page_name = 'lord-of-life-lutheran-school-thornton-co';
UPDATE schools SET old_page_name = 'loretto-academy' WHERE page_name = 'loretto-academy-el-paso-tx';
UPDATE schools SET old_page_name = 'loretto-catholic-school' WHERE page_name = 'loretto-catholic-school-douglas-az';
UPDATE schools SET old_page_name = 'los-altos-grace-brethren-school' WHERE page_name = 'los-altos-grace-brethren-school-long-beach-ca';
UPDATE schools SET old_page_name = 'los-angeles-adventist-academy' WHERE page_name = 'los-angeles-adventist-academy-los-angeles-ca';
UPDATE schools SET old_page_name = 'los-angeles-computer-science-academy' WHERE page_name = 'los-angeles-computer-science-academy-los-angeles-ca';
UPDATE schools SET old_page_name = 'los-angeles-hebrew-high-school' WHERE page_name = 'los-angeles-hebrew-high-school-valley-village-ca';
UPDATE schools SET old_page_name = 'los-banos-adventist-school' WHERE page_name = 'los-banos-adventist-school-los-banos-ca';
UPDATE schools SET old_page_name = 'los-encinos-school' WHERE page_name = 'los-encinos-school-encino-ca';
UPDATE schools SET old_page_name = 'loudoun-country-day-school' WHERE page_name = 'loudoun-country-day-school-leesburg-va';
UPDATE schools SET old_page_name = 'louisiana-new-school-academy' WHERE page_name = 'louisiana-new-school-academy-zachary-la';
UPDATE schools SET old_page_name = 'louisville-collegiate-school' WHERE page_name = 'louisville-collegiate-school-louisville-ky';
UPDATE schools SET old_page_name = 'louisville-high-school' WHERE page_name = 'louisville-high-school-woodland-hills-ca';
UPDATE schools SET old_page_name = 'lourdes-catholic-school' WHERE page_name = 'lourdes-catholic-school-bettendorf-ia';
UPDATE schools SET old_page_name = 'lourdes-catholic-school' WHERE page_name = 'lourdes-catholic-school-nogales-az';
UPDATE schools SET old_page_name = 'lourdes-central-catholic-school' WHERE page_name = 'lourdes-central-catholic-school-nebraska-city-ne';
UPDATE schools SET old_page_name = 'lourdes-high-school' WHERE page_name = 'lourdes-high-school-rochester-mn';
UPDATE schools SET old_page_name = 'love-of-learning-montessori' WHERE page_name = 'love-of-learning-montessori-centerport-ny';
UPDATE schools SET old_page_name = 'love-outreach-christian-academy' WHERE page_name = 'love-outreach-christian-academy-miramar-fl';
UPDATE schools SET old_page_name = 'loveville-mennonite-school' WHERE page_name = 'loveville-mennonite-school-mechanicsville-md';
UPDATE schools SET old_page_name = 'loving-savior-of-the-hills-lutheran-school' WHERE page_name = 'loving-savior-of-the-hills-lutheran-school-chino-hills-ca';
UPDATE schools SET old_page_name = 'lowell-school' WHERE page_name = 'lowell-school-washington-dc';
UPDATE schools SET old_page_name = 'lowndes-academy' WHERE page_name = 'lowndes-academy-lowndesboro-al';
UPDATE schools SET old_page_name = 'loyola-academy-of-st-louis' WHERE page_name = 'loyola-academy-of-st-louis-saint-louis-mo';
UPDATE schools SET old_page_name = 'loyola-blakefield' WHERE page_name = 'loyola-blakefield-baltimore-md';
UPDATE schools SET old_page_name = 'loyola-high-school' WHERE page_name = 'loyola-high-school-detroit-mi';
UPDATE schools SET old_page_name = 'lt-joseph-p-kennedy-jr-school' WHERE page_name = 'lt-joseph-p-kennedy-jr-school-tinley-park-il';
UPDATE schools SET old_page_name = 'lubavitch-cheder-day-school' WHERE page_name = 'lubavitch-cheder-day-school-saint-paul-mn';
UPDATE schools SET old_page_name = 'lubavitch-girls-high-school' WHERE page_name = 'lubavitch-girls-high-school-chicago-il';
UPDATE schools SET old_page_name = 'lubavitch-mesivta-of-chicago' WHERE page_name = 'lubavitch-mesivta-of-chicago-chicago-il';
UPDATE schools SET old_page_name = 'lubavitcher-yeshiva' WHERE page_name = 'lubavitcher-yeshiva-brooklyn-ny';
UPDATE schools SET old_page_name = 'lubavitcher-yeshiva-academy' WHERE page_name = 'lubavitcher-yeshiva-academy-longmeadow-ma';
UPDATE schools SET old_page_name = 'lubbock-christian-school' WHERE page_name = 'lubbock-christian-school-lubbock-tx';
UPDATE schools SET old_page_name = 'lucas-christian-academy' WHERE page_name = 'lucas-christian-academy-lucas-tx';
UPDATE schools SET old_page_name = 'lucy-school' WHERE page_name = 'lucy-school-middletown-md';
UPDATE schools SET old_page_name = 'ludington-area-catholic-school' WHERE page_name = 'ludington-area-catholic-school-ludington-mi';
UPDATE schools SET old_page_name = 'luke-m-powers-catholic-high-school' WHERE page_name = 'luke-m-powers-catholic-high-school-flint-mi';
UPDATE schools SET old_page_name = 'lumbini-child-development-center' WHERE page_name = 'lumbini-child-development-center-los-angeles-ca';
UPDATE schools SET old_page_name = 'lumen-christi-catholic-school' WHERE page_name = 'lumen-christi-catholic-school-mequon-wi';
UPDATE schools SET old_page_name = 'lustre-christian-high-school' WHERE page_name = 'lustre-christian-high-school-lustre-mt';
UPDATE schools SET old_page_name = 'luther-high-school' WHERE page_name = 'luther-high-school-onalaska-wi';
UPDATE schools SET old_page_name = 'luther-memorial-school' WHERE page_name = 'luther-memorial-school-fond-du-lac-wi';
UPDATE schools SET old_page_name = 'lutheran-central-school' WHERE page_name = 'lutheran-central-school-brownstown-in';
UPDATE schools SET old_page_name = 'lutheran-church-of-the-cross-day-school' WHERE page_name = 'lutheran-church-of-the-cross-day-school-st-petersburg-fl';
UPDATE schools SET old_page_name = 'lutheran-church-schools' WHERE page_name = 'lutheran-church-schools-worthington-pa';
UPDATE schools SET old_page_name = 'lutheran-elementary-school-of-bay-ridge' WHERE page_name = 'lutheran-elementary-school-of-bay-ridge-brooklyn-ny';
UPDATE schools SET old_page_name = 'lutheran-high-north' WHERE page_name = 'lutheran-high-north-houston-tx';
UPDATE schools SET old_page_name = 'lutheran-high-northeast' WHERE page_name = 'lutheran-high-northeast-norfolk-ne';
UPDATE schools SET old_page_name = 'lutheran-high-school' WHERE page_name = 'lutheran-high-school-la-verne-ca';
UPDATE schools SET old_page_name = 'lutheran-high-school-east' WHERE page_name = 'lutheran-high-school-east-cleveland-heights-oh';
UPDATE schools SET old_page_name = 'lutheran-high-school-north' WHERE page_name = 'lutheran-high-school-north-macomb-mi';
UPDATE schools SET old_page_name = 'lutheran-high-school-of-greater-new-orleans' WHERE page_name = 'lutheran-high-school-of-greater-new-orleans-metairie-la';
UPDATE schools SET old_page_name = 'lutheran-high-school-of-indianapolis' WHERE page_name = 'lutheran-high-school-of-indianapolis-indianapolis-in';
UPDATE schools SET old_page_name = 'lutheran-high-school-of-kansas-city' WHERE page_name = 'lutheran-high-school-of-kansas-city-kansas-city-mo';
UPDATE schools SET old_page_name = 'lutheran-high-school-of-san-antonio' WHERE page_name = 'lutheran-high-school-of-san-antonio-san-antonio-tx';
UPDATE schools SET old_page_name = 'lutheran-high-school-of-st-charles-county' WHERE page_name = 'lutheran-high-school-of-st-charles-county-saint-peters-mo';
UPDATE schools SET old_page_name = 'lutheran-high-school-westland' WHERE page_name = 'lutheran-high-school-westland-westland-mi';
UPDATE schools SET old_page_name = 'lutheran-interparish-school' WHERE page_name = 'lutheran-interparish-school-williamsburg-ia';
UPDATE schools SET old_page_name = 'lutheran-school-association' WHERE page_name = 'lutheran-school-association-decatur-il';
UPDATE schools SET old_page_name = 'lutheran-school-association' WHERE page_name = 'lutheran-school-association-cole-camp-mo';
UPDATE schools SET old_page_name = 'lutheran-school-of-st-luke' WHERE page_name = 'lutheran-school-of-st-luke-itasca-il';
UPDATE schools SET old_page_name = 'lycee-francais-de-new-york' WHERE page_name = 'lycee-francais-de-new-york-new-york-ny';
UPDATE schools SET old_page_name = 'lydia-patterson-institute' WHERE page_name = 'lydia-patterson-institute-el-paso-tx';
UPDATE schools SET old_page_name = 'lyman-ward-military-academy' WHERE page_name = 'lyman-ward-military-academy-camp-hill-al';
UPDATE schools SET old_page_name = 'lyndon-academy' WHERE page_name = 'lyndon-academy-woodstock-ga';
UPDATE schools SET old_page_name = 'lyndon-institute' WHERE page_name = 'lyndon-institute-lyndon-center-vt';
UPDATE schools SET old_page_name = 'maayanot-yeshiva-high-school-for-girls' WHERE page_name = 'maayanot-yeshiva-high-school-for-girls-teaneck-nj';
UPDATE schools SET old_page_name = 'mableton-christian-academy' WHERE page_name = 'mableton-christian-academy-mableton-ga';
UPDATE schools SET old_page_name = 'mac-arthur-park-lutheran-school' WHERE page_name = 'mac-arthur-park-lutheran-school-san-antonio-tx';
UPDATE schools SET old_page_name = 'macademy' WHERE page_name = 'macademy-brooklyn-ny';
UPDATE schools SET old_page_name = 'macfeat-early-childhood-lab-school' WHERE page_name = 'macfeat-early-childhood-lab-school-rock-hill-sc';
UPDATE schools SET old_page_name = 'mackintosh-academy' WHERE page_name = 'mackintosh-academy-littleton-co';
UPDATE schools SET old_page_name = 'maclay-school' WHERE page_name = 'maclay-school-tallahassee-fl';
UPDATE schools SET old_page_name = 'madinah-academy-of-madison' WHERE page_name = 'madinah-academy-of-madison-madison-wi';
UPDATE schools SET old_page_name = 'madison-academy' WHERE page_name = 'madison-academy-madison-tn';
UPDATE schools SET old_page_name = 'madison-campus-elementary-school' WHERE page_name = 'madison-campus-elementary-school-madison-tn';
UPDATE schools SET old_page_name = 'madison-christian-school' WHERE page_name = 'madison-christian-school-groveport-oh';
UPDATE schools SET old_page_name = 'madison-christian-school' WHERE page_name = 'madison-christian-school-madison-sd';
UPDATE schools SET old_page_name = 'madison-country-day-school' WHERE page_name = 'madison-country-day-school-waunakee-wi';
UPDATE schools SET old_page_name = 'madison-montessori-school' WHERE page_name = 'madison-montessori-school-madison-nj';
UPDATE schools SET old_page_name = 'madrona-school' WHERE page_name = 'madrona-school-bainbridge-island-wa';
UPDATE schools SET old_page_name = 'madrone-adventist-elementary-school' WHERE page_name = 'madrone-adventist-elementary-school-cave-junction-or';
UPDATE schools SET old_page_name = 'magic-kingdom-day-nursery' WHERE page_name = 'magic-kingdom-day-nursery-florham-park-nj';
UPDATE schools SET old_page_name = 'magnificat-high-school' WHERE page_name = 'magnificat-high-school-rocky-river-oh';
UPDATE schools SET old_page_name = 'magnolia-heights-school' WHERE page_name = 'magnolia-heights-school-senatobia-ms';
UPDATE schools SET old_page_name = 'magnolia-speech-school' WHERE page_name = 'magnolia-speech-school-jackson-ms';
UPDATE schools SET old_page_name = 'maili-bible-school' WHERE page_name = 'maili-bible-school-waianae-hi';
UPDATE schools SET old_page_name = 'maimonides-jewish-day-school' WHERE page_name = 'maimonides-jewish-day-school-portland-or';
UPDATE schools SET old_page_name = 'maine-central-institute' WHERE page_name = 'maine-central-institute-pittsfield-me';
UPDATE schools SET old_page_name = 'maitland-montessori-school' WHERE page_name = 'maitland-montessori-school-maitland-fl';
UPDATE schools SET old_page_name = 'malaika-early-learning-center' WHERE page_name = 'malaika-early-learning-center-milwaukee-wi';
UPDATE schools SET old_page_name = 'malamalama-waldorf-school' WHERE page_name = 'malamalama-waldorf-school-keaau-hi';
UPDATE schools SET old_page_name = 'malden-catholic-high-school' WHERE page_name = 'malden-catholic-high-school-malden-ma';
UPDATE schools SET old_page_name = 'malvern-preparatory-school' WHERE page_name = 'malvern-preparatory-school-malvern-pa';
UPDATE schools SET old_page_name = 'manassa-school' WHERE page_name = 'manassa-school-loysville-pa';
UPDATE schools SET old_page_name = 'manassas-christian-school' WHERE page_name = 'manassas-christian-school-manassas-park-va';
UPDATE schools SET old_page_name = 'manhattan-academy' WHERE page_name = 'manhattan-academy-manhattan-beach-ca';
UPDATE schools SET old_page_name = 'manhattan-christian-academy' WHERE page_name = 'manhattan-christian-academy-new-york-ny';
UPDATE schools SET old_page_name = 'manhattan-country-school' WHERE page_name = 'manhattan-country-school-new-york-ny';
UPDATE schools SET old_page_name = 'manhattan-high-school-for-girls' WHERE page_name = 'manhattan-high-school-for-girls-new-york-ny';
UPDATE schools SET old_page_name = 'manheim-christian-day-school' WHERE page_name = 'manheim-christian-day-school-manheim-pa';
UPDATE schools SET old_page_name = 'manitowoc-lutheran-high-school' WHERE page_name = 'manitowoc-lutheran-high-school-manitowoc-wi';
UPDATE schools SET old_page_name = 'manlius-pebble-hill-school' WHERE page_name = 'manlius-pebble-hill-school-syracuse-ny';
UPDATE schools SET old_page_name = 'mansfield-christian-school' WHERE page_name = 'mansfield-christian-school-mansfield-oh';
UPDATE schools SET old_page_name = 'mansfield-sda-school' WHERE page_name = 'mansfield-sda-school-mansfield-oh';
UPDATE schools SET old_page_name = 'mansion-day-school' WHERE page_name = 'mansion-day-school-columbus-oh';
UPDATE schools SET old_page_name = 'manus-academy' WHERE page_name = 'manus-academy-charlotte-nc';
UPDATE schools SET old_page_name = 'manville-school' WHERE page_name = 'manville-school-roxbury-crossing-ma';
UPDATE schools SET old_page_name = 'manzano-day-school' WHERE page_name = 'manzano-day-school-albuquerque-nm';
UPDATE schools SET old_page_name = 'maple-grove-amish-school' WHERE page_name = 'maple-grove-amish-school-milford-in';
UPDATE schools SET old_page_name = 'maple-grove-amish-school' WHERE page_name = 'maple-grove-amish-school-punxsutawney-pa';
UPDATE schools SET old_page_name = 'maple-grove-school' WHERE page_name = 'maple-grove-school-lagrange-in';
UPDATE schools SET old_page_name = 'maple-grove-school' WHERE page_name = 'maple-grove-school-centerville-pa';
UPDATE schools SET old_page_name = 'maple-lane-school' WHERE page_name = 'maple-lane-school-clymer-ny';
UPDATE schools SET old_page_name = 'maple-leaf-amish-school' WHERE page_name = 'maple-leaf-amish-school-decatur-in';
UPDATE schools SET old_page_name = 'maple-park-montessori-school' WHERE page_name = 'maple-park-montessori-school-saint-clair-shores-mi';
UPDATE schools SET old_page_name = 'maple-ridge-school' WHERE page_name = 'maple-ridge-school-heuvelton-ny';
UPDATE schools SET old_page_name = 'maple-row-school' WHERE page_name = 'maple-row-school-conewango-valley-ny';
UPDATE schools SET old_page_name = 'maple-street-school' WHERE page_name = 'maple-street-school-manchester-center-vt';
UPDATE schools SET old_page_name = 'maple-tree-montessori-academy' WHERE page_name = 'maple-tree-montessori-academy-brighton-mi';
UPDATE schools SET old_page_name = 'maplebrook-school' WHERE page_name = 'maplebrook-school-amenia-ny';
UPDATE schools SET old_page_name = 'maplehill-school' WHERE page_name = 'maplehill-school-plainfield-vt';
UPDATE schools SET old_page_name = 'maplestone' WHERE page_name = 'maplestone-acton-me';
UPDATE schools SET old_page_name = 'maplewood-academy' WHERE page_name = 'maplewood-academy-hutchinson-mn';
UPDATE schools SET old_page_name = 'maranatha-adventist-school' WHERE page_name = 'maranatha-adventist-school-moberly-mo';
UPDATE schools SET old_page_name = 'maranatha-baptist-academy' WHERE page_name = 'maranatha-baptist-academy-saint-robert-mo';
UPDATE schools SET old_page_name = 'maranatha-baptist-academy' WHERE page_name = 'maranatha-baptist-academy-watertown-wi';
UPDATE schools SET old_page_name = 'maranatha-baptist-christian-school' WHERE page_name = 'maranatha-baptist-christian-school-el-dorado-ar';
UPDATE schools SET old_page_name = 'maranatha-christian-academy' WHERE page_name = 'maranatha-christian-academy-brooklyn-park-mn';
UPDATE schools SET old_page_name = 'maranatha-christian-academy' WHERE page_name = 'maranatha-christian-academy-oakwood-ga';
UPDATE schools SET old_page_name = 'maranatha-christian-academy' WHERE page_name = 'maranatha-christian-academy-webster-fl';
UPDATE schools SET old_page_name = 'maranatha-christian-school' WHERE page_name = 'maranatha-christian-school-florence-sc';
UPDATE schools SET old_page_name = 'maranatha-christian-school' WHERE page_name = 'maranatha-christian-school-bangor-ca';
UPDATE schools SET old_page_name = 'maranatha-high-school' WHERE page_name = 'maranatha-high-school-pasadena-ca';
UPDATE schools SET old_page_name = 'maranatha-mennonite-christian-school' WHERE page_name = 'maranatha-mennonite-christian-school-watsontown-pa';
UPDATE schools SET old_page_name = 'maranatha-seventh-day-adventist-christian-school' WHERE page_name = 'maranatha-seventh-day-adventist-christian-school-lena-wi';
UPDATE schools SET old_page_name = 'marathon-christian-academy' WHERE page_name = 'marathon-christian-academy-marathon-ny';
UPDATE schools SET old_page_name = 'marbella-montessori' WHERE page_name = 'marbella-montessori-san-juan-capistrano-ca';
UPDATE schools SET old_page_name = 'marcus-garvey-school' WHERE page_name = 'marcus-garvey-school-los-angeles-ca';
UPDATE schools SET old_page_name = 'marcus-pointe-christian-school' WHERE page_name = 'marcus-pointe-christian-school-pensacola-fl';
UPDATE schools SET old_page_name = 'mardan-school' WHERE page_name = 'mardan-school-irvine-ca';
UPDATE schools SET old_page_name = 'maret-school' WHERE page_name = 'maret-school-washington-dc';
UPDATE schools SET old_page_name = 'margaret-p-muscarelle-child-development-center' WHERE page_name = 'margaret-p-muscarelle-child-development-center-garfield-nj';
UPDATE schools SET old_page_name = 'margolin-hebrew-academy' WHERE page_name = 'margolin-hebrew-academy-memphis-tn';
UPDATE schools SET old_page_name = 'marguerite-christian-pre-school' WHERE page_name = 'marguerite-christian-pre-school-mission-viejo-ca';
UPDATE schools SET old_page_name = 'maria-montessori-school' WHERE page_name = 'maria-montessori-school-san-diego-ca';
UPDATE schools SET old_page_name = 'maria-montessori-school' WHERE page_name = 'maria-montessori-school-memphis-tn';
UPDATE schools SET old_page_name = 'maria-regina-high-school' WHERE page_name = 'maria-regina-high-school-hartsdale-ny';
UPDATE schools SET old_page_name = 'marian-catholic-high-school' WHERE page_name = 'marian-catholic-high-school-chicago-heights-il';
UPDATE schools SET old_page_name = 'marian-catholic-high-school' WHERE page_name = 'marian-catholic-high-school-tamaqua-pa';
UPDATE schools SET old_page_name = 'marian-central-catholic-high-school' WHERE page_name = 'marian-central-catholic-high-school-woodstock-il';
UPDATE schools SET old_page_name = 'marian-high-school' WHERE page_name = 'marian-high-school-mishawaka-in';
UPDATE schools SET old_page_name = 'marian-high-school' WHERE page_name = 'marian-high-school-bloomfield-hills-mi';
UPDATE schools SET old_page_name = 'marian-middle-school' WHERE page_name = 'marian-middle-school-saint-louis-mo';
UPDATE schools SET old_page_name = 'marin-academy' WHERE page_name = 'marin-academy-san-rafael-ca';
UPDATE schools SET old_page_name = 'marin-horizon-school' WHERE page_name = 'marin-horizon-school-mill-valley-ca';
UPDATE schools SET old_page_name = 'marin-montessori-school' WHERE page_name = 'marin-montessori-school-corte-madera-ca';
UPDATE schools SET old_page_name = 'marin-waldorf-school' WHERE page_name = 'marin-waldorf-school-san-rafael-ca';
UPDATE schools SET old_page_name = 'marine-military-academy' WHERE page_name = 'marine-military-academy-harlingen-tx';
UPDATE schools SET old_page_name = 'mariners-christian-school' WHERE page_name = 'mariners-christian-school-costa-mesa-ca';
UPDATE schools SET old_page_name = 'marion-academy' WHERE page_name = 'marion-academy-marion-al';
UPDATE schools SET old_page_name = 'marist-high-school' WHERE page_name = 'marist-high-school-chicago-il';
UPDATE schools SET old_page_name = 'marist-school' WHERE page_name = 'marist-school-atlanta-ga';
UPDATE schools SET old_page_name = 'marklund-day-school' WHERE page_name = 'marklund-day-school-bloomingdale-il';
UPDATE schools SET old_page_name = 'marlboro-academy' WHERE page_name = 'marlboro-academy-bennettsville-sc';
UPDATE schools SET old_page_name = 'marlborough-school' WHERE page_name = 'marlborough-school-los-angeles-ca';
UPDATE schools SET old_page_name = 'marmion-academy' WHERE page_name = 'marmion-academy-aurora-il';
UPDATE schools SET old_page_name = 'marquette-catholic-high-school' WHERE page_name = 'marquette-catholic-high-school-alton-il';
UPDATE schools SET old_page_name = 'marquette-catholic-school' WHERE page_name = 'marquette-catholic-school-tulsa-ok';
UPDATE schools SET old_page_name = 'marquette-catholic-school' WHERE page_name = 'marquette-catholic-school-virginia-mn';