UPDATE schools SET old_page_name = 'sacred-heart-school' WHERE page_name = 'sacred-heart-school-shelby-oh';
UPDATE schools SET old_page_name = 'sacred-heart-school' WHERE page_name = 'sacred-heart-school-east-providence-ri';
UPDATE schools SET old_page_name = 'sacred-heart-school' WHERE page_name = 'sacred-heart-school-floresville-tx';
UPDATE schools SET old_page_name = 'sacred-heart-school' WHERE page_name = 'sacred-heart-school-la-grange-tx';
UPDATE schools SET old_page_name = 'sacred-heart-school' WHERE page_name = 'sacred-heart-school-loretto-tn';
UPDATE schools SET old_page_name = 'sacred-heart-school' WHERE page_name = 'sacred-heart-school-clyde-hill-wa';
UPDATE schools SET old_page_name = 'sacred-heart-school' WHERE page_name = 'sacred-heart-school-nogales-az';
UPDATE schools SET old_page_name = 'sacred-heart-school' WHERE page_name = 'sacred-heart-school-groton-ct';
UPDATE schools SET old_page_name = 'sacred-heart-school' WHERE page_name = 'sacred-heart-school-taftville-ct';
UPDATE schools SET old_page_name = 'sacred-heart-school' WHERE page_name = 'sacred-heart-school-jacksonville-fl';
UPDATE schools SET old_page_name = 'sacred-heart-school' WHERE page_name = 'sacred-heart-school-winnetka-il';
UPDATE schools SET old_page_name = 'sacred-heart-school' WHERE page_name = 'sacred-heart-school-turlock-ca';
UPDATE schools SET old_page_name = 'sacred-heart-school' WHERE page_name = 'sacred-heart-school-monticello-ia';
UPDATE schools SET old_page_name = 'sacred-heart-school' WHERE page_name = 'sacred-heart-school-west-des-moines-ia';
UPDATE schools SET old_page_name = 'sacred-heart-school' WHERE page_name = 'sacred-heart-school-boone-ia';
UPDATE schools SET old_page_name = 'sacred-heart-school' WHERE page_name = 'sacred-heart-school-spencer-ia';
UPDATE schools SET old_page_name = 'sacred-heart-school' WHERE page_name = 'sacred-heart-school-sioux-city-ia';
UPDATE schools SET old_page_name = 'sacred-heart-school' WHERE page_name = 'sacred-heart-school-lynn-ma';
UPDATE schools SET old_page_name = 'sacred-heart-school' WHERE page_name = 'sacred-heart-school-ville-platte-la';
UPDATE schools SET old_page_name = 'sacred-heart-school' WHERE page_name = 'sacred-heart-school-dearborn-mi';
UPDATE schools SET old_page_name = 'sacred-heart-school' WHERE page_name = 'sacred-heart-school-hudson-mi';
UPDATE schools SET old_page_name = 'sacred-heart-school' WHERE page_name = 'sacred-heart-school-colby-ks';
UPDATE schools SET old_page_name = 'sacred-heart-school' WHERE page_name = 'sacred-heart-school-salinas-ca';
UPDATE schools SET old_page_name = 'sacred-heart-school' WHERE page_name = 'sacred-heart-school-emporia-ks';
UPDATE schools SET old_page_name = 'sacred-heart-school' WHERE page_name = 'sacred-heart-school-ness-city-ks';
UPDATE schools SET old_page_name = 'sacred-heart-school' WHERE page_name = 'sacred-heart-school-shawnee-ks';
UPDATE schools SET old_page_name = 'sacred-heart-school' WHERE page_name = 'sacred-heart-school-washington-dc';
UPDATE schools SET old_page_name = 'sacred-heart-school' WHERE page_name = 'sacred-heart-school-saratoga-ca';
UPDATE schools SET old_page_name = 'sacred-heart-school' WHERE page_name = 'sacred-heart-school-palm-desert-ca';
UPDATE schools SET old_page_name = 'sacred-heart-school' WHERE page_name = 'sacred-heart-school-lake-worth-fl';
UPDATE schools SET old_page_name = 'sacred-heart-school' WHERE page_name = 'sacred-heart-school-bayside-ny';
UPDATE schools SET old_page_name = 'sacred-heart-schools' WHERE page_name = 'sacred-heart-schools-chicago-il';
UPDATE schools SET old_page_name = 'sacred-heart-villa-school' WHERE page_name = 'sacred-heart-villa-school-lewiston-ny';
UPDATE schools SET old_page_name = 'sacred-hearts-school' WHERE page_name = 'sacred-hearts-school-bradford-ma';
UPDATE schools SET old_page_name = 'saddlebrook-preparatory-school' WHERE page_name = 'saddlebrook-preparatory-school-wesley-chapel-fl';
UPDATE schools SET old_page_name = 'safe-harbor-academy' WHERE page_name = 'safe-harbor-academy-jacksonville-fl';
UPDATE schools SET old_page_name = 'safe-haven-christian-academy' WHERE page_name = 'safe-haven-christian-academy-prichard-al';
UPDATE schools SET old_page_name = 'sage-academy' WHERE page_name = 'sage-academy-campbell-ca';
UPDATE schools SET old_page_name = 'sage-day-at-rochelle-park' WHERE page_name = 'sage-day-at-rochelle-park-rochelle-park-nj';
UPDATE schools SET old_page_name = 'sage-ridge-school' WHERE page_name = 'sage-ridge-school-reno-nv';
UPDATE schools SET old_page_name = 'sagebrush-montessori-school' WHERE page_name = 'sagebrush-montessori-school-richland-wa';
UPDATE schools SET old_page_name = 'sager-solomon-schechter-day-school' WHERE page_name = 'sager-solomon-schechter-day-school-northbrook-il';
UPDATE schools SET old_page_name = 'saginaw-chippewa-academy' WHERE page_name = 'saginaw-chippewa-academy-mount-pleasant-mi';
UPDATE schools SET old_page_name = 'saguaro-hills-adventist-christian-school' WHERE page_name = 'saguaro-hills-adventist-christian-school-tucson-az';
UPDATE schools SET old_page_name = 'sahag-mesrob-armenian-christian-school' WHERE page_name = 'sahag-mesrob-armenian-christian-school-altadena-ca';
UPDATE schools SET old_page_name = 'saints-academy' WHERE page_name = 'saints-academy-orlando-fl';
UPDATE schools SET old_page_name = 'salam-academy' WHERE page_name = 'salam-academy-albuquerque-nm';
UPDATE schools SET old_page_name = 'salam-school' WHERE page_name = 'salam-school-milwaukee-wi';
UPDATE schools SET old_page_name = 'salem-academy' WHERE page_name = 'salem-academy-winston-salem-nc';
UPDATE schools SET old_page_name = 'salem-christian-school' WHERE page_name = 'salem-christian-school-macungie-pa';
UPDATE schools SET old_page_name = 'salem-lutheran-school' WHERE page_name = 'salem-lutheran-school-jacksonville-il';
UPDATE schools SET old_page_name = 'salem-lutheran-school' WHERE page_name = 'salem-lutheran-school-glendale-ca';
UPDATE schools SET old_page_name = 'salem-lutheran-school' WHERE page_name = 'salem-lutheran-school-owosso-mi';
UPDATE schools SET old_page_name = 'salem-lutheran-school' WHERE page_name = 'salem-lutheran-school-black-jack-mo';
UPDATE schools SET old_page_name = 'salem-lutheran-school' WHERE page_name = 'salem-lutheran-school-greenfield-mn';
UPDATE schools SET old_page_name = 'salem-lutheran-school' WHERE page_name = 'salem-lutheran-school-stillwater-mn';
UPDATE schools SET old_page_name = 'salem-lutheran-school' WHERE page_name = 'salem-lutheran-school-orange-ca';
UPDATE schools SET old_page_name = 'salem-montessori-school' WHERE page_name = 'salem-montessori-school-winston-salem-nc';
UPDATE schools SET old_page_name = 'salem-sayers-baptist-academy' WHERE page_name = 'salem-sayers-baptist-academy-adkins-tx';
UPDATE schools SET old_page_name = 'salem-wesleyan-academy' WHERE page_name = 'salem-wesleyan-academy-salem-oh';
UPDATE schools SET old_page_name = 'salesian-high-school' WHERE page_name = 'salesian-high-school-richmond-ca';
UPDATE schools SET old_page_name = 'salesian-high-school' WHERE page_name = 'salesian-high-school-new-rochelle-ny';
UPDATE schools SET old_page_name = 'saline-christian-academy' WHERE page_name = 'saline-christian-academy-somerset-ky';
UPDATE schools SET old_page_name = 'salisbury-academy' WHERE page_name = 'salisbury-academy-salisbury-nc';
UPDATE schools SET old_page_name = 'salisbury-baptist-academy' WHERE page_name = 'salisbury-baptist-academy-salisbury-md';
UPDATE schools SET old_page_name = 'salisbury-christian-school' WHERE page_name = 'salisbury-christian-school-salisbury-md';
UPDATE schools SET old_page_name = 'salisbury-mennonite-school' WHERE page_name = 'salisbury-mennonite-school-delmar-md';
UPDATE schools SET old_page_name = 'salisbury-school' WHERE page_name = 'salisbury-school-salisbury-ct';
UPDATE schools SET old_page_name = 'salmonberry-school' WHERE page_name = 'salmonberry-school-eastsound-wa';
UPDATE schools SET old_page_name = 'salpointe-catholic-high-school' WHERE page_name = 'salpointe-catholic-high-school-tucson-az';
UPDATE schools SET old_page_name = 'san-angelo-christian-academy' WHERE page_name = 'san-angelo-christian-academy-san-angelo-tx';
UPDATE schools SET old_page_name = 'san-anselmo-montessori-school' WHERE page_name = 'san-anselmo-montessori-school-san-anselmo-ca';
UPDATE schools SET old_page_name = 'san-antonio-christian-school' WHERE page_name = 'san-antonio-christian-school-ontario-ca';
UPDATE schools SET old_page_name = 'san-carlos-school' WHERE page_name = 'san-carlos-school-monterey-ca';
UPDATE schools SET old_page_name = 'san-diego-french-american-school' WHERE page_name = 'san-diego-french-american-school-la-jolla-ca';
UPDATE schools SET old_page_name = 'san-domenico-school' WHERE page_name = 'san-domenico-school-san-anselmo-ca';
UPDATE schools SET old_page_name = 'san-felipe-de-neri-school' WHERE page_name = 'san-felipe-de-neri-school-albuquerque-nm';
UPDATE schools SET old_page_name = 'san-fernando-valley-academy' WHERE page_name = 'san-fernando-valley-academy-northridge-ca';
UPDATE schools SET old_page_name = 'san-francisco-christian-school' WHERE page_name = 'san-francisco-christian-school-san-francisco-ca';
UPDATE schools SET old_page_name = 'san-francisco-day-school' WHERE page_name = 'san-francisco-day-school-san-francisco-ca';
UPDATE schools SET old_page_name = 'san-francisco-friends-school' WHERE page_name = 'san-francisco-friends-school-san-francisco-ca';
UPDATE schools SET old_page_name = 'san-francisco-university-high-school' WHERE page_name = 'san-francisco-university-high-school-san-francisco-ca';
UPDATE schools SET old_page_name = 'san-francisco-waldorf-school' WHERE page_name = 'san-francisco-waldorf-school-san-francisco-ca';
UPDATE schools SET old_page_name = 'san-gabriel-academy' WHERE page_name = 'san-gabriel-academy-san-gabriel-ca';
UPDATE schools SET old_page_name = 'san-gabriel-christian-school' WHERE page_name = 'san-gabriel-christian-school-san-gabriel-ca';
UPDATE schools SET old_page_name = 'san-gabriel-mission-elementary-school' WHERE page_name = 'san-gabriel-mission-elementary-school-san-gabriel-ca';
UPDATE schools SET old_page_name = 'san-gabriel-mission-high-school' WHERE page_name = 'san-gabriel-mission-high-school-san-gabriel-ca';
UPDATE schools SET old_page_name = 'san-jacinto-christian-academy' WHERE page_name = 'san-jacinto-christian-academy-amarillo-tx';
UPDATE schools SET old_page_name = 'san-joaquin-memorial-high-school' WHERE page_name = 'san-joaquin-memorial-high-school-fresno-ca';
UPDATE schools SET old_page_name = 'san-jose-catholic-grade-school' WHERE page_name = 'san-jose-catholic-grade-school-jacksonville-fl';
UPDATE schools SET old_page_name = 'san-jose-christian-school' WHERE page_name = 'san-jose-christian-school-campbell-ca';
UPDATE schools SET old_page_name = 'san-jose-episcopal-day-school' WHERE page_name = 'san-jose-episcopal-day-school-jacksonville-fl';
UPDATE schools SET old_page_name = 'san-juan-del-rio-catholic-school' WHERE page_name = 'san-juan-del-rio-catholic-school-st-johns-fl';
UPDATE schools SET old_page_name = 'san-juan-diego-catholic-high-school' WHERE page_name = 'san-juan-diego-catholic-high-school-austin-tx';
UPDATE schools SET old_page_name = 'san-marcos-baptist-academy' WHERE page_name = 'san-marcos-baptist-academy-san-marcos-tx';
UPDATE schools SET old_page_name = 'san-marino-montessori' WHERE page_name = 'san-marino-montessori-pasadena-ca';
UPDATE schools SET old_page_name = 'san-martin-de-porres-catholic-school' WHERE page_name = 'san-martin-de-porres-catholic-school-weslaco-tx';
UPDATE schools SET old_page_name = 'san-miguel-academy-of-newburgh' WHERE page_name = 'san-miguel-academy-of-newburgh-newburgh-ny';
UPDATE schools SET old_page_name = 'san-miguel-high-school' WHERE page_name = 'san-miguel-high-school-tucson-az';
UPDATE schools SET old_page_name = 'san-ramon-valley-christian-academy' WHERE page_name = 'san-ramon-valley-christian-academy-danville-ca';
UPDATE schools SET old_page_name = 'san-xavier-mission-school' WHERE page_name = 'san-xavier-mission-school-tucson-az';
UPDATE schools SET old_page_name = 'sanborn-christian-school' WHERE page_name = 'sanborn-christian-school-sanborn-ia';
UPDATE schools SET old_page_name = 'sand-hill-school' WHERE page_name = 'sand-hill-school-sugarcreek-oh';
UPDATE schools SET old_page_name = 'sandbox-learning-center' WHERE page_name = 'sandbox-learning-center-palos-heights-il';
UPDATE schools SET old_page_name = 'sandhills-classical-christian-school' WHERE page_name = 'sandhills-classical-christian-school-whispering-pines-nc';
UPDATE schools SET old_page_name = 'sandhills-school' WHERE page_name = 'sandhills-school-columbia-sc';
UPDATE schools SET old_page_name = 'sandia-preparatory-school' WHERE page_name = 'sandia-preparatory-school-albuquerque-nm';
UPDATE schools SET old_page_name = 'sandia-view-academy' WHERE page_name = 'sandia-view-academy-corrales-nm';
UPDATE schools SET old_page_name = 'sandpoint-christian-school' WHERE page_name = 'sandpoint-christian-school-ponderay-id';
UPDATE schools SET old_page_name = 'sandpoint-jr-academy' WHERE page_name = 'sandpoint-jr-academy-sandpoint-id';
UPDATE schools SET old_page_name = 'sandpoint-waldorf-school' WHERE page_name = 'sandpoint-waldorf-school-sandpoint-id';
UPDATE schools SET old_page_name = 'sandy-ridge-school' WHERE page_name = 'sandy-ridge-school-mill-hall-pa';
UPDATE schools SET old_page_name = 'sanlando-christian-school' WHERE page_name = 'sanlando-christian-school-longwood-fl';
UPDATE schools SET old_page_name = 'sant-bani-school' WHERE page_name = 'sant-bani-school-sanbornton-nh';
UPDATE schools SET old_page_name = 'santa-catalina-school' WHERE page_name = 'santa-catalina-school-monterey-ca';
UPDATE schools SET old_page_name = 'santa-clara-christian-school' WHERE page_name = 'santa-clara-christian-school-santa-clara-ca';
UPDATE schools SET old_page_name = 'santa-clara-day-nursery' WHERE page_name = 'santa-clara-day-nursery-santa-ana-ca';
UPDATE schools SET old_page_name = 'santa-clara-elementary-school' WHERE page_name = 'santa-clara-elementary-school-oxnard-ca';
UPDATE schools SET old_page_name = 'santa-clarita-christian-school' WHERE page_name = 'santa-clarita-christian-school-santa-clarita-ca';
UPDATE schools SET old_page_name = 'santa-cruz-catholic-school' WHERE page_name = 'santa-cruz-catholic-school-tucson-az';
UPDATE schools SET old_page_name = 'santa-cruz-childrens-school' WHERE page_name = 'santa-cruz-childrens-school-santa-cruz-ca';
UPDATE schools SET old_page_name = 'santa-cruz-waldorf-school' WHERE page_name = 'santa-cruz-waldorf-school-santa-cruz-ca';
UPDATE schools SET old_page_name = 'santa-fe-catholic-high-school' WHERE page_name = 'santa-fe-catholic-high-school-lakeland-fl';
UPDATE schools SET old_page_name = 'santa-fe-christian-schools' WHERE page_name = 'santa-fe-christian-schools-solana-beach-ca';
UPDATE schools SET old_page_name = 'santa-fe-girls-school' WHERE page_name = 'santa-fe-girls-school-santa-fe-nm';
UPDATE schools SET old_page_name = 'santa-fe-preparatory-school' WHERE page_name = 'santa-fe-preparatory-school-santa-fe-nm';
UPDATE schools SET old_page_name = 'santa-fe-springs-christian' WHERE page_name = 'santa-fe-springs-christian-santa-fe-springs-ca';
UPDATE schools SET old_page_name = 'santa-lucia-school' WHERE page_name = 'santa-lucia-school-templeton-ca';
UPDATE schools SET old_page_name = 'santa-rosa-christian-school' WHERE page_name = 'santa-rosa-christian-school-milton-fl';
UPDATE schools SET old_page_name = 'santa-rosa-de-lima-catholic-school' WHERE page_name = 'santa-rosa-de-lima-catholic-school-san-fernando-ca';
UPDATE schools SET old_page_name = 'santa-sophia-academy' WHERE page_name = 'santa-sophia-academy-spring-valley-ca';
UPDATE schools SET old_page_name = 'santa-ynez-valley-christian-academy' WHERE page_name = 'santa-ynez-valley-christian-academy-santa-ynez-ca';
UPDATE schools SET old_page_name = 'santiam-christian-school' WHERE page_name = 'santiam-christian-school-adair-village-or';
UPDATE schools SET old_page_name = 'santo-ninos-regional-catholic-school' WHERE page_name = 'santo-ninos-regional-catholic-school-santa-fe-nm';
UPDATE schools SET old_page_name = 'sar-high-school' WHERE page_name = 'sar-high-school-bronx-ny';
UPDATE schools SET old_page_name = 'sarasota-christian-school' WHERE page_name = 'sarasota-christian-school-sarasota-fl';
UPDATE schools SET old_page_name = 'saratoga-central-catholic-high-school' WHERE page_name = 'saratoga-central-catholic-high-school-saratoga-springs-ny';
UPDATE schools SET old_page_name = 'saratoga-independent-school' WHERE page_name = 'saratoga-independent-school-saratoga-springs-ny';
UPDATE schools SET old_page_name = 'sari-isdaner-early-childhood-center-at-katz-jcc' WHERE page_name = 'sari-isdaner-early-childhood-center-at-katz-jcc-cherry-hill-nj';
UPDATE schools SET old_page_name = 'satori' WHERE page_name = 'satori-tucson-az';
UPDATE schools SET old_page_name = 'sauganash-montessori-school' WHERE page_name = 'sauganash-montessori-school-chicago-il';
UPDATE schools SET old_page_name = 'savannah-adventist-christian-school' WHERE page_name = 'savannah-adventist-christian-school-pooler-ga';
UPDATE schools SET old_page_name = 'savannah-christian-academy' WHERE page_name = 'savannah-christian-academy-savannah-tn';
UPDATE schools SET old_page_name = 'savannah-country-day-school' WHERE page_name = 'savannah-country-day-school-savannah-ga';
UPDATE schools SET old_page_name = 'sawgrass-adventist-school' WHERE page_name = 'sawgrass-adventist-school-plantation-fl';
UPDATE schools SET old_page_name = 'saxony-lutheran-high-school' WHERE page_name = 'saxony-lutheran-high-school-jackson-mo';
UPDATE schools SET old_page_name = 'sayre-school' WHERE page_name = 'sayre-school-lexington-ky';
UPDATE schools SET old_page_name = 'scappoose-adventist-school' WHERE page_name = 'scappoose-adventist-school-scappoose-or';
UPDATE schools SET old_page_name = 'scarville-lutheran-school' WHERE page_name = 'scarville-lutheran-school-scarville-ia';
UPDATE schools SET old_page_name = 'scattergood-friends-school' WHERE page_name = 'scattergood-friends-school-west-branch-ia';
UPDATE schools SET old_page_name = 'scecina-memorial-high-school' WHERE page_name = 'scecina-memorial-high-school-indianapolis-in';
UPDATE schools SET old_page_name = 'scenic-valley-mennonite-school' WHERE page_name = 'scenic-valley-mennonite-school-dundee-ny';
UPDATE schools SET old_page_name = 'schaeffer-academy' WHERE page_name = 'schaeffer-academy-rochester-mn';
UPDATE schools SET old_page_name = 'schaumburg-christian-school' WHERE page_name = 'schaumburg-christian-school-schaumburg-il';
UPDATE schools SET old_page_name = 'scholars-academy' WHERE page_name = 'scholars-academy-san-jose-ca';
UPDATE schools SET old_page_name = 'scholze-center' WHERE page_name = 'scholze-center-chattanooga-tn';
UPDATE schools SET old_page_name = 'school-for-independent-learners' WHERE page_name = 'school-for-independent-learners-los-altos-ca';
UPDATE schools SET old_page_name = 'school-of-excellence' WHERE page_name = 'school-of-excellence-fort-lauderdale-fl';
UPDATE schools SET old_page_name = 'school-of-knowledge' WHERE page_name = 'school-of-knowledge-indianapolis-in';
UPDATE schools SET old_page_name = 'school-of-saint-elizabeth' WHERE page_name = 'school-of-saint-elizabeth-bernardsville-nj';
UPDATE schools SET old_page_name = 'school-of-santa-isabel' WHERE page_name = 'school-of-santa-isabel-los-angeles-ca';
UPDATE schools SET old_page_name = 'school-of-st-mary' WHERE page_name = 'school-of-st-mary-tulsa-ok';
UPDATE schools SET old_page_name = 'school-of-st-mary' WHERE page_name = 'school-of-st-mary-lake-forest-il';
UPDATE schools SET old_page_name = 'school-of-st-peter' WHERE page_name = 'school-of-st-peter-canby-mn';
UPDATE schools SET old_page_name = 'school-of-the-cathedral-mary-our-queen' WHERE page_name = 'school-of-the-cathedral-mary-our-queen-baltimore-md';
UPDATE schools SET old_page_name = 'school-of-the-holy-child' WHERE page_name = 'school-of-the-holy-child-rye-ny';
UPDATE schools SET old_page_name = 'school-of-the-holy-childhood' WHERE page_name = 'school-of-the-holy-childhood-rochester-ny';
UPDATE schools SET old_page_name = 'school-of-the-madeleine' WHERE page_name = 'school-of-the-madeleine-berkeley-ca';
UPDATE schools SET old_page_name = 'school-of-the-woods' WHERE page_name = 'school-of-the-woods-houston-tx';
UPDATE schools SET old_page_name = 'school-one' WHERE page_name = 'school-one-providence-ri';
UPDATE schools SET old_page_name = 'schoolhouse-learning-center-sellersville' WHERE page_name = 'schoolhouse-learning-center-sellersville-sellersville-pa';
UPDATE schools SET old_page_name = 'schrader-lane-child-care-center' WHERE page_name = 'schrader-lane-child-care-center-nashville-tn';
UPDATE schools SET old_page_name = 'schroth-school' WHERE page_name = 'schroth-school-wanamassa-nj';
UPDATE schools SET old_page_name = 'schwaben-creek-school' WHERE page_name = 'schwaben-creek-school-herndon-pa';
UPDATE schools SET old_page_name = 'science-academy-of-chicago' WHERE page_name = 'science-academy-of-chicago-mount-prospect-il';
UPDATE schools SET old_page_name = 'scofield-christian-school' WHERE page_name = 'scofield-christian-school-dallas-tx';
UPDATE schools SET old_page_name = 'scotland-christian-academy' WHERE page_name = 'scotland-christian-academy-laurinburg-nc';
UPDATE schools SET old_page_name = 'scottsdale-christian-academy' WHERE page_name = 'scottsdale-christian-academy-phoenix-az';
UPDATE schools SET old_page_name = 'scranton-hebrew-day-school' WHERE page_name = 'scranton-hebrew-day-school-scranton-pa';
UPDATE schools SET old_page_name = 'scripps-montessori-school' WHERE page_name = 'scripps-montessori-school-san-diego-ca';
UPDATE schools SET old_page_name = 'sea-crest-school' WHERE page_name = 'sea-crest-school-half-moon-bay-ca';
UPDATE schools SET old_page_name = 'seacoast-christian-academy' WHERE page_name = 'seacoast-christian-academy-jacksonville-fl';
UPDATE schools SET old_page_name = 'seacoast-learning-collaborative' WHERE page_name = 'seacoast-learning-collaborative-newton-nh';
UPDATE schools SET old_page_name = 'seacrest-country-day-school' WHERE page_name = 'seacrest-country-day-school-naples-fl';
UPDATE schools SET old_page_name = 'seager-hill-school' WHERE page_name = 'seager-hill-school-conewango-valley-ny';
UPDATE schools SET old_page_name = 'seattle-christian-schools' WHERE page_name = 'seattle-christian-schools-seatac-wa';
UPDATE schools SET old_page_name = 'seattle-country-day-school' WHERE page_name = 'seattle-country-day-school-seattle-wa';
UPDATE schools SET old_page_name = 'seattle-jewish-community-school' WHERE page_name = 'seattle-jewish-community-school-seattle-wa';
UPDATE schools SET old_page_name = 'seattle-lutheran-high-school' WHERE page_name = 'seattle-lutheran-high-school-seattle-wa';
UPDATE schools SET old_page_name = 'seattle-waldorf-school' WHERE page_name = 'seattle-waldorf-school-seattle-wa';
UPDATE schools SET old_page_name = 'second-baptist-christian-preparatory-school' WHERE page_name = 'second-baptist-christian-preparatory-school-aiken-sc';
UPDATE schools SET old_page_name = 'second-street-childrens-school' WHERE page_name = 'second-street-childrens-school-tucson-az';
UPDATE schools SET old_page_name = 'sego-lily-school' WHERE page_name = 'sego-lily-school-lehi-ut';
UPDATE schools SET old_page_name = 'selkirk-school' WHERE page_name = 'selkirk-school-sandpoint-id';
UPDATE schools SET old_page_name = 'seminary-baptist-church-kindergarten' WHERE page_name = 'seminary-baptist-church-kindergarten-seminary-ms';
UPDATE schools SET old_page_name = 'seneca-academy' WHERE page_name = 'seneca-academy-darnestown-md';
UPDATE schools SET old_page_name = 'seneca-trail-christian-academy' WHERE page_name = 'seneca-trail-christian-academy-ronceverte-wv';
UPDATE schools SET old_page_name = 'september-school' WHERE page_name = 'september-school-boulder-co';
UPDATE schools SET old_page_name = 'sequatchie-valley-preparatory-academy' WHERE page_name = 'sequatchie-valley-preparatory-academy-dunlap-tn';
UPDATE schools SET old_page_name = 'sequoia-christian-academy' WHERE page_name = 'sequoia-christian-academy-delano-ca';
UPDATE schools SET old_page_name = 'serendipity-center' WHERE page_name = 'serendipity-center-portland-or';
UPDATE schools SET old_page_name = 'serendipity-school' WHERE page_name = 'serendipity-school-belmont-ca';
UPDATE schools SET old_page_name = 'serra-catholic-high-school' WHERE page_name = 'serra-catholic-high-school-mckeesport-pa';
UPDATE schools SET old_page_name = 'serra-catholic-school' WHERE page_name = 'serra-catholic-school-rancho-santa-margarita-ca';
UPDATE schools SET old_page_name = 'servite-high-school' WHERE page_name = 'servite-high-school-anaheim-ca';
UPDATE schools SET old_page_name = 'seton-academy-west' WHERE page_name = 'seton-academy-west-las-vegas-nv';
UPDATE schools SET old_page_name = 'seton-catholic-high-school' WHERE page_name = 'seton-catholic-high-school-richmond-in';
UPDATE schools SET old_page_name = 'seton-catholic-school' WHERE page_name = 'seton-catholic-school-meadville-pa';
UPDATE schools SET old_page_name = 'seton-catholic-school' WHERE page_name = 'seton-catholic-school-rochester-ny';
UPDATE schools SET old_page_name = 'seton-catholic-school' WHERE page_name = 'seton-catholic-school-moline-il';
UPDATE schools SET old_page_name = 'seton-catholic-school' WHERE page_name = 'seton-catholic-school-farley-ia';
UPDATE schools SET old_page_name = 'seton-grade-school' WHERE page_name = 'seton-grade-school-algona-ia';
UPDATE schools SET old_page_name = 'seton-hall-preparatory-school' WHERE page_name = 'seton-hall-preparatory-school-west-orange-nj';
UPDATE schools SET old_page_name = 'seton-montessori-school' WHERE page_name = 'seton-montessori-school-clarendon-hills-il';
UPDATE schools SET old_page_name = 'seton-la-salle-high-school' WHERE page_name = 'seton-la-salle-high-school-pittsburgh-pa';
UPDATE schools SET old_page_name = 'seven-arrows-elementary' WHERE page_name = 'seven-arrows-elementary-pacific-palisades-ca';
UPDATE schools SET old_page_name = 'seven-hills-at-groton' WHERE page_name = 'seven-hills-at-groton-groton-ma';
UPDATE schools SET old_page_name = 'seven-hills-school' WHERE page_name = 'seven-hills-school-walnut-creek-ca';
UPDATE schools SET old_page_name = 'seven-peaks-school' WHERE page_name = 'seven-peaks-school-bend-or';
UPDATE schools SET old_page_name = 'seven-rivers-christian-school' WHERE page_name = 'seven-rivers-christian-school-lecanto-fl';
UPDATE schools SET old_page_name = 'severn-mennonite-school' WHERE page_name = 'severn-mennonite-school-margarettsville-nc';
UPDATE schools SET old_page_name = 'sewickley-academy' WHERE page_name = 'sewickley-academy-sewickley-pa';
UPDATE schools SET old_page_name = 'seymour-community-christian-school' WHERE page_name = 'seymour-community-christian-school-seymour-tn';
UPDATE schools SET old_page_name = 'shaarei-arazim-of-monsey' WHERE page_name = 'shaarei-arazim-of-monsey-monsey-ny';
UPDATE schools SET old_page_name = 'shaarei-bina-torah-academy-for-girls' WHERE page_name = 'shaarei-bina-torah-academy-for-girls-hollywood-fl';
UPDATE schools SET old_page_name = 'shade-mountain-school' WHERE page_name = 'shade-mountain-school-mc-alisterville-pa';
UPDATE schools SET old_page_name = 'shadow-hills-baptist-preschool' WHERE page_name = 'shadow-hills-baptist-preschool-las-vegas-nv';
UPDATE schools SET old_page_name = 'shady-acre-school' WHERE page_name = 'shady-acre-school-reedsville-pa';
UPDATE schools SET old_page_name = 'shady-acres-christian-school' WHERE page_name = 'shady-acres-christian-school-tomball-tx';
UPDATE schools SET old_page_name = 'shady-grove-christian-school' WHERE page_name = 'shady-grove-christian-school-mifflinburg-pa';
UPDATE schools SET old_page_name = 'shady-grove-mennonite-school' WHERE page_name = 'shady-grove-mennonite-school-greencastle-pa';
UPDATE schools SET old_page_name = 'shady-grove-parochial-school' WHERE page_name = 'shady-grove-parochial-school-port-trevorton-pa';
UPDATE schools SET old_page_name = 'shady-grove-school' WHERE page_name = 'shady-grove-school-mill-creek-pa';
UPDATE schools SET old_page_name = 'shady-hill-school' WHERE page_name = 'shady-hill-school-cambridge-ma';
UPDATE schools SET old_page_name = 'shady-lane-amish-school' WHERE page_name = 'shady-lane-amish-school-smicksburg-pa';
UPDATE schools SET old_page_name = 'shady-lane-school' WHERE page_name = 'shady-lane-school-hartly-de';
UPDATE schools SET old_page_name = 'shady-lane-school' WHERE page_name = 'shady-lane-school-monroe-in';
UPDATE schools SET old_page_name = 'shady-lawn-amish-parochial-school' WHERE page_name = 'shady-lawn-amish-parochial-school-clare-mi';
UPDATE schools SET old_page_name = 'shady-nook-amish-school' WHERE page_name = 'shady-nook-amish-school-sligo-pa';
UPDATE schools SET old_page_name = 'shady-oak-christian-school' WHERE page_name = 'shady-oak-christian-school-richmond-tx';
UPDATE schools SET old_page_name = 'shady-oaks-school' WHERE page_name = 'shady-oaks-school-cordova-tn';
UPDATE schools SET old_page_name = 'shady-pond-school' WHERE page_name = 'shady-pond-school-altoona-pa';
UPDATE schools SET old_page_name = 'shady-run-amish-school' WHERE page_name = 'shady-run-amish-school-smicksburg-pa';
UPDATE schools SET old_page_name = 'shaker-road-school' WHERE page_name = 'shaker-road-school-concord-nh';
UPDATE schools SET old_page_name = 'shakopee-area-catholic-school' WHERE page_name = 'shakopee-area-catholic-school-shakopee-mn';
UPDATE schools SET old_page_name = 'shalhevet-high-school' WHERE page_name = 'shalhevet-high-school-los-angeles-ca';
UPDATE schools SET old_page_name = 'shalom-christian-academy' WHERE page_name = 'shalom-christian-academy-chambersburg-pa';
UPDATE schools SET old_page_name = 'shalom-school' WHERE page_name = 'shalom-school-sacramento-ca';
UPDATE schools SET old_page_name = 'shalom-torah-academy' WHERE page_name = 'shalom-torah-academy-morganville-nj';
UPDATE schools SET old_page_name = 'sharon-academy' WHERE page_name = 'sharon-academy-sharon-vt';
UPDATE schools SET old_page_name = 'sheboygan-area-lutheran-high-school' WHERE page_name = 'sheboygan-area-lutheran-high-school-sheboygan-wi';
UPDATE schools SET old_page_name = 'sheboygan-christian-school' WHERE page_name = 'sheboygan-christian-school-sheboygan-wi';
UPDATE schools SET old_page_name = 'sheenway-school-and-culture-center' WHERE page_name = 'sheenway-school-and-culture-center-los-angeles-ca';
UPDATE schools SET old_page_name = 'sheets-memorial-christian-school' WHERE page_name = 'sheets-memorial-christian-school-lexington-nc';
UPDATE schools SET old_page_name = 'shelby-county-catholic-school' WHERE page_name = 'shelby-county-catholic-school-harlan-ia';
UPDATE schools SET old_page_name = 'sheldon-academy-of-vermont-achievement-center' WHERE page_name = 'sheldon-academy-of-vermont-achievement-center-rutland-vt';
UPDATE schools SET old_page_name = 'sheldon-christian-school' WHERE page_name = 'sheldon-christian-school-sheldon-ia';
UPDATE schools SET old_page_name = 'shelton-school' WHERE page_name = 'shelton-school-dallas-tx';
UPDATE schools SET old_page_name = 'shelton-valley-christian-school' WHERE page_name = 'shelton-valley-christian-school-shelton-wa';
UPDATE schools SET old_page_name = 'shema-kolainu-hear-our-voices' WHERE page_name = 'shema-kolainu-hear-our-voices-brooklyn-ny';
UPDATE schools SET old_page_name = 'shenandoah-baptist-academy' WHERE page_name = 'shenandoah-baptist-academy-cleveland-tn';
UPDATE schools SET old_page_name = 'shenandoah-valley-academy' WHERE page_name = 'shenandoah-valley-academy-new-market-va';
UPDATE schools SET old_page_name = 'shenandoah-valley-adventist-elementary-school' WHERE page_name = 'shenandoah-valley-adventist-elementary-school-new-market-va';
UPDATE schools SET old_page_name = 'shenango-valley-faith-academy' WHERE page_name = 'shenango-valley-faith-academy-sharpsville-pa';
UPDATE schools SET old_page_name = 'shenker-academy' WHERE page_name = 'shenker-academy-las-vegas-nv';
UPDATE schools SET old_page_name = 'shepherd-lutheran' WHERE page_name = 'shepherd-lutheran-albuquerque-nm';
UPDATE schools SET old_page_name = 'shepherd-of-the-coast-lutheran-school' WHERE page_name = 'shepherd-of-the-coast-lutheran-school-fort-lauderdale-fl';
UPDATE schools SET old_page_name = 'shepherd-of-the-desert-lutheran-school' WHERE page_name = 'shepherd-of-the-desert-lutheran-school-scottsdale-az';
UPDATE schools SET old_page_name = 'shepherd-of-the-hills-lutheran-school' WHERE page_name = 'shepherd-of-the-hills-lutheran-school-la-mesa-ca';
UPDATE schools SET old_page_name = 'shepherd-of-the-hills-lutheran-school' WHERE page_name = 'shepherd-of-the-hills-lutheran-school-san-antonio-tx';
UPDATE schools SET old_page_name = 'shepherd-of-the-hills-school' WHERE page_name = 'shepherd-of-the-hills-school-eden-wi';
UPDATE schools SET old_page_name = 'shepherd-of-the-lakes-lutheran-school' WHERE page_name = 'shepherd-of-the-lakes-lutheran-school-brighton-mi';
UPDATE schools SET old_page_name = 'shepherd-of-the-valley-lutheran-school' WHERE page_name = 'shepherd-of-the-valley-lutheran-school-westminster-co';
UPDATE schools SET old_page_name = 'shepherd-of-the-valley-school' WHERE page_name = 'shepherd-of-the-valley-school-moreno-valley-ca';
UPDATE schools SET old_page_name = 'shepherd-of-the-woods-lutheran-school' WHERE page_name = 'shepherd-of-the-woods-lutheran-school-jacksonville-fl';
UPDATE schools SET old_page_name = 'shepherds-flock-early-learning-center' WHERE page_name = 'shepherds-flock-early-learning-center-wdm-ia';
UPDATE schools SET old_page_name = 'shepherdsfield-school' WHERE page_name = 'shepherdsfield-school-fulton-mo';
UPDATE schools SET old_page_name = 'sheridan-hills-christian-school' WHERE page_name = 'sheridan-hills-christian-school-hollywood-fl';
UPDATE schools SET old_page_name = 'sheridan-school' WHERE page_name = 'sheridan-school-washington-dc';
UPDATE schools SET old_page_name = 'sherwood-christian-academy' WHERE page_name = 'sherwood-christian-academy-albany-ga';
UPDATE schools SET old_page_name = 'sherwood-forest-montessori-school' WHERE page_name = 'sherwood-forest-montessori-school-houston-tx';
UPDATE schools SET old_page_name = 'shevach-high-school' WHERE page_name = 'shevach-high-school-flushing-ny';
UPDATE schools SET old_page_name = 'shiloh-christian-academy' WHERE page_name = 'shiloh-christian-academy-billings-mt';
UPDATE schools SET old_page_name = 'shiloh-christian-school' WHERE page_name = 'shiloh-christian-school-springdale-ar';
UPDATE schools SET old_page_name = 'shiloh-christian-school' WHERE page_name = 'shiloh-christian-school-kahoka-mo';
UPDATE schools SET old_page_name = 'shiloh-christian-school' WHERE page_name = 'shiloh-christian-school-tahlequah-ok';
UPDATE schools SET old_page_name = 'shiloh-christian-school' WHERE page_name = 'shiloh-christian-school-bismarck-nd';
UPDATE schools SET old_page_name = 'shiloh-hills-christian-school' WHERE page_name = 'shiloh-hills-christian-school-kennesaw-ga';
UPDATE schools SET old_page_name = 'shiloh-holiness-christian-school' WHERE page_name = 'shiloh-holiness-christian-school-corydon-in';
UPDATE schools SET old_page_name = 'shiloh-institute-of-learning' WHERE page_name = 'shiloh-institute-of-learning-jacksonville-nc';
UPDATE schools SET old_page_name = 'shiner-catholic-school' WHERE page_name = 'shiner-catholic-school-shiner-tx';
UPDATE schools SET old_page_name = 'shining-light-academy' WHERE page_name = 'shining-light-academy-greensboro-nc';
UPDATE schools SET old_page_name = 'shining-mountain-waldorf-school' WHERE page_name = 'shining-mountain-waldorf-school-boulder-co';
UPDATE schools SET old_page_name = 'shipshe-meadows-school' WHERE page_name = 'shipshe-meadows-school-shipshewana-in';
UPDATE schools SET old_page_name = 'shir-ami-early-learning-center' WHERE page_name = 'shir-ami-early-learning-center-newtown-pa';
UPDATE schools SET old_page_name = 'shirley-run-amish-school' WHERE page_name = 'shirley-run-amish-school-centerville-pa';
UPDATE schools SET old_page_name = 'shoals-christian-school' WHERE page_name = 'shoals-christian-school-florence-al';
UPDATE schools SET old_page_name = 'shore-christian-academy' WHERE page_name = 'shore-christian-academy-exmore-va';
UPDATE schools SET old_page_name = 'shore-country-day-school' WHERE page_name = 'shore-country-day-school-beverly-ma';
UPDATE schools SET old_page_name = 'shorecrest-preparatory-school' WHERE page_name = 'shorecrest-preparatory-school-st-petersburg-fl';
UPDATE schools SET old_page_name = 'shorehaven-school' WHERE page_name = 'shorehaven-school-elkton-md';
UPDATE schools SET old_page_name = 'shoreland-lutheran-high-school' WHERE page_name = 'shoreland-lutheran-high-school-kenosha-wi';
UPDATE schools SET old_page_name = 'shoreline-christian-school' WHERE page_name = 'shoreline-christian-school-shoreline-wa';
UPDATE schools SET old_page_name = 'shortridge-academy' WHERE page_name = 'shortridge-academy-milton-nh';
UPDATE schools SET old_page_name = 'show-me-christian-school' WHERE page_name = 'show-me-christian-school-la-monte-mo';
UPDATE schools SET old_page_name = 'shrewsbury-christian-academy' WHERE page_name = 'shrewsbury-christian-academy-new-freedom-pa';
UPDATE schools SET old_page_name = 'shrewsbury-montessori-school' WHERE page_name = 'shrewsbury-montessori-school-shrewsbury-ma';
UPDATE schools SET old_page_name = 'shrine-catholic-grade-school' WHERE page_name = 'shrine-catholic-grade-school-royal-oak-mi';
UPDATE schools SET old_page_name = 'shrine-catholic-high-school' WHERE page_name = 'shrine-catholic-high-school-royal-oak-mi';
UPDATE schools SET old_page_name = 'shrine-of-st-anne-school' WHERE page_name = 'shrine-of-st-anne-school-arvada-co';
UPDATE schools SET old_page_name = 'shulamith-school-for-girls' WHERE page_name = 'shulamith-school-for-girls-cedarhurst-ny';
UPDATE schools SET old_page_name = 'shults-lewis-school' WHERE page_name = 'shults-lewis-school-valparaiso-in';
UPDATE schools SET old_page_name = 'sidwell-friends-school' WHERE page_name = 'sidwell-friends-school-washington-dc';
UPDATE schools SET old_page_name = 'siena-academy' WHERE page_name = 'siena-academy-great-falls-va';
UPDATE schools SET old_page_name = 'sierra-canyon-school' WHERE page_name = 'sierra-canyon-school-chatsworth-ca';
UPDATE schools SET old_page_name = 'sierra-madre-community-nursery-school' WHERE page_name = 'sierra-madre-community-nursery-school-sierra-madre-ca';
UPDATE schools SET old_page_name = 'sierra-school' WHERE page_name = 'sierra-school-sacramento-ca';
UPDATE schools SET old_page_name = 'sierra-school-of-sonoma-county' WHERE page_name = 'sierra-school-of-sonoma-county-sebastopol-ca';
UPDATE schools SET old_page_name = 'sierra-view-christian-academy' WHERE page_name = 'sierra-view-christian-academy-clovis-ca';
UPDATE schools SET old_page_name = 'sierra-vista-elementary' WHERE page_name = 'sierra-vista-elementary-upland-ca';
UPDATE schools SET old_page_name = 'sierra-waldorf-school' WHERE page_name = 'sierra-waldorf-school-jamestown-ca';
UPDATE schools SET old_page_name = 'signal-mountain-christian-school' WHERE page_name = 'signal-mountain-christian-school-signal-mountain-tn';
UPDATE schools SET old_page_name = 'silicon-valley-academy' WHERE page_name = 'silicon-valley-academy-sunnyvale-ca';
UPDATE schools SET old_page_name = 'silliman-institute' WHERE page_name = 'silliman-institute-clinton-la';
UPDATE schools SET old_page_name = 'silver-lake-mennonite-school' WHERE page_name = 'silver-lake-mennonite-school-perry-ny';
UPDATE schools SET old_page_name = 'silver-saddle-christian-academy' WHERE page_name = 'silver-saddle-christian-academy-bluff-dale-tx';
UPDATE schools SET old_page_name = 'silver-spruce-montessori-school' WHERE page_name = 'silver-spruce-montessori-school-grafton-ma';
UPDATE schools SET old_page_name = 'silver-valley-christian-academy' WHERE page_name = 'silver-valley-christian-academy-kellogg-id';
UPDATE schools SET old_page_name = 'silvercreek-adventist-school' WHERE page_name = 'silvercreek-adventist-school-morganton-nc';
UPDATE schools SET old_page_name = 'silverdale-baptist-academy' WHERE page_name = 'silverdale-baptist-academy-chattanooga-tn';
UPDATE schools SET old_page_name = 'silverwood-school' WHERE page_name = 'silverwood-school-poulsbo-wa';
UPDATE schools SET old_page_name = 'simi-valley-montessori-school' WHERE page_name = 'simi-valley-montessori-school-simi-valley-ca';
UPDATE schools SET old_page_name = 'simonton-christian-academy' WHERE page_name = 'simonton-christian-academy-simonton-tx';
UPDATE schools SET old_page_name = 'simpson-county-academy' WHERE page_name = 'simpson-county-academy-mendenhall-ms';
UPDATE schools SET old_page_name = 'sinai-akiba-academy' WHERE page_name = 'sinai-akiba-academy-los-angeles-ca';
UPDATE schools SET old_page_name = 'sioux-falls-adventist-school' WHERE page_name = 'sioux-falls-adventist-school-sioux-falls-sd';
UPDATE schools SET old_page_name = 'sioux-falls-christian-schools' WHERE page_name = 'sioux-falls-christian-schools-sioux-falls-sd';
UPDATE schools SET old_page_name = 'sioux-falls-lutheran-school' WHERE page_name = 'sioux-falls-lutheran-school-sioux-falls-sd';
UPDATE schools SET old_page_name = 'sisters-academy-of-baltimore' WHERE page_name = 'sisters-academy-of-baltimore-baltimore-md';
UPDATE schools SET old_page_name = 'skeels-christian-school' WHERE page_name = 'skeels-christian-school-gladwin-mi';
UPDATE schools SET old_page_name = 'sky-valley-adventist-school' WHERE page_name = 'sky-valley-adventist-school-monroe-wa';
UPDATE schools SET old_page_name = 'skycrest-christian-school' WHERE page_name = 'skycrest-christian-school-clearwater-fl';
UPDATE schools SET old_page_name = 'sl-jones-christian-academy' WHERE page_name = 'sl-jones-christian-academy-pensacola-fl';
UPDATE schools SET old_page_name = 'slanesville-christian-school' WHERE page_name = 'slanesville-christian-school-slanesville-wv';
UPDATE schools SET old_page_name = 'slater-montessori-academy' WHERE page_name = 'slater-montessori-academy-fountain-valley-ca';
UPDATE schools SET old_page_name = 'slauson-learning-center' WHERE page_name = 'slauson-learning-center-inglewood-ca';
UPDATE schools SET old_page_name = 'slidell-christian-academy' WHERE page_name = 'slidell-christian-academy-slidell-la';
UPDATE schools SET old_page_name = 'small-world-child-care' WHERE page_name = 'small-world-child-care-west-valley-city-ut';
UPDATE schools SET old_page_name = 'small-world-montessori' WHERE page_name = 'small-world-montessori-racine-wi';
UPDATE schools SET old_page_name = 'smaller-scholars-montessori' WHERE page_name = 'smaller-scholars-montessori-houston-tx';
UPDATE schools SET old_page_name = 'smart-start-preschool' WHERE page_name = 'smart-start-preschool-fair-haven-nj';
UPDATE schools SET old_page_name = 'smiles-around-us-academy' WHERE page_name = 'smiles-around-us-academy-staten-island-ny';
UPDATE schools SET old_page_name = 'smithsonian-early-enrichment-center' WHERE page_name = 'smithsonian-early-enrichment-center-washington-dc';
UPDATE schools SET old_page_name = 'smithtown-christian-school' WHERE page_name = 'smithtown-christian-school-smithtown-ny';
UPDATE schools SET old_page_name = 'smockville-montessori-school' WHERE page_name = 'smockville-montessori-school-sherwood-or';
UPDATE schools SET old_page_name = 'snake-river-montessori-school' WHERE page_name = 'snake-river-montessori-school-ammon-id';
UPDATE schools SET old_page_name = 'snoqualmie-springs-school' WHERE page_name = 'snoqualmie-springs-school-issaquah-wa';
UPDATE schools SET old_page_name = 'soaring-eagles-christian-academy' WHERE page_name = 'soaring-eagles-christian-academy-pickens-sc';
UPDATE schools SET old_page_name = 'solano-christian-academy' WHERE page_name = 'solano-christian-academy-fairfield-ca';
UPDATE schools SET old_page_name = 'solid-rock-christian-academy' WHERE page_name = 'solid-rock-christian-academy-inverness-fl';
UPDATE schools SET old_page_name = 'solid-rock-christian-academy' WHERE page_name = 'solid-rock-christian-academy-beaumont-tx';
UPDATE schools SET old_page_name = 'solid-rock-community-school' WHERE page_name = 'solid-rock-community-school-tarpon-springs-fl';
UPDATE schools SET old_page_name = 'solomon-lutheran-school' WHERE page_name = 'solomon-lutheran-school-woodville-oh';
UPDATE schools SET old_page_name = 'solomon-schechter-day-school' WHERE page_name = 'solomon-schechter-day-school-west-hartford-ct';
UPDATE schools SET old_page_name = 'solomon-schechter-day-school' WHERE page_name = 'solomon-schechter-day-school-newton-ma';
UPDATE schools SET old_page_name = 'solomon-schechter-school-of-manhattan' WHERE page_name = 'solomon-schechter-school-of-manhattan-new-york-ny';
UPDATE schools SET old_page_name = 'solomon-schechter-school-of-queens' WHERE page_name = 'solomon-schechter-school-of-queens-flushing-ny';
UPDATE schools SET old_page_name = 'solstice-school' WHERE page_name = 'solstice-school-rowley-ma';
UPDATE schools SET old_page_name = 'somerset-christian-school' WHERE page_name = 'somerset-christian-school-somerset-ky';
UPDATE schools SET old_page_name = 'somerset-hills-learning-institute' WHERE page_name = 'somerset-hills-learning-institute-bedminster-nj';
UPDATE schools SET old_page_name = 'somerset-hills-montessori-school' WHERE page_name = 'somerset-hills-montessori-school-basking-ridge-nj';
UPDATE schools SET old_page_name = 'sonlight-heritage-academy' WHERE page_name = 'sonlight-heritage-academy-columbia-sc';
UPDATE schools SET old_page_name = 'sonlight-river-brethren-school' WHERE page_name = 'sonlight-river-brethren-school-mount-joy-pa';
UPDATE schools SET old_page_name = 'sonoma-country-day-school' WHERE page_name = 'sonoma-country-day-school-santa-rosa-ca';
UPDATE schools SET old_page_name = 'sonrise-christian-school' WHERE page_name = 'sonrise-christian-school-covina-ca';
UPDATE schools SET old_page_name = 'sonshine-express-preschool' WHERE page_name = 'sonshine-express-preschool-lake-oswego-or';
UPDATE schools SET old_page_name = 'soto-academy' WHERE page_name = 'soto-academy-honolulu-hi';
UPDATE schools SET old_page_name = 'souls-harbor-lighthouse-christian-academy' WHERE page_name = 'souls-harbor-lighthouse-christian-academy-scotts-hill-tn';
UPDATE schools SET old_page_name = 'sound-of-music-preschool' WHERE page_name = 'sound-of-music-preschool-los-angeles-ca';
UPDATE schools SET old_page_name = 'soundview-school' WHERE page_name = 'soundview-school-lynnwood-wa';
UPDATE schools SET old_page_name = 'south-aiken-presbyterian-kindergarten' WHERE page_name = 'south-aiken-presbyterian-kindergarten-aiken-sc';
UPDATE schools SET old_page_name = 'south-bay-christian-academy' WHERE page_name = 'south-bay-christian-academy-chula-vista-ca';
UPDATE schools SET old_page_name = 'south-bay-jr-academy-of-sda' WHERE page_name = 'south-bay-jr-academy-of-sda-babylon-ny';
UPDATE schools SET old_page_name = 'south-bay-junior-academy' WHERE page_name = 'south-bay-junior-academy-torrance-ca';
UPDATE schools SET old_page_name = 'south-beech-school' WHERE page_name = 'south-beech-school-bremen-in';
UPDATE schools SET old_page_name = 'south-bend-hebrew-day-school' WHERE page_name = 'south-bend-hebrew-day-school-south-bend-in';
UPDATE schools SET old_page_name = 'south-bogard-amish-school' WHERE page_name = 'south-bogard-amish-school-montgomery-in';
UPDATE schools SET old_page_name = 'south-charlotte-baptist-academy' WHERE page_name = 'south-charlotte-baptist-academy-pineville-nc';
UPDATE schools SET old_page_name = 'south-choctaw-academy' WHERE page_name = 'south-choctaw-academy-toxey-al';
UPDATE schools SET old_page_name = 'south-christian-high-school' WHERE page_name = 'south-christian-high-school-byron-center-mi';
UPDATE schools SET old_page_name = 'south-county-montessori-school' WHERE page_name = 'south-county-montessori-school-north-kingstown-ri';
UPDATE schools SET old_page_name = 'south-east-amish-school' WHERE page_name = 'south-east-amish-school-geneva-in';
UPDATE schools SET old_page_name = 'south-east-center' WHERE page_name = 'south-east-center-loogootee-in';
UPDATE schools SET old_page_name = 'south-haven-christian-school' WHERE page_name = 'south-haven-christian-school-springfield-tn';
UPDATE schools SET old_page_name = 'south-hills-academy' WHERE page_name = 'south-hills-academy-west-covina-ca';
UPDATE schools SET old_page_name = 'south-kent-school' WHERE page_name = 'south-kent-school-south-kent-ct';
UPDATE schools SET old_page_name = 'south-lake-montessori-school' WHERE page_name = 'south-lake-montessori-school-clermont-fl';
UPDATE schools SET old_page_name = 'south-mccomb-baptist-kindergarten' WHERE page_name = 'south-mccomb-baptist-kindergarten-mccomb-ms';
UPDATE schools SET old_page_name = 'south-merrimack-christian-academy' WHERE page_name = 'south-merrimack-christian-academy-merrimack-nh';
UPDATE schools SET old_page_name = 'south-mountain-view-school' WHERE page_name = 'south-mountain-view-school-hegins-pa';
UPDATE schools SET old_page_name = 'south-olive-christian-school' WHERE page_name = 'south-olive-christian-school-holland-mi';
UPDATE schools SET old_page_name = 'south-orange-country-day-school' WHERE page_name = 'south-orange-country-day-school-south-orange-nj';
UPDATE schools SET old_page_name = 'south-orlando-christian-academy' WHERE page_name = 'south-orlando-christian-academy-orlando-fl';
UPDATE schools SET old_page_name = 'south-park-christian-academy' WHERE page_name = 'south-park-christian-academy-saint-joseph-mo';
UPDATE schools SET old_page_name = 'south-peninsula-hebrew-day-school' WHERE page_name = 'south-peninsula-hebrew-day-school-sunnyvale-ca';
UPDATE schools SET old_page_name = 'south-prairie-school' WHERE page_name = 'south-prairie-school-arthur-il';
UPDATE schools SET old_page_name = 'south-shore-christian-academy' WHERE page_name = 'south-shore-christian-academy-weymouth-ma';
UPDATE schools SET old_page_name = 'south-shore-conservatory-of-music-preschool' WHERE page_name = 'south-shore-conservatory-of-music-preschool-hingham-ma';
UPDATE schools SET old_page_name = 'south-side-christian-school' WHERE page_name = 'south-side-christian-school-holland-mi';
UPDATE schools SET old_page_name = 'south-suburban-montessori' WHERE page_name = 'south-suburban-montessori-brecksville-oh';
UPDATE schools SET old_page_name = 'south-texas-christian-academy' WHERE page_name = 'south-texas-christian-academy-mcallen-tx';
UPDATE schools SET old_page_name = 'south-walton-montessori-academy' WHERE page_name = 'south-walton-montessori-academy-santa-rosa-beach-fl';
UPDATE schools SET old_page_name = 'southampton-academy' WHERE page_name = 'southampton-academy-courtland-va';
UPDATE schools SET old_page_name = 'southampton-montessori-school' WHERE page_name = 'southampton-montessori-school-southampton-ny';
UPDATE schools SET old_page_name = 'southcrest-christian-school' WHERE page_name = 'southcrest-christian-school-lubbock-tx';
UPDATE schools SET old_page_name = 'southeast-christian-academy' WHERE page_name = 'southeast-christian-academy-penfield-ny';
UPDATE schools SET old_page_name = 'southeast-christian-school' WHERE page_name = 'southeast-christian-school-parker-co';
UPDATE schools SET old_page_name = 'southeast-missouri-christian-academy' WHERE page_name = 'southeast-missouri-christian-academy-sikeston-mo';
UPDATE schools SET old_page_name = 'southeastern-academy' WHERE page_name = 'southeastern-academy-lumberton-nc';
UPDATE schools SET old_page_name = 'southern-academy' WHERE page_name = 'southern-academy-greensboro-al';
UPDATE schools SET old_page_name = 'southern-california-montessori-school' WHERE page_name = 'southern-california-montessori-school-los-angeles-ca';
UPDATE schools SET old_page_name = 'southern-connecticut-hebrew-academy' WHERE page_name = 'southern-connecticut-hebrew-academy-orange-ct';
UPDATE schools SET old_page_name = 'southern-highlands-preparatory-school' WHERE page_name = 'southern-highlands-preparatory-school-las-vegas-nv';
UPDATE schools SET old_page_name = 'southern-hills-mennonite-school' WHERE page_name = 'southern-hills-mennonite-school-campbellsburg-in';
UPDATE schools SET old_page_name = 'southern-meadow-school' WHERE page_name = 'southern-meadow-school-wyoming-de';
UPDATE schools SET old_page_name = 'southern-tier-catholic-school' WHERE page_name = 'southern-tier-catholic-school-olean-ny';
UPDATE schools SET old_page_name = 'southfield-christian-school' WHERE page_name = 'southfield-christian-school-southfield-mi';
UPDATE schools SET old_page_name = 'southfield-school' WHERE page_name = 'southfield-school-shreveport-la';
UPDATE schools SET old_page_name = 'southlake-christian-academy' WHERE page_name = 'southlake-christian-academy-huntersville-nc';
UPDATE schools SET old_page_name = 'southland-academy' WHERE page_name = 'southland-academy-americus-ga';
UPDATE schools SET old_page_name = 'southland-christian-academy' WHERE page_name = 'southland-christian-academy-bellflower-ca';
UPDATE schools SET old_page_name = 'southland-christian-school' WHERE page_name = 'southland-christian-school-kissimmee-fl';
UPDATE schools SET old_page_name = 'southminster-school' WHERE page_name = 'southminster-school-missouri-city-tx';
UPDATE schools SET old_page_name = 'southport-christian-school' WHERE page_name = 'southport-christian-school-southport-nc';
UPDATE schools SET old_page_name = 'southport-presbyterian-christian-school' WHERE page_name = 'southport-presbyterian-christian-school-indianapolis-in';
UPDATE schools SET old_page_name = 'southshire-community-school' WHERE page_name = 'southshire-community-school-north-bennington-vt';
UPDATE schools SET old_page_name = 'southside-christian-school' WHERE page_name = 'southside-christian-school-spokane-wa';
UPDATE schools SET old_page_name = 'southside-christian-school' WHERE page_name = 'southside-christian-school-simpsonville-sc';
UPDATE schools SET old_page_name = 'southtowns-catholic-school' WHERE page_name = 'southtowns-catholic-school-lake-view-ny';
UPDATE schools SET old_page_name = 'southview-christian-school' WHERE page_name = 'southview-christian-school-statesville-nc';
UPDATE schools SET old_page_name = 'southwell-amish-school' WHERE page_name = 'southwell-amish-school-gladwin-mi';
UPDATE schools SET old_page_name = 'southwest-adventist-junior-academy' WHERE page_name = 'southwest-adventist-junior-academy-dallas-tx';
UPDATE schools SET old_page_name = 'southwest-christian-academy' WHERE page_name = 'southwest-christian-academy-little-rock-ar';
UPDATE schools SET old_page_name = 'southwest-christian-high-school' WHERE page_name = 'southwest-christian-high-school-chaska-mn';
UPDATE schools SET old_page_name = 'southwest-community-christian-academy' WHERE page_name = 'southwest-community-christian-academy-houston-tx';
UPDATE schools SET old_page_name = 'southwest-florida-christian-academy' WHERE page_name = 'southwest-florida-christian-academy-fort-myers-fl';
UPDATE schools SET old_page_name = 'southwest-georgia-academy' WHERE page_name = 'southwest-georgia-academy-damascus-ga';
UPDATE schools SET old_page_name = 'southwest-indian-schools-living-word-academy' WHERE page_name = 'southwest-indian-schools-living-word-academy-sells-az';
UPDATE schools SET old_page_name = 'southwest-preparatory-school' WHERE page_name = 'southwest-preparatory-school-san-antonio-tx';
UPDATE schools SET old_page_name = 'southwestern-academy' WHERE page_name = 'southwestern-academy-san-marino-ca';
UPDATE schools SET old_page_name = 'southwestern-christian-school' WHERE page_name = 'southwestern-christian-school-yuma-az';
UPDATE schools SET old_page_name = 'southwind-montessori' WHERE page_name = 'southwind-montessori-norman-ok';
UPDATE schools SET old_page_name = 'spalding-academy' WHERE page_name = 'spalding-academy-spalding-ne';
UPDATE schools SET old_page_name = 'spanish-river-christian-school' WHERE page_name = 'spanish-river-christian-school-boca-raton-fl';
UPDATE schools SET old_page_name = 'spanish-schoolhouse' WHERE page_name = 'spanish-schoolhouse-coppell-tx';
UPDATE schools SET old_page_name = 'sparta-mennonite-school' WHERE page_name = 'sparta-mennonite-school-sparta-wi';
UPDATE schools SET old_page_name = 'spartanburg-day-school' WHERE page_name = 'spartanburg-day-school-spartanburg-sc';
UPDATE schools SET old_page_name = 'spaulding-youth-center' WHERE page_name = 'spaulding-youth-center-northfield-nh';
UPDATE schools SET old_page_name = 'special-needs-school-of-gwinnett' WHERE page_name = 'special-needs-school-of-gwinnett-lawrenceville-ga';
UPDATE schools SET old_page_name = 'spectrum-school' WHERE page_name = 'spectrum-school-rockford-il';
UPDATE schools SET old_page_name = 'spell-well-montessori-school' WHERE page_name = 'spell-well-montessori-school-spring-tx';
UPDATE schools SET old_page_name = 'spencerville-adventist-academy' WHERE page_name = 'spencerville-adventist-academy-spencerville-md';
UPDATE schools SET old_page_name = 'spirit-academy' WHERE page_name = 'spirit-academy-orange-ca';
UPDATE schools SET old_page_name = 'spirit-of-life-christian-academy' WHERE page_name = 'spirit-of-life-christian-academy-clinton-nc';
UPDATE schools SET old_page_name = 'spiritus-sanctus-academy' WHERE page_name = 'spiritus-sanctus-academy-plymouth-mi';
UPDATE schools SET old_page_name = 'spiritus-sanctus-academy' WHERE page_name = 'spiritus-sanctus-academy-ann-arbor-mi';
UPDATE schools SET old_page_name = 'spokane-christian-academy' WHERE page_name = 'spokane-christian-academy-spokane-wa';
UPDATE schools SET old_page_name = 'spokane-montessori-school-north' WHERE page_name = 'spokane-montessori-school-north-spokane-wa';
UPDATE schools SET old_page_name = 'spokane-valley-adventist-school' WHERE page_name = 'spokane-valley-adventist-school-spokane-valley-wa';
UPDATE schools SET old_page_name = 'spotts-view-school' WHERE page_name = 'spotts-view-school-honey-brook-pa';
UPDATE schools SET old_page_name = 'spring-academy' WHERE page_name = 'spring-academy-hollister-ca';
UPDATE schools SET old_page_name = 'spring-creek-academy' WHERE page_name = 'spring-creek-academy-plano-tx';
UPDATE schools SET old_page_name = 'spring-hill-christian-academy' WHERE page_name = 'spring-hill-christian-academy-spring-hill-fl';
UPDATE schools SET old_page_name = 'spring-hill-mennonite-school' WHERE page_name = 'spring-hill-mennonite-school-dundee-ny';
UPDATE schools SET old_page_name = 'spring-hill-school' WHERE page_name = 'spring-hill-school-jamesport-mo';
UPDATE schools SET old_page_name = 'spring-hill-school' WHERE page_name = 'spring-hill-school-conneautville-pa';
UPDATE schools SET old_page_name = 'spring-hill-school' WHERE page_name = 'spring-hill-school-bridgewater-va';
UPDATE schools SET old_page_name = 'spring-hollow-amish-school' WHERE page_name = 'spring-hollow-amish-school-smicksburg-pa';
UPDATE schools SET old_page_name = 'spring-run-school' WHERE page_name = 'spring-run-school-rochester-mills-pa';
UPDATE schools SET old_page_name = 'spring-valley-school' WHERE page_name = 'spring-valley-school-palm-harbor-fl';
UPDATE schools SET old_page_name = 'spring-valley-school' WHERE page_name = 'spring-valley-school-birmingham-al';
UPDATE schools SET old_page_name = 'springdale-education-center' WHERE page_name = 'springdale-education-center-holyoke-ma';
UPDATE schools SET old_page_name = 'springfield-catholic-high-school' WHERE page_name = 'springfield-catholic-high-school-springfield-mo';
UPDATE schools SET old_page_name = 'springfield-christian-school' WHERE page_name = 'springfield-christian-school-springfield-il';
UPDATE schools SET old_page_name = 'springfield-christian-school' WHERE page_name = 'springfield-christian-school-springfield-oh';
UPDATE schools SET old_page_name = 'springfield-lutheran-school' WHERE page_name = 'springfield-lutheran-school-springfield-mo';
UPDATE schools SET old_page_name = 'springfield-montessori-school' WHERE page_name = 'springfield-montessori-school-walnut-creek-ca';
UPDATE schools SET old_page_name = 'springfield-sda-junior-academy' WHERE page_name = 'springfield-sda-junior-academy-springfield-ma';
UPDATE schools SET old_page_name = 'springhill-school' WHERE page_name = 'springhill-school-monroe-in';
UPDATE schools SET old_page_name = 'springs-adventist-academy' WHERE page_name = 'springs-adventist-academy-colorado-springs-co';
UPDATE schools SET old_page_name = 'springville-christian-school' WHERE page_name = 'springville-christian-school-springville-in';
UPDATE schools SET old_page_name = 'springville-mennonite-school' WHERE page_name = 'springville-mennonite-school-ephrata-pa';
UPDATE schools SET old_page_name = 'springwood-school' WHERE page_name = 'springwood-school-lanett-al';
UPDATE schools SET old_page_name = 'sprout-house' WHERE page_name = 'sprout-house-chatham-nj';
UPDATE schools SET old_page_name = 'spruce-pine-montessori-school' WHERE page_name = 'spruce-pine-montessori-school-spruce-pine-nc';
UPDATE schools SET old_page_name = 'spruce-st-school' WHERE page_name = 'spruce-st-school-seattle-wa';
UPDATE schools SET old_page_name = 'spurwink-school-cornville' WHERE page_name = 'spurwink-school-cornville-cornville-me';
UPDATE schools SET old_page_name = 'ss-andrew-thomas-school' WHERE page_name = 'ss-andrew-thomas-school-potosi-wi';
UPDATE schools SET old_page_name = 'ss-peter-and-paul-school' WHERE page_name = 'ss-peter-and-paul-school-west-chester-pa';
UPDATE schools SET old_page_name = 'st-adalbert-catholic-school' WHERE page_name = 'st-adalbert-catholic-school-cleveland-oh';