UPDATE schools SET old_page_name = 'mount-pleasant-academy' WHERE page_name = 'mount-pleasant-academy-providence-ri';
UPDATE schools SET old_page_name = 'mount-royal-academy' WHERE page_name = 'mount-royal-academy-sunapee-nh';
UPDATE schools SET old_page_name = 'mount-saint-dominic-academy' WHERE page_name = 'mount-saint-dominic-academy-caldwell-nj';
UPDATE schools SET old_page_name = 'mount-saint-joseph-high-school' WHERE page_name = 'mount-saint-joseph-high-school-baltimore-md';
UPDATE schools SET old_page_name = 'mount-snow-academy' WHERE page_name = 'mount-snow-academy-west-dover-vt';
UPDATE schools SET old_page_name = 'mount-st-charles-academy' WHERE page_name = 'mount-st-charles-academy-woonsocket-ri';
UPDATE schools SET old_page_name = 'mount-st-joseph-academy' WHERE page_name = 'mount-st-joseph-academy-flourtown-pa';
UPDATE schools SET old_page_name = 'mount-st-joseph-academy' WHERE page_name = 'mount-st-joseph-academy-rutland-vt';
UPDATE schools SET old_page_name = 'mount-st-mary-academy' WHERE page_name = 'mount-st-mary-academy-buffalo-ny';
UPDATE schools SET old_page_name = 'mount-st-michael-academy' WHERE page_name = 'mount-st-michael-academy-bronx-ny';
UPDATE schools SET old_page_name = 'mount-tamalpais-school' WHERE page_name = 'mount-tamalpais-school-mill-valley-ca';
UPDATE schools SET old_page_name = 'mount-vernon-academy' WHERE page_name = 'mount-vernon-academy-murray-ut';
UPDATE schools SET old_page_name = 'mount-vernon-christian-school' WHERE page_name = 'mount-vernon-christian-school-mount-vernon-wa';
UPDATE schools SET old_page_name = 'mount-vernon-sda-elementary-school' WHERE page_name = 'mount-vernon-sda-elementary-school-mount-vernon-oh';
UPDATE schools SET old_page_name = 'mount-zion-christian-academy' WHERE page_name = 'mount-zion-christian-academy-pembroke-nc';
UPDATE schools SET old_page_name = 'mount-zion-christian-school' WHERE page_name = 'mount-zion-christian-school-ontario-ca';
UPDATE schools SET old_page_name = 'mount-zion-christian-school' WHERE page_name = 'mount-zion-christian-school-lake-geneva-wi';
UPDATE schools SET old_page_name = 'mountain-area-christian-academy' WHERE page_name = 'mountain-area-christian-academy-morganton-ga';
UPDATE schools SET old_page_name = 'mountain-christian-school' WHERE page_name = 'mountain-christian-school-show-low-az';
UPDATE schools SET old_page_name = 'mountain-grove-christian-academy' WHERE page_name = 'mountain-grove-christian-academy-mountain-grove-mo';
UPDATE schools SET old_page_name = 'mountain-hill-school' WHERE page_name = 'mountain-hill-school-atlantic-highlands-nj';
UPDATE schools SET old_page_name = 'mountain-lake-academy' WHERE page_name = 'mountain-lake-academy-lake-placid-ny';
UPDATE schools SET old_page_name = 'mountain-lake-christian-school' WHERE page_name = 'mountain-lake-christian-school-mountain-lake-mn';
UPDATE schools SET old_page_name = 'mountain-laurel-montessori-school' WHERE page_name = 'mountain-laurel-montessori-school-front-royal-va';
UPDATE schools SET old_page_name = 'mountain-laurel-waldorf-school' WHERE page_name = 'mountain-laurel-waldorf-school-new-paltz-ny';
UPDATE schools SET old_page_name = 'mountain-mission-school' WHERE page_name = 'mountain-mission-school-grundy-va';
UPDATE schools SET old_page_name = 'mountain-montessori' WHERE page_name = 'mountain-montessori-gypsum-co';
UPDATE schools SET old_page_name = 'mountain-pathways-school' WHERE page_name = 'mountain-pathways-school-boone-nc';
UPDATE schools SET old_page_name = 'mountain-road-christian-academy' WHERE page_name = 'mountain-road-christian-academy-casper-wy';
UPDATE schools SET old_page_name = 'mountain-school-at-winhall' WHERE page_name = 'mountain-school-at-winhall-bondville-vt';
UPDATE schools SET old_page_name = 'mountain-shadows-montessori-school' WHERE page_name = 'mountain-shadows-montessori-school-boulder-co';
UPDATE schools SET old_page_name = 'mountain-shadows-school' WHERE page_name = 'mountain-shadows-school-dublin-nh';
UPDATE schools SET old_page_name = 'mountain-springs-preparatory-academy' WHERE page_name = 'mountain-springs-preparatory-academy-cedar-city-ut';
UPDATE schools SET old_page_name = 'mountain-state-christian-school' WHERE page_name = 'mountain-state-christian-school-culloden-wv';
UPDATE schools SET old_page_name = 'mountain-top-christian-academy' WHERE page_name = 'mountain-top-christian-academy-horicon-wi';
UPDATE schools SET old_page_name = 'mountain-view-academy' WHERE page_name = 'mountain-view-academy-colorado-springs-co';
UPDATE schools SET old_page_name = 'mountain-view-amish-school' WHERE page_name = 'mountain-view-amish-school-port-royal-pa';
UPDATE schools SET old_page_name = 'mountain-view-christian-academy' WHERE page_name = 'mountain-view-christian-academy-bryant-al';
UPDATE schools SET old_page_name = 'mountain-view-christian-academy' WHERE page_name = 'mountain-view-christian-academy-winchester-va';
UPDATE schools SET old_page_name = 'mountain-view-christian-school' WHERE page_name = 'mountain-view-christian-school-oak-hill-wv';
UPDATE schools SET old_page_name = 'mountain-view-christian-school' WHERE page_name = 'mountain-view-christian-school-springs-pa';
UPDATE schools SET old_page_name = 'mountain-view-christian-schools' WHERE page_name = 'mountain-view-christian-schools-las-vegas-nv';
UPDATE schools SET old_page_name = 'mountain-view-lutheran-school' WHERE page_name = 'mountain-view-lutheran-school-las-vegas-nv';
UPDATE schools SET old_page_name = 'mountain-view-mennonite-school' WHERE page_name = 'mountain-view-mennonite-school-dayton-va';
UPDATE schools SET old_page_name = 'mountain-view-mennonite-school' WHERE page_name = 'mountain-view-mennonite-school-albuquerque-nm';
UPDATE schools SET old_page_name = 'mountain-view-montessori-school' WHERE page_name = 'mountain-view-montessori-school-reno-nv';
UPDATE schools SET old_page_name = 'mountain-view-school' WHERE page_name = 'mountain-view-school-rebersburg-pa';
UPDATE schools SET old_page_name = 'mountain-youth-academy' WHERE page_name = 'mountain-youth-academy-mountain-city-tn';
UPDATE schools SET old_page_name = 'mountaineer-montessori-school' WHERE page_name = 'mountaineer-montessori-school-charleston-wv';
UPDATE schools SET old_page_name = 'mowersville-christian-academy' WHERE page_name = 'mowersville-christian-academy-newburg-pa';
UPDATE schools SET old_page_name = 'msgr-scanlan-high-school' WHERE page_name = 'msgr-scanlan-high-school-bronx-ny';
UPDATE schools SET old_page_name = 'mt-airy-christian-day-school' WHERE page_name = 'mt-airy-christian-day-school-philadelphia-pa';
UPDATE schools SET old_page_name = 'mt-alvernia-high-school' WHERE page_name = 'mt-alvernia-high-school-newton-ma';
UPDATE schools SET old_page_name = 'mt-calvary-christian-academy' WHERE page_name = 'mt-calvary-christian-academy-hookerton-nc';
UPDATE schools SET old_page_name = 'mt-calvary-lutheran-school' WHERE page_name = 'mt-calvary-lutheran-school-milwaukee-wi';
UPDATE schools SET old_page_name = 'mt-calvary-lutheran-school' WHERE page_name = 'mt-calvary-lutheran-school-diamond-bar-ca';
UPDATE schools SET old_page_name = 'mt-calvary-sda-junior-academy' WHERE page_name = 'mt-calvary-sda-junior-academy-tampa-fl';
UPDATE schools SET old_page_name = 'mt-calvary-grace-lutheran-school' WHERE page_name = 'mt-calvary-grace-lutheran-school-la-crosse-wi';
UPDATE schools SET old_page_name = 'mt-carmel-christian-academy' WHERE page_name = 'mt-carmel-christian-academy-luray-va';
UPDATE schools SET old_page_name = 'mt-carmel-christian-school' WHERE page_name = 'mt-carmel-christian-school-mount-pleasant-pa';
UPDATE schools SET old_page_name = 'mt-erie-christian-academy' WHERE page_name = 'mt-erie-christian-academy-san-diego-ca';
UPDATE schools SET old_page_name = 'mt-helix-academy' WHERE page_name = 'mt-helix-academy-la-mesa-ca';
UPDATE schools SET old_page_name = 'mt-hope-montessori-school' WHERE page_name = 'mt-hope-montessori-school-mansfield-center-ct';
UPDATE schools SET old_page_name = 'mt-juliet-christian-academy' WHERE page_name = 'mt-juliet-christian-academy-mount-juliet-tn';
UPDATE schools SET old_page_name = 'mt-moriah-academy' WHERE page_name = 'mt-moriah-academy-glenmont-ny';
UPDATE schools SET old_page_name = 'mt-olive-christian-school' WHERE page_name = 'mt-olive-christian-school-athens-la';
UPDATE schools SET old_page_name = 'mt-olive-lutheran-school' WHERE page_name = 'mt-olive-lutheran-school-milwaukee-wi';
UPDATE schools SET old_page_name = 'mt-olive-lutheran-school' WHERE page_name = 'mt-olive-lutheran-school-delano-mn';
UPDATE schools SET old_page_name = 'mt-olive-lutheran-school' WHERE page_name = 'mt-olive-lutheran-school-des-moines-ia';
UPDATE schools SET old_page_name = 'mt-olive-lutheran-school' WHERE page_name = 'mt-olive-lutheran-school-overland-park-ks';
UPDATE schools SET old_page_name = 'mt-pleasant-amish-school' WHERE page_name = 'mt-pleasant-amish-school-honey-brook-pa';
UPDATE schools SET old_page_name = 'mt-pleasant-christian-school' WHERE page_name = 'mt-pleasant-christian-school-chesapeake-va';
UPDATE schools SET old_page_name = 'mt-pleasant-christian-school' WHERE page_name = 'mt-pleasant-christian-school-mount-pleasant-tx';
UPDATE schools SET old_page_name = 'mt-pleasant-presbyterian-church-learning-center' WHERE page_name = 'mt-pleasant-presbyterian-church-learning-center-mount-pleasant-sc';
UPDATE schools SET old_page_name = 'mt-rock-parochial-school' WHERE page_name = 'mt-rock-parochial-school-shippensburg-pa';
UPDATE schools SET old_page_name = 'mt-salus-christian-school' WHERE page_name = 'mt-salus-christian-school-clinton-ms';
UPDATE schools SET old_page_name = 'mt-st-mary-academy' WHERE page_name = 'mt-st-mary-academy-little-rock-ar';
UPDATE schools SET old_page_name = 'mt-st-mary-academy' WHERE page_name = 'mt-st-mary-academy-manchester-nh';
UPDATE schools SET old_page_name = 'mt-sterling-christian-school' WHERE page_name = 'mt-sterling-christian-school-mount-sterling-ky';
UPDATE schools SET old_page_name = 'mt-vernon-christian-academy' WHERE page_name = 'mt-vernon-christian-academy-mount-vernon-ga';
UPDATE schools SET old_page_name = 'mt-vernon-presbyterian-school' WHERE page_name = 'mt-vernon-presbyterian-school-atlanta-ga';
UPDATE schools SET old_page_name = 'mt-zion-bible-school' WHERE page_name = 'mt-zion-bible-school-ava-mo';
UPDATE schools SET old_page_name = 'mud-creek-christian-school' WHERE page_name = 'mud-creek-christian-school-hendersonville-nc';
UPDATE schools SET old_page_name = 'mud-lake-school' WHERE page_name = 'mud-lake-school-rensselaer-falls-ny';
UPDATE schools SET old_page_name = 'muddy-run-amish-school' WHERE page_name = 'muddy-run-amish-school-bird-in-hand-pa';
UPDATE schools SET old_page_name = 'mukilteo-academy' WHERE page_name = 'mukilteo-academy-mukilteo-wa';
UPDATE schools SET old_page_name = 'mukwonago-baptist-academy' WHERE page_name = 'mukwonago-baptist-academy-mukwonago-wi';
UPDATE schools SET old_page_name = 'mulberry-christian-academy' WHERE page_name = 'mulberry-christian-academy-mulberry-fl';
UPDATE schools SET old_page_name = 'mulberry-school' WHERE page_name = 'mulberry-school-normal-il';
UPDATE schools SET old_page_name = 'mulberry-school' WHERE page_name = 'mulberry-school-los-gatos-ca';
UPDATE schools SET old_page_name = 'mullein-hill-christian-academy' WHERE page_name = 'mullein-hill-christian-academy-lakeville-ma';
UPDATE schools SET old_page_name = 'mullen-high-school' WHERE page_name = 'mullen-high-school-denver-co';
UPDATE schools SET old_page_name = 'mullins-marion-christian-school' WHERE page_name = 'mullins-marion-christian-school-mullins-sc';
UPDATE schools SET old_page_name = 'munising-baptist-school' WHERE page_name = 'munising-baptist-school-wetmore-mi';
UPDATE schools SET old_page_name = 'munsey-kindergarten' WHERE page_name = 'munsey-kindergarten-johnson-city-tn';
UPDATE schools SET old_page_name = 'murphy-adventist-christian-school' WHERE page_name = 'murphy-adventist-christian-school-murphy-nc';
UPDATE schools SET old_page_name = 'murrieta-ranch-preschool' WHERE page_name = 'murrieta-ranch-preschool-murrieta-ca';
UPDATE schools SET old_page_name = 'murrieta-springs-adventist-christian-academy' WHERE page_name = 'murrieta-springs-adventist-christian-academy-murrieta-ca';
UPDATE schools SET old_page_name = 'muscoda-christian-day-school' WHERE page_name = 'muscoda-christian-day-school-muscoda-wi';
UPDATE schools SET old_page_name = 'muslim-academy' WHERE page_name = 'muslim-academy-gretna-la';
UPDATE schools SET old_page_name = 'muslim-academy-of-greater-orlando' WHERE page_name = 'muslim-academy-of-greater-orlando-orlando-fl';
UPDATE schools SET old_page_name = 'muslim-american-youth-academy' WHERE page_name = 'muslim-american-youth-academy-dearborn-mi';
UPDATE schools SET old_page_name = 'mustard-seed-school' WHERE page_name = 'mustard-seed-school-hoboken-nj';
UPDATE schools SET old_page_name = 'musto-hollow-amish-school' WHERE page_name = 'musto-hollow-amish-school-genesee-pa';
UPDATE schools SET old_page_name = 'my-school' WHERE page_name = 'my-school-dover-nh';
UPDATE schools SET old_page_name = 'myerstown-mennonite-school' WHERE page_name = 'myerstown-mennonite-school-myerstown-pa';
UPDATE schools SET old_page_name = 'myrtle-farm-montessori-school' WHERE page_name = 'myrtle-farm-montessori-school-concord-ca';
UPDATE schools SET old_page_name = 'nampa-christian-schools' WHERE page_name = 'nampa-christian-schools-nampa-id';
UPDATE schools SET old_page_name = 'nansemond-suffolk-academy' WHERE page_name = 'nansemond-suffolk-academy-suffolk-va';
UPDATE schools SET old_page_name = 'nantucket-new-school' WHERE page_name = 'nantucket-new-school-nantucket-ma';
UPDATE schools SET old_page_name = 'napa-christian-campus-of-education' WHERE page_name = 'napa-christian-campus-of-education-napa-ca';
UPDATE schools SET old_page_name = 'naperville-christian-academy' WHERE page_name = 'naperville-christian-academy-naperville-il';
UPDATE schools SET old_page_name = 'naperville-montessori-school' WHERE page_name = 'naperville-montessori-school-naperville-il';
UPDATE schools SET old_page_name = 'naples-christian-academy' WHERE page_name = 'naples-christian-academy-naples-fl';
UPDATE schools SET old_page_name = 'nardin-academy' WHERE page_name = 'nardin-academy-buffalo-ny';
UPDATE schools SET old_page_name = 'nashoba-learning-group' WHERE page_name = 'nashoba-learning-group-bedford-ma';
UPDATE schools SET old_page_name = 'nashua-childrens-home' WHERE page_name = 'nashua-childrens-home-nashua-nh';
UPDATE schools SET old_page_name = 'nashville-christian-school' WHERE page_name = 'nashville-christian-school-nashville-tn';
UPDATE schools SET old_page_name = 'nashville-international-academy' WHERE page_name = 'nashville-international-academy-nashville-tn';
UPDATE schools SET old_page_name = 'nassau-suffolk-services-for-autism' WHERE page_name = 'nassau-suffolk-services-for-autism-commack-ny';
UPDATE schools SET old_page_name = 'natchez-trace-youth-academy' WHERE page_name = 'natchez-trace-youth-academy-waverly-tn';
UPDATE schools SET old_page_name = 'nathanael-greene-academy' WHERE page_name = 'nathanael-greene-academy-siloam-ga';
UPDATE schools SET old_page_name = 'national-christian-academy' WHERE page_name = 'national-christian-academy-ft-washington-md';
UPDATE schools SET old_page_name = 'national-presbyterian-school' WHERE page_name = 'national-presbyterian-school-washington-dc';
UPDATE schools SET old_page_name = 'nativity-academy-at-st-boniface' WHERE page_name = 'nativity-academy-at-st-boniface-louisville-ky';
UPDATE schools SET old_page_name = 'nativity-bvm-high-school' WHERE page_name = 'nativity-bvm-high-school-pottsville-pa';
UPDATE schools SET old_page_name = 'nativity-catholic-school' WHERE page_name = 'nativity-catholic-school-brandon-fl';
UPDATE schools SET old_page_name = 'nativity-catholic-school' WHERE page_name = 'nativity-catholic-school-indianapolis-in';
UPDATE schools SET old_page_name = 'nativity-catholic-school' WHERE page_name = 'nativity-catholic-school-burke-va';
UPDATE schools SET old_page_name = 'nativity-elementary-school' WHERE page_name = 'nativity-elementary-school-menlo-park-ca';
UPDATE schools SET old_page_name = 'nativity-of-mary-school' WHERE page_name = 'nativity-of-mary-school-bloomington-mn';
UPDATE schools SET old_page_name = 'nativity-of-our-lord-school' WHERE page_name = 'nativity-of-our-lord-school-orchard-park-ny';
UPDATE schools SET old_page_name = 'nativity-of-our-lord-school' WHERE page_name = 'nativity-of-our-lord-school-saint-paul-mn';
UPDATE schools SET old_page_name = 'nativity-parish-school' WHERE page_name = 'nativity-parish-school-leawood-ks';
UPDATE schools SET old_page_name = 'nativity-prep-academy' WHERE page_name = 'nativity-prep-academy-san-diego-ca';
UPDATE schools SET old_page_name = 'nativity-preparatory-school' WHERE page_name = 'nativity-preparatory-school-jamaica-plain-ma';
UPDATE schools SET old_page_name = 'nativity-preparatory-school-of-wilmington' WHERE page_name = 'nativity-preparatory-school-of-wilmington-wilmington-de';
UPDATE schools SET old_page_name = 'nativity-school' WHERE page_name = 'nativity-school-torrance-ca';
UPDATE schools SET old_page_name = 'nativity-school' WHERE page_name = 'nativity-school-charleston-sc';
UPDATE schools SET old_page_name = 'nativity-school' WHERE page_name = 'nativity-school-cincinnati-oh';
UPDATE schools SET old_page_name = 'nature-valley-school' WHERE page_name = 'nature-valley-school-lagrange-in';
UPDATE schools SET old_page_name = 'natures-way-montessori-school' WHERE page_name = 'natures-way-montessori-school-knoxville-tn';
UPDATE schools SET old_page_name = 'naval-academy-primary-school' WHERE page_name = 'naval-academy-primary-school-annapolis-md';
UPDATE schools SET old_page_name = 'navy-hale-keiki-school' WHERE page_name = 'navy-hale-keiki-school-honolulu-hi';
UPDATE schools SET old_page_name = 'nazarene-christian-academy' WHERE page_name = 'nazarene-christian-academy-new-bedford-ma';
UPDATE schools SET old_page_name = 'nazarene-christian-academy' WHERE page_name = 'nazarene-christian-academy-crowley-tx';
UPDATE schools SET old_page_name = 'nazareth-academy' WHERE page_name = 'nazareth-academy-la-grange-park-il';
UPDATE schools SET old_page_name = 'nazareth-academy-catholic-school' WHERE page_name = 'nazareth-academy-catholic-school-victoria-tx';
UPDATE schools SET old_page_name = 'nazareth-academy-grade-school' WHERE page_name = 'nazareth-academy-grade-school-philadelphia-pa';
UPDATE schools SET old_page_name = 'nazareth-regional-high-school' WHERE page_name = 'nazareth-regional-high-school-brooklyn-ny';
UPDATE schools SET old_page_name = 'ne-miles-jewish-day-school' WHERE page_name = 'ne-miles-jewish-day-school-birmingham-al';
UPDATE schools SET old_page_name = 'neighborhood-christian-center' WHERE page_name = 'neighborhood-christian-center-santa-clara-ca';
UPDATE schools SET old_page_name = 'neighborhood-christian-school' WHERE page_name = 'neighborhood-christian-school-dixon-ca';
UPDATE schools SET old_page_name = 'neighborhood-schoolhouse' WHERE page_name = 'neighborhood-schoolhouse-brattleboro-vt';
UPDATE schools SET old_page_name = 'neosho-christian-schools' WHERE page_name = 'neosho-christian-schools-neosho-mo';
UPDATE schools SET old_page_name = 'neshaminy-valley-montessori-school' WHERE page_name = 'neshaminy-valley-montessori-school-trevose-pa';
UPDATE schools SET old_page_name = 'nesivos-bais-yaakov' WHERE page_name = 'nesivos-bais-yaakov-brooklyn-ny';
UPDATE schools SET old_page_name = 'neskowin-valley-school' WHERE page_name = 'neskowin-valley-school-neskowin-or';
UPDATE schools SET old_page_name = 'netherlands-reformed-christian-school' WHERE page_name = 'netherlands-reformed-christian-school-rock-valley-ia';
UPDATE schools SET old_page_name = 'new-albany-montessori-school' WHERE page_name = 'new-albany-montessori-school-new-albany-oh';
UPDATE schools SET old_page_name = 'new-beginning-christian-academy' WHERE page_name = 'new-beginning-christian-academy-hot-springs-ar';
UPDATE schools SET old_page_name = 'new-beginnings-academy' WHERE page_name = 'new-beginnings-academy-hyde-park-ma';
UPDATE schools SET old_page_name = 'new-beginnings-christian-academy' WHERE page_name = 'new-beginnings-christian-academy-jacksonville-fl';
UPDATE schools SET old_page_name = 'new-beginnings-christian-school' WHERE page_name = 'new-beginnings-christian-school-columbus-oh';
UPDATE schools SET old_page_name = 'new-bethlehem-wesleyan-methodist-school' WHERE page_name = 'new-bethlehem-wesleyan-methodist-school-new-bethlehem-pa';
UPDATE schools SET old_page_name = 'new-braunfels-christian-academy' WHERE page_name = 'new-braunfels-christian-academy-new-braunfels-tx';
UPDATE schools SET old_page_name = 'new-bridge-academy' WHERE page_name = 'new-bridge-academy-sandston-va';
UPDATE schools SET old_page_name = 'new-burlington-amish-school' WHERE page_name = 'new-burlington-amish-school-nappanee-in';
UPDATE schools SET old_page_name = 'new-canaan-country-school' WHERE page_name = 'new-canaan-country-school-new-canaan-ct';
UPDATE schools SET old_page_name = 'new-conquest-mennonite-school' WHERE page_name = 'new-conquest-mennonite-school-penn-yan-ny';
UPDATE schools SET old_page_name = 'new-covenant-academy' WHERE page_name = 'new-covenant-academy-springfield-mo';
UPDATE schools SET old_page_name = 'new-covenant-academy' WHERE page_name = 'new-covenant-academy-mansfield-pa';
UPDATE schools SET old_page_name = 'new-covenant-academy' WHERE page_name = 'new-covenant-academy-los-angeles-ca';
UPDATE schools SET old_page_name = 'new-covenant-christian-school' WHERE page_name = 'new-covenant-christian-school-lebanon-pa';
UPDATE schools SET old_page_name = 'new-covenant-christian-school' WHERE page_name = 'new-covenant-christian-school-bronx-ny';
UPDATE schools SET old_page_name = 'new-day' WHERE page_name = 'new-day-billings-mt';
UPDATE schools SET old_page_name = 'new-day-academy' WHERE page_name = 'new-day-academy-dothan-al';
UPDATE schools SET old_page_name = 'new-directions-academy' WHERE page_name = 'new-directions-academy-parkville-md';
UPDATE schools SET old_page_name = 'new-dominion-school' WHERE page_name = 'new-dominion-school-austin-mn';
UPDATE schools SET old_page_name = 'new-dorp-christian-academy' WHERE page_name = 'new-dorp-christian-academy-staten-island-ny';
UPDATE schools SET old_page_name = 'new-england-hebrew-academy' WHERE page_name = 'new-england-hebrew-academy-brookline-ma';
UPDATE schools SET old_page_name = 'new-england-valley-mennonite' WHERE page_name = 'new-england-valley-mennonite-tamaqua-pa';
UPDATE schools SET old_page_name = 'new-fellowship-christian-school' WHERE page_name = 'new-fellowship-christian-school-titusville-fl';
UPDATE schools SET old_page_name = 'new-garden-friends-school' WHERE page_name = 'new-garden-friends-school-greensboro-nc';
UPDATE schools SET old_page_name = 'new-generation-school' WHERE page_name = 'new-generation-school-lake-city-fl';
UPDATE schools SET old_page_name = 'new-harvest-christian-school' WHERE page_name = 'new-harvest-christian-school-norwalk-ca';
UPDATE schools SET old_page_name = 'new-harvest-christian-schools' WHERE page_name = 'new-harvest-christian-schools-oxnard-ca';
UPDATE schools SET old_page_name = 'new-haven-mennonite-school' WHERE page_name = 'new-haven-mennonite-school-lititz-pa';
UPDATE schools SET old_page_name = 'new-haven-school' WHERE page_name = 'new-haven-school-spanish-fork-ut';
UPDATE schools SET old_page_name = 'new-hebron-christian-school' WHERE page_name = 'new-hebron-christian-school-robinson-il';
UPDATE schools SET old_page_name = 'new-hope-academy' WHERE page_name = 'new-hope-academy-doylestown-pa';
UPDATE schools SET old_page_name = 'new-hope-academy' WHERE page_name = 'new-hope-academy-franklin-tn';
UPDATE schools SET old_page_name = 'new-hope-academy' WHERE page_name = 'new-hope-academy-landover-hills-md';
UPDATE schools SET old_page_name = 'new-hope-christian-academy' WHERE page_name = 'new-hope-christian-academy-minneola-fl';
UPDATE schools SET old_page_name = 'new-hope-christian-academy' WHERE page_name = 'new-hope-christian-academy-saint-marys-ga';
UPDATE schools SET old_page_name = 'new-hope-christian-academy' WHERE page_name = 'new-hope-christian-academy-wallace-nc';
UPDATE schools SET old_page_name = 'new-hope-christian-elementary-school' WHERE page_name = 'new-hope-christian-elementary-school-birmingham-al';
UPDATE schools SET old_page_name = 'new-hope-christian-school' WHERE page_name = 'new-hope-christian-school-neenah-wi';
UPDATE schools SET old_page_name = 'new-hope-christian-school' WHERE page_name = 'new-hope-christian-school-cairo-ne';
UPDATE schools SET old_page_name = 'new-hope-christian-school' WHERE page_name = 'new-hope-christian-school-corryton-tn';
UPDATE schools SET old_page_name = 'new-hope-christian-schools' WHERE page_name = 'new-hope-christian-schools-grants-pass-or';
UPDATE schools SET old_page_name = 'new-hope-lutheran-academy' WHERE page_name = 'new-hope-lutheran-academy-west-melbourne-fl';
UPDATE schools SET old_page_name = 'new-hope-school' WHERE page_name = 'new-hope-school-clifton-nj';
UPDATE schools SET old_page_name = 'new-horizon-christian-school' WHERE page_name = 'new-horizon-christian-school-centralia-il';
UPDATE schools SET old_page_name = 'new-horizon-school-and-learning-center' WHERE page_name = 'new-horizon-school-and-learning-center-santa-rosa-ca';
UPDATE schools SET old_page_name = 'new-horizon-school-pasadena' WHERE page_name = 'new-horizon-school-pasadena-pasadena-ca';
UPDATE schools SET old_page_name = 'new-horizon-school-westside' WHERE page_name = 'new-horizon-school-westside-los-angeles-ca';
UPDATE schools SET old_page_name = 'new-horizons-elementary-school' WHERE page_name = 'new-horizons-elementary-school-wilmington-nc';
UPDATE schools SET old_page_name = 'new-horizons-school' WHERE page_name = 'new-horizons-school-newark-ca';
UPDATE schools SET old_page_name = 'new-jersey-united-christian-academy' WHERE page_name = 'new-jersey-united-christian-academy-cream-ridge-nj';
UPDATE schools SET old_page_name = 'new-jerusalem-academy' WHERE page_name = 'new-jerusalem-academy-kissimmee-fl';
UPDATE schools SET old_page_name = 'new-jerusalem-christian-academy' WHERE page_name = 'new-jerusalem-christian-academy-miami-fl';
UPDATE schools SET old_page_name = 'new-jerusalem-christian-academy' WHERE page_name = 'new-jerusalem-christian-academy-jackson-ms';
UPDATE schools SET old_page_name = 'new-jerusalem-christian-academy' WHERE page_name = 'new-jerusalem-christian-academy-seffner-fl';
UPDATE schools SET old_page_name = 'new-leaf-academy' WHERE page_name = 'new-leaf-academy-bend-or';
UPDATE schools SET old_page_name = 'new-life-academy' WHERE page_name = 'new-life-academy-woodbury-mn';
UPDATE schools SET old_page_name = 'new-life-alternatives-christian-academy' WHERE page_name = 'new-life-alternatives-christian-academy-philadelphia-pa';
UPDATE schools SET old_page_name = 'new-life-christian-academy' WHERE page_name = 'new-life-christian-academy-troy-al';
UPDATE schools SET old_page_name = 'new-life-christian-academy' WHERE page_name = 'new-life-christian-academy-fayetteville-nc';
UPDATE schools SET old_page_name = 'new-life-christian-academy' WHERE page_name = 'new-life-christian-academy-hesperia-ca';
UPDATE schools SET old_page_name = 'new-life-christian-academy' WHERE page_name = 'new-life-christian-academy-fryeburg-me';
UPDATE schools SET old_page_name = 'new-life-christian-academy' WHERE page_name = 'new-life-christian-academy-peoria-il';
UPDATE schools SET old_page_name = 'new-life-christian-academy' WHERE page_name = 'new-life-christian-academy-kimball-mi';
UPDATE schools SET old_page_name = 'new-life-christian-academy' WHERE page_name = 'new-life-christian-academy-pompano-beach-fl';
UPDATE schools SET old_page_name = 'new-life-christian-school' WHERE page_name = 'new-life-christian-school-olivehurst-ca';
UPDATE schools SET old_page_name = 'new-life-christian-school' WHERE page_name = 'new-life-christian-school-hamilton-ny';
UPDATE schools SET old_page_name = 'new-life-christian-school' WHERE page_name = 'new-life-christian-school-ephrata-wa';
UPDATE schools SET old_page_name = 'new-life-christian-school' WHERE page_name = 'new-life-christian-school-longview-tx';
UPDATE schools SET old_page_name = 'new-life-christian-school' WHERE page_name = 'new-life-christian-school-el-monte-ca';
UPDATE schools SET old_page_name = 'new-life-christian-school-of-excellence' WHERE page_name = 'new-life-christian-school-of-excellence-bessemer-al';
UPDATE schools SET old_page_name = 'new-manna-christian-school' WHERE page_name = 'new-manna-christian-school-marion-nc';
UPDATE schools SET old_page_name = 'new-montessori-school' WHERE page_name = 'new-montessori-school-la-puente-ca';
UPDATE schools SET old_page_name = 'new-morning-school' WHERE page_name = 'new-morning-school-plymouth-mi';
UPDATE schools SET old_page_name = 'new-morning-school' WHERE page_name = 'new-morning-school-bedford-nh';
UPDATE schools SET old_page_name = 'new-road-school' WHERE page_name = 'new-road-school-lakewood-nj';
UPDATE schools SET old_page_name = 'new-roads-school' WHERE page_name = 'new-roads-school-santa-monica-ca';
UPDATE schools SET old_page_name = 'new-school-montessori-center' WHERE page_name = 'new-school-montessori-center-holly-springs-nc';
UPDATE schools SET old_page_name = 'new-testament-baptist-school' WHERE page_name = 'new-testament-baptist-school-phenix-city-al';
UPDATE schools SET old_page_name = 'new-testament-christian-academy' WHERE page_name = 'new-testament-christian-academy-milwaukee-wi';
UPDATE schools SET old_page_name = 'new-testament-christian-school' WHERE page_name = 'new-testament-christian-school-alexandria-mn';
UPDATE schools SET old_page_name = 'new-ulm-area-catholic-schools' WHERE page_name = 'new-ulm-area-catholic-schools-new-ulm-mn';
UPDATE schools SET old_page_name = 'new-valentine-amish-school' WHERE page_name = 'new-valentine-amish-school-lagrange-in';
UPDATE schools SET old_page_name = 'new-vista-montessori-school' WHERE page_name = 'new-vista-montessori-school-roanoke-va';
UPDATE schools SET old_page_name = 'new-vista-school' WHERE page_name = 'new-vista-school-laguna-hills-ca';
UPDATE schools SET old_page_name = 'new-vistas-school' WHERE page_name = 'new-vistas-school-lynchburg-va';
UPDATE schools SET old_page_name = 'new-world-montessori-school' WHERE page_name = 'new-world-montessori-school-culver-city-ca';
UPDATE schools SET old_page_name = 'new-world-montessori-school' WHERE page_name = 'new-world-montessori-school-mequon-wi';
UPDATE schools SET old_page_name = 'new-york-institute-for-special-education' WHERE page_name = 'new-york-institute-for-special-education-bronx-ny';
UPDATE schools SET old_page_name = 'new-york-military-academy' WHERE page_name = 'new-york-military-academy-cornwall-on-hudson-ny';
UPDATE schools SET old_page_name = 'newark-academy' WHERE page_name = 'newark-academy-livingston-nj';
UPDATE schools SET old_page_name = 'newark-boys-chorus-school' WHERE page_name = 'newark-boys-chorus-school-newark-nj';
UPDATE schools SET old_page_name = 'newark-catholic-high-school' WHERE page_name = 'newark-catholic-high-school-newark-oh';
UPDATE schools SET old_page_name = 'newark-center-for-creative-learning' WHERE page_name = 'newark-center-for-creative-learning-newark-de';
UPDATE schools SET old_page_name = 'newburgh-christian-school' WHERE page_name = 'newburgh-christian-school-newburgh-in';
UPDATE schools SET old_page_name = 'newbury-park-adventist-academy' WHERE page_name = 'newbury-park-adventist-academy-newbury-park-ca';
UPDATE schools SET old_page_name = 'newburyport-montessori-school' WHERE page_name = 'newburyport-montessori-school-newburyport-ma';
UPDATE schools SET old_page_name = 'newman-catholic-high-school' WHERE page_name = 'newman-catholic-high-school-wausau-wi';
UPDATE schools SET old_page_name = 'newport-central-catholic-high-school' WHERE page_name = 'newport-central-catholic-high-school-newport-ky';
UPDATE schools SET old_page_name = 'newport-christian-academy' WHERE page_name = 'newport-christian-academy-newport-nc';
UPDATE schools SET old_page_name = 'newport-christian-school' WHERE page_name = 'newport-christian-school-newport-beach-ca';
UPDATE schools SET old_page_name = 'newport-montessori-school' WHERE page_name = 'newport-montessori-school-newport-beach-ca';
UPDATE schools SET old_page_name = 'newton-bible-christian-school' WHERE page_name = 'newton-bible-christian-school-newton-ks';
UPDATE schools SET old_page_name = 'newton-christian-school' WHERE page_name = 'newton-christian-school-newton-ia';
UPDATE schools SET old_page_name = 'newton-country-day-school' WHERE page_name = 'newton-country-day-school-newton-ma';
UPDATE schools SET old_page_name = 'newtown-friends-school' WHERE page_name = 'newtown-friends-school-newtown-pa';
UPDATE schools SET old_page_name = 'next-generation-school' WHERE page_name = 'next-generation-school-champaign-il';
UPDATE schools SET old_page_name = 'nexus-school' WHERE page_name = 'nexus-school-roslyn-pa';
UPDATE schools SET old_page_name = 'nfi-sidney-river-bend-school' WHERE page_name = 'nfi-sidney-river-bend-school-sidney-me';
UPDATE schools SET old_page_name = 'nicaea-academy' WHERE page_name = 'nicaea-academy-naples-fl';
UPDATE schools SET old_page_name = 'nicholas-school' WHERE page_name = 'nicholas-school-piqua-oh';
UPDATE schools SET old_page_name = 'nichols-school' WHERE page_name = 'nichols-school-buffalo-ny';
UPDATE schools SET old_page_name = 'nightingale-montessori' WHERE page_name = 'nightingale-montessori-springfield-oh';
UPDATE schools SET old_page_name = 'nightingale-bamford-school' WHERE page_name = 'nightingale-bamford-school-new-york-ny';
UPDATE schools SET old_page_name = 'niles-adventist-school' WHERE page_name = 'niles-adventist-school-niles-mi';
UPDATE schools SET old_page_name = 'nishi-hongwanji-child-development-center' WHERE page_name = 'nishi-hongwanji-child-development-center-los-angeles-ca';
UPDATE schools SET old_page_name = 'nishiyamato-academy-of-california' WHERE page_name = 'nishiyamato-academy-of-california-lomita-ca';
UPDATE schools SET old_page_name = 'nist-child-care-center' WHERE page_name = 'nist-child-care-center-gaithersburg-md';
UPDATE schools SET old_page_name = 'nittany-christian-school' WHERE page_name = 'nittany-christian-school-state-college-pa';
UPDATE schools SET old_page_name = 'noble-and-greenough-school' WHERE page_name = 'noble-and-greenough-school-dedham-ma';
UPDATE schools SET old_page_name = 'nolan-catholic-high-school' WHERE page_name = 'nolan-catholic-high-school-fort-worth-tx';
UPDATE schools SET old_page_name = 'noor-ul-iman-school' WHERE page_name = 'noor-ul-iman-school-monmouth-junction-nj';
UPDATE schools SET old_page_name = 'nora-cronin-presentation-academy' WHERE page_name = 'nora-cronin-presentation-academy-newburgh-ny';
UPDATE schools SET old_page_name = 'norbeck-montessori-center' WHERE page_name = 'norbeck-montessori-center-rockville-md';
UPDATE schools SET old_page_name = 'norcross-christian-academy' WHERE page_name = 'norcross-christian-academy-norcross-ga';
UPDATE schools SET old_page_name = 'noreen-cook-center-for-ece-of-har-zion-temple' WHERE page_name = 'noreen-cook-center-for-ece-of-har-zion-temple-penn-valley-pa';
UPDATE schools SET old_page_name = 'norfolk-academy' WHERE page_name = 'norfolk-academy-norfolk-va';
UPDATE schools SET old_page_name = 'norfolk-catholic-high-school' WHERE page_name = 'norfolk-catholic-high-school-norfolk-ne';
UPDATE schools SET old_page_name = 'norfolk-christian-schools' WHERE page_name = 'norfolk-christian-schools-norfolk-va';
UPDATE schools SET old_page_name = 'norfolk-collegiate-school' WHERE page_name = 'norfolk-collegiate-school-norfolk-va';
UPDATE schools SET old_page_name = 'norlina-christian-school' WHERE page_name = 'norlina-christian-school-norlina-nc';
UPDATE schools SET old_page_name = 'north-american-martyrs-school' WHERE page_name = 'north-american-martyrs-school-lincoln-ne';
UPDATE schools SET old_page_name = 'north-amish-school' WHERE page_name = 'north-amish-school-ethridge-tn';
UPDATE schools SET old_page_name = 'north-bay-christian-academy' WHERE page_name = 'north-bay-christian-academy-novato-ca';
UPDATE schools SET old_page_name = 'north-branch-school' WHERE page_name = 'north-branch-school-afton-va';
UPDATE schools SET old_page_name = 'north-carroll-community-school' WHERE page_name = 'north-carroll-community-school-westminster-md';
UPDATE schools SET old_page_name = 'north-christian-school' WHERE page_name = 'north-christian-school-parkersburg-wv';
UPDATE schools SET old_page_name = 'north-clackamas-christian-school' WHERE page_name = 'north-clackamas-christian-school-oregon-city-or';
UPDATE schools SET old_page_name = 'north-country-school' WHERE page_name = 'north-country-school-lake-placid-ny';
UPDATE schools SET old_page_name = 'north-county-christian-school' WHERE page_name = 'north-county-christian-school-florissant-mo';
UPDATE schools SET old_page_name = 'north-county-christian-school' WHERE page_name = 'north-county-christian-school-atascadero-ca';
UPDATE schools SET old_page_name = 'north-cross-school' WHERE page_name = 'north-cross-school-roanoke-va';
UPDATE schools SET old_page_name = 'north-delta-school' WHERE page_name = 'north-delta-school-batesville-ms';
UPDATE schools SET old_page_name = 'north-florida-christian-school' WHERE page_name = 'north-florida-christian-school-tallahassee-fl';
UPDATE schools SET old_page_name = 'north-fork-christian-school' WHERE page_name = 'north-fork-christian-school-petersburg-wv';
UPDATE schools SET old_page_name = 'north-hardin-christian-school' WHERE page_name = 'north-hardin-christian-school-radcliff-ky';
UPDATE schools SET old_page_name = 'north-heights-christian-academy' WHERE page_name = 'north-heights-christian-academy-roseville-mn';
UPDATE schools SET old_page_name = 'north-hendren-amish-school' WHERE page_name = 'north-hendren-amish-school-willard-wi';
UPDATE schools SET old_page_name = 'north-hills-christian-school' WHERE page_name = 'north-hills-christian-school-vallejo-ca';
UPDATE schools SET old_page_name = 'north-hills-christian-school' WHERE page_name = 'north-hills-christian-school-salisbury-nc';
UPDATE schools SET old_page_name = 'north-idaho-christian-school' WHERE page_name = 'north-idaho-christian-school-hayden-id';
UPDATE schools SET old_page_name = 'north-iowa-christian-school' WHERE page_name = 'north-iowa-christian-school-mason-city-ia';
UPDATE schools SET old_page_name = 'north-kannapolis-christian-academy' WHERE page_name = 'north-kannapolis-christian-academy-kannapolis-nc';
UPDATE schools SET old_page_name = 'north-kern-christian-school' WHERE page_name = 'north-kern-christian-school-wasco-ca';
UPDATE schools SET old_page_name = 'north-kissimmee-christian-school' WHERE page_name = 'north-kissimmee-christian-school-kissimmee-fl';
UPDATE schools SET old_page_name = 'north-liberty-christian-school' WHERE page_name = 'north-liberty-christian-school-north-liberty-in';
UPDATE schools SET old_page_name = 'north-little-rock-catholic-academy' WHERE page_name = 'north-little-rock-catholic-academy-north-little-rock-ar';
UPDATE schools SET old_page_name = 'north-love-christian' WHERE page_name = 'north-love-christian-rockford-il';
UPDATE schools SET old_page_name = 'north-mobile-christian-school' WHERE page_name = 'north-mobile-christian-school-saraland-al';
UPDATE schools SET old_page_name = 'north-myrtle-beach-christian-school' WHERE page_name = 'north-myrtle-beach-christian-school-longs-sc';
UPDATE schools SET old_page_name = 'north-park-christian-academy' WHERE page_name = 'north-park-christian-academy-fort-worth-tx';
UPDATE schools SET old_page_name = 'north-park-elementary-school' WHERE page_name = 'north-park-elementary-school-chicago-il';
UPDATE schools SET old_page_name = 'north-pole-christian-school' WHERE page_name = 'north-pole-christian-school-north-pole-ak';
UPDATE schools SET old_page_name = 'north-raleigh-christian-academy' WHERE page_name = 'north-raleigh-christian-academy-raleigh-nc';
UPDATE schools SET old_page_name = 'north-rome-christian-school' WHERE page_name = 'north-rome-christian-school-rome-pa';
UPDATE schools SET old_page_name = 'north-shore-academy' WHERE page_name = 'north-shore-academy-highland-park-il';
UPDATE schools SET old_page_name = 'north-shore-country-day-school' WHERE page_name = 'north-shore-country-day-school-winnetka-il';
UPDATE schools SET old_page_name = 'north-shore-day-school' WHERE page_name = 'north-shore-day-school-glen-cove-ny';
UPDATE schools SET old_page_name = 'north-shore-hebrew-academy' WHERE page_name = 'north-shore-hebrew-academy-great-neck-ny';
UPDATE schools SET old_page_name = 'north-shore-hebrew-academy-high-school' WHERE page_name = 'north-shore-hebrew-academy-high-school-great-neck-ny';
UPDATE schools SET old_page_name = 'north-side-school' WHERE page_name = 'north-side-school-east-williston-ny';
UPDATE schools SET old_page_name = 'north-star-academy' WHERE page_name = 'north-star-academy-duluth-mn';
UPDATE schools SET old_page_name = 'north-star-montessori-school' WHERE page_name = 'north-star-montessori-school-columbus-in';
UPDATE schools SET old_page_name = 'north-sunflower-academy' WHERE page_name = 'north-sunflower-academy-drew-ms';
UPDATE schools SET old_page_name = 'north-valley-school' WHERE page_name = 'north-valley-school-santa-rosa-ca';
UPDATE schools SET old_page_name = 'north-wall-schools' WHERE page_name = 'north-wall-schools-spokane-wa';
UPDATE schools SET old_page_name = 'north-walterboro-christian-academy' WHERE page_name = 'north-walterboro-christian-academy-walterboro-sc';
UPDATE schools SET old_page_name = 'north-yarmouth-academy' WHERE page_name = 'north-yarmouth-academy-yarmouth-me';
UPDATE schools SET old_page_name = 'northbay-christian-academy' WHERE page_name = 'northbay-christian-academy-clearwater-fl';
UPDATE schools SET old_page_name = 'northeast-academy' WHERE page_name = 'northeast-academy-lasker-nc';
UPDATE schools SET old_page_name = 'northeast-central-christian-school' WHERE page_name = 'northeast-central-christian-school-philadelphia-pa';
UPDATE schools SET old_page_name = 'northeast-christian-academy' WHERE page_name = 'northeast-christian-academy-el-paso-tx';
UPDATE schools SET old_page_name = 'northeastern-wisconsin-lutheran-high-school' WHERE page_name = 'northeastern-wisconsin-lutheran-high-school-green-bay-wi';
UPDATE schools SET old_page_name = 'northern-cambria-catholic-school' WHERE page_name = 'northern-cambria-catholic-school-nicktown-pa';
UPDATE schools SET old_page_name = 'northern-chautauqua-catholic-school' WHERE page_name = 'northern-chautauqua-catholic-school-dunkirk-ny';
UPDATE schools SET old_page_name = 'northern-dauphin-christian-school' WHERE page_name = 'northern-dauphin-christian-school-millersburg-pa';
UPDATE schools SET old_page_name = 'northern-michigan-christian-school' WHERE page_name = 'northern-michigan-christian-school-mc-bain-mi';
UPDATE schools SET old_page_name = 'northern-private-school' WHERE page_name = 'northern-private-school-lake-worth-fl';
UPDATE schools SET old_page_name = 'northfield-montessori' WHERE page_name = 'northfield-montessori-northfield-mn';
UPDATE schools SET old_page_name = 'northland-christian-school' WHERE page_name = 'northland-christian-school-saint-cloud-mn';
UPDATE schools SET old_page_name = 'northland-lutheran-high-school' WHERE page_name = 'northland-lutheran-high-school-kronenwetter-wi';
UPDATE schools SET old_page_name = 'northridge-preparatory-school' WHERE page_name = 'northridge-preparatory-school-niles-il';
UPDATE schools SET old_page_name = 'northshore-christian-academy' WHERE page_name = 'northshore-christian-academy-everett-wa';
UPDATE schools SET old_page_name = 'northside-baptist-christian-school' WHERE page_name = 'northside-baptist-christian-school-mayfield-ky';
UPDATE schools SET old_page_name = 'northside-baptist-school' WHERE page_name = 'northside-baptist-school-victoria-tx';
UPDATE schools SET old_page_name = 'northside-christian-academy' WHERE page_name = 'northside-christian-academy-charlotte-nc';
UPDATE schools SET old_page_name = 'northside-christian-academy' WHERE page_name = 'northside-christian-academy-carthage-tx';
UPDATE schools SET old_page_name = 'northside-christian-school' WHERE page_name = 'northside-christian-school-north-charleston-sc';
UPDATE schools SET old_page_name = 'northside-christian-school' WHERE page_name = 'northside-christian-school-crowley-la';
UPDATE schools SET old_page_name = 'northside-christian-school' WHERE page_name = 'northside-christian-school-st-petersburg-fl';
UPDATE schools SET old_page_name = 'northside-christian-school' WHERE page_name = 'northside-christian-school-columbus-oh';
UPDATE schools SET old_page_name = 'northside-christian-school' WHERE page_name = 'northside-christian-school-blaine-mn';
UPDATE schools SET old_page_name = 'northside-montessori-school' WHERE page_name = 'northside-montessori-school-columbus-oh';
UPDATE schools SET old_page_name = 'northside-school' WHERE page_name = 'northside-school-arthur-il';
UPDATE schools SET old_page_name = 'northstar-academy' WHERE page_name = 'northstar-academy-henrico-va';
UPDATE schools SET old_page_name = 'northstar-christian-academy' WHERE page_name = 'northstar-christian-academy-rochester-ny';
UPDATE schools SET old_page_name = 'northstar-school' WHERE page_name = 'northstar-school-arlington-tx';
UPDATE schools SET old_page_name = 'northumberland-christian-school' WHERE page_name = 'northumberland-christian-school-northumberland-pa';
UPDATE schools SET old_page_name = 'northview-baptist-academy' WHERE page_name = 'northview-baptist-academy-fayetteville-nc';
UPDATE schools SET old_page_name = 'northville-christian-school' WHERE page_name = 'northville-christian-school-northville-mi';
UPDATE schools SET old_page_name = 'northwest-academy' WHERE page_name = 'northwest-academy-elizabeth-il';
UPDATE schools SET old_page_name = 'northwest-adventist-christian-school' WHERE page_name = 'northwest-adventist-christian-school-crown-point-in';
UPDATE schools SET old_page_name = 'northwest-catholic-high-school' WHERE page_name = 'northwest-catholic-high-school-west-hartford-ct';
UPDATE schools SET old_page_name = 'northwest-childrens-center' WHERE page_name = 'northwest-childrens-center-cromwell-ct';
UPDATE schools SET old_page_name = 'northwest-christian-academy' WHERE page_name = 'northwest-christian-academy-miami-fl';
UPDATE schools SET old_page_name = 'northwest-christian-high-school' WHERE page_name = 'northwest-christian-high-school-lacey-wa';
UPDATE schools SET old_page_name = 'northwest-christian-school' WHERE page_name = 'northwest-christian-school-puyallup-wa';
UPDATE schools SET old_page_name = 'northwest-christian-school' WHERE page_name = 'northwest-christian-school-newton-nj';
UPDATE schools SET old_page_name = 'northwest-christian-schools' WHERE page_name = 'northwest-christian-schools-colbert-wa';
UPDATE schools SET old_page_name = 'northwest-hills-christian-school' WHERE page_name = 'northwest-hills-christian-school-san-antonio-tx';
UPDATE schools SET old_page_name = 'northwest-lutheran-school' WHERE page_name = 'northwest-lutheran-school-milwaukee-wi';
UPDATE schools SET old_page_name = 'northwest-montessori-school' WHERE page_name = 'northwest-montessori-school-seattle-wa';
UPDATE schools SET old_page_name = 'northwest-yeshiva-high-school' WHERE page_name = 'northwest-yeshiva-high-school-mercer-island-wa';
UPDATE schools SET old_page_name = 'northwood-montessori-of-irvine' WHERE page_name = 'northwood-montessori-of-irvine-irvine-ca';
UPDATE schools SET old_page_name = 'northwood-montessori-school' WHERE page_name = 'northwood-montessori-school-houston-tx';
UPDATE schools SET old_page_name = 'northwoods-christian-academy' WHERE page_name = 'northwoods-christian-academy-hurley-wi';
UPDATE schools SET old_page_name = 'northwoods-sda-elementary' WHERE page_name = 'northwoods-sda-elementary-hutchinson-mn';
UPDATE schools SET old_page_name = 'norwood-school' WHERE page_name = 'norwood-school-bethesda-md';
UPDATE schools SET old_page_name = 'norwood-fontbonne-academy' WHERE page_name = 'norwood-fontbonne-academy-philadelphia-pa';
UPDATE schools SET old_page_name = 'notre-dame-academy' WHERE page_name = 'notre-dame-academy-toledo-oh';
UPDATE schools SET old_page_name = 'notre-dame-academy' WHERE page_name = 'notre-dame-academy-park-hills-ky';
UPDATE schools SET old_page_name = 'notre-dame-academy' WHERE page_name = 'notre-dame-academy-worcester-ma';
UPDATE schools SET old_page_name = 'notre-dame-academy' WHERE page_name = 'notre-dame-academy-duluth-ga';
UPDATE schools SET old_page_name = 'notre-dame-academy' WHERE page_name = 'notre-dame-academy-san-diego-ca';
UPDATE schools SET old_page_name = 'notre-dame-academy-elementary-school' WHERE page_name = 'notre-dame-academy-elementary-school-los-angeles-ca';
UPDATE schools SET old_page_name = 'notre-dame-academy-high-school' WHERE page_name = 'notre-dame-academy-high-school-staten-island-ny';
UPDATE schools SET old_page_name = 'notre-dame-catholic-high-school' WHERE page_name = 'notre-dame-catholic-high-school-fairfield-ct';
UPDATE schools SET old_page_name = 'notre-dame-catholic-school' WHERE page_name = 'notre-dame-catholic-school-cresco-ia';
UPDATE schools SET old_page_name = 'notre-dame-catholic-school' WHERE page_name = 'notre-dame-catholic-school-kerrville-tx';
UPDATE schools SET old_page_name = 'notre-dame-catholic-school' WHERE page_name = 'notre-dame-catholic-school-spring-hill-fl';
UPDATE schools SET old_page_name = 'notre-dame-de-la-baie-academy' WHERE page_name = 'notre-dame-de-la-baie-academy-green-bay-wi';
UPDATE schools SET old_page_name = 'notre-dame-de-lourdes-school' WHERE page_name = 'notre-dame-de-lourdes-school-swarthmore-pa';
UPDATE schools SET old_page_name = 'notre-dame-elementary-school' WHERE page_name = 'notre-dame-elementary-school-belmont-ca';
UPDATE schools SET old_page_name = 'notre-dame-elementary-school' WHERE page_name = 'notre-dame-elementary-school-chardon-oh';
UPDATE schools SET old_page_name = 'notre-dame-elementary-school' WHERE page_name = 'notre-dame-elementary-school-east-stroudsburg-pa';
UPDATE schools SET old_page_name = 'notre-dame-high-school' WHERE page_name = 'notre-dame-high-school-san-jose-ca';
UPDATE schools SET old_page_name = 'notre-dame-high-school' WHERE page_name = 'notre-dame-high-school-salinas-ca';
UPDATE schools SET old_page_name = 'notre-dame-high-school' WHERE page_name = 'notre-dame-high-school-riverside-ca';
UPDATE schools SET old_page_name = 'notre-dame-high-school' WHERE page_name = 'notre-dame-high-school-west-haven-ct';
UPDATE schools SET old_page_name = 'notre-dame-high-school' WHERE page_name = 'notre-dame-high-school-batavia-ny';
UPDATE schools SET old_page_name = 'notre-dame-high-school' WHERE page_name = 'notre-dame-high-school-easton-pa';
UPDATE schools SET old_page_name = 'notre-dame-high-school' WHERE page_name = 'notre-dame-high-school-chattanooga-tn';
UPDATE schools SET old_page_name = 'notre-dame-high-school' WHERE page_name = 'notre-dame-high-school-belmont-ca';
UPDATE schools SET old_page_name = 'notre-dame-high-school' WHERE page_name = 'notre-dame-high-school-crowley-la';
UPDATE schools SET old_page_name = 'notre-dame-middle-school' WHERE page_name = 'notre-dame-middle-school-chippewa-falls-wi';
UPDATE schools SET old_page_name = 'notre-dame-preparatory' WHERE page_name = 'notre-dame-preparatory-scottsdale-az';
UPDATE schools SET old_page_name = 'notre-dame-preparatory-school' WHERE page_name = 'notre-dame-preparatory-school-towson-md';
UPDATE schools SET old_page_name = 'notre-dame-preparatory-school-and-marist-academy' WHERE page_name = 'notre-dame-preparatory-school-and-marist-academy-pontiac-mi';
UPDATE schools SET old_page_name = 'notre-dame-regional-high-school' WHERE page_name = 'notre-dame-regional-high-school-cape-girardeau-mo';
UPDATE schools SET old_page_name = 'notre-dame-school' WHERE page_name = 'notre-dame-school-new-hyde-park-ny';
UPDATE schools SET old_page_name = 'notre-dame-school' WHERE page_name = 'notre-dame-school-new-york-ny';
UPDATE schools SET old_page_name = 'notre-dame-school' WHERE page_name = 'notre-dame-school-clarendon-hills-il';
UPDATE schools SET old_page_name = 'notre-dame-school' WHERE page_name = 'notre-dame-school-chico-ca';
UPDATE schools SET old_page_name = 'notre-dame-school' WHERE page_name = 'notre-dame-school-santa-barbara-ca';
UPDATE schools SET old_page_name = 'notre-dame-school' WHERE page_name = 'notre-dame-school-vacaville-ca';
UPDATE schools SET old_page_name = 'notre-dame-school' WHERE page_name = 'notre-dame-school-dallas-tx';
UPDATE schools SET old_page_name = 'notre-dame-school-of-de-pere' WHERE page_name = 'notre-dame-school-of-de-pere-de-pere-wi';
UPDATE schools SET old_page_name = 'notre-dame-bishop-gibbons-school' WHERE page_name = 'notre-dame-bishop-gibbons-school-schenectady-ny';
UPDATE schools SET old_page_name = 'notre-dame-cathedral-latin-school' WHERE page_name = 'notre-dame-cathedral-latin-school-chardon-oh';
UPDATE schools SET old_page_name = 'nottawa-christian-school' WHERE page_name = 'nottawa-christian-school-sturgis-mi';
UPDATE schools SET old_page_name = 'nouvel-catholic-central-high-school' WHERE page_name = 'nouvel-catholic-central-high-school-saginaw-mi';
UPDATE schools SET old_page_name = 'nova-school' WHERE page_name = 'nova-school-olympia-wa';
UPDATE schools SET old_page_name = 'ntc-christian-academy' WHERE page_name = 'ntc-christian-academy-merrill-wi';
UPDATE schools SET old_page_name = 'nur-islamic-school-of-louisville' WHERE page_name = 'nur-islamic-school-of-louisville-louisville-ky';
UPDATE schools SET old_page_name = 'nysarc-inc-suffolk-chapter' WHERE page_name = 'nysarc-inc-suffolk-chapter-bohemia-ny';
UPDATE schools SET old_page_name = 'nysmith-school-for-the-gifted' WHERE page_name = 'nysmith-school-for-the-gifted-herndon-va';
UPDATE schools SET old_page_name = 'o-dea-high-school' WHERE page_name = 'o-dea-high-school-seattle-wa';
UPDATE schools SET old_page_name = 'oak-arbor-christian-school' WHERE page_name = 'oak-arbor-christian-school-longwood-fl';
UPDATE schools SET old_page_name = 'oak-crest-private-school' WHERE page_name = 'oak-crest-private-school-carrollton-tx';
UPDATE schools SET old_page_name = 'oak-farm-school' WHERE page_name = 'oak-farm-school-avilla-in';
UPDATE schools SET old_page_name = 'oak-forest-academy' WHERE page_name = 'oak-forest-academy-amite-la';
UPDATE schools SET old_page_name = 'oak-forest-montessori-school' WHERE page_name = 'oak-forest-montessori-school-longview-tx';
UPDATE schools SET old_page_name = 'oak-grove' WHERE page_name = 'oak-grove-jamesport-mo';
UPDATE schools SET old_page_name = 'oak-grove-amish-school' WHERE page_name = 'oak-grove-amish-school-loganton-pa';
UPDATE schools SET old_page_name = 'oak-grove-amish-school' WHERE page_name = 'oak-grove-amish-school-monroe-in';
UPDATE schools SET old_page_name = 'oak-grove-lutheran-school' WHERE page_name = 'oak-grove-lutheran-school-fargo-nd';
UPDATE schools SET old_page_name = 'oak-grove-mennonite-school' WHERE page_name = 'oak-grove-mennonite-school-aroda-va';
UPDATE schools SET old_page_name = 'oak-grove-montessori-school' WHERE page_name = 'oak-grove-montessori-school-carrollton-ga';
UPDATE schools SET old_page_name = 'oak-grove-parochial-school' WHERE page_name = 'oak-grove-parochial-school-smicksburg-pa';
UPDATE schools SET old_page_name = 'oak-grove-parochial-school' WHERE page_name = 'oak-grove-parochial-school-shippensburg-pa';
UPDATE schools SET old_page_name = 'oak-grove-school' WHERE page_name = 'oak-grove-school-ojai-ca';
UPDATE schools SET old_page_name = 'oak-grove-school-amish' WHERE page_name = 'oak-grove-school-amish-nappanee-in';
UPDATE schools SET old_page_name = 'oak-hall-episcopal-school' WHERE page_name = 'oak-hall-episcopal-school-ardmore-ok';
UPDATE schools SET old_page_name = 'oak-hall-school' WHERE page_name = 'oak-hall-school-gainesville-fl';
UPDATE schools SET old_page_name = 'oak-harbor-christian-school' WHERE page_name = 'oak-harbor-christian-school-oak-harbor-wa';
UPDATE schools SET old_page_name = 'oak-hill-academy' WHERE page_name = 'oak-hill-academy-mouth-of-wilson-va';
UPDATE schools SET old_page_name = 'oak-hill-academy' WHERE page_name = 'oak-hill-academy-west-point-ms';
UPDATE schools SET old_page_name = 'oak-hill-academy' WHERE page_name = 'oak-hill-academy-dallas-tx';
UPDATE schools SET old_page_name = 'oak-hill-school' WHERE page_name = 'oak-hill-school-san-anselmo-ca';
UPDATE schools SET old_page_name = 'oak-hill-school' WHERE page_name = 'oak-hill-school-scotia-ny';
UPDATE schools SET old_page_name = 'oak-hill-school' WHERE page_name = 'oak-hill-school-hartford-ct';
UPDATE schools SET old_page_name = 'oak-hill-school' WHERE page_name = 'oak-hill-school-eugene-or';
UPDATE schools SET old_page_name = 'oak-hill-school-at-ann-antolini-school' WHERE page_name = 'oak-hill-school-at-ann-antolini-school-new-hartford-ct';
UPDATE schools SET old_page_name = 'oak-knoll-school-of-the-holy-child' WHERE page_name = 'oak-knoll-school-of-the-holy-child-summit-nj';
UPDATE schools SET old_page_name = 'oak-lane-mennonite-school' WHERE page_name = 'oak-lane-mennonite-school-manheim-pa';
UPDATE schools SET old_page_name = 'oak-lane-school' WHERE page_name = 'oak-lane-school-harrisonburg-va';
UPDATE schools SET old_page_name = 'oak-lawn-montessori-school' WHERE page_name = 'oak-lawn-montessori-school-oak-lawn-il';
UPDATE schools SET old_page_name = 'oak-mountain-academy' WHERE page_name = 'oak-mountain-academy-carrollton-ga';
UPDATE schools SET old_page_name = 'oak-ridge-amish-school' WHERE page_name = 'oak-ridge-amish-school-seymour-mo';
UPDATE schools SET old_page_name = 'oak-ridge-military-academy' WHERE page_name = 'oak-ridge-military-academy-oak-ridge-nc';
UPDATE schools SET old_page_name = 'oak-street-christian-school' WHERE page_name = 'oak-street-christian-school-brainerd-mn';
UPDATE schools SET old_page_name = 'oakbrook-preparatory-school' WHERE page_name = 'oakbrook-preparatory-school-spartanburg-sc';
UPDATE schools SET old_page_name = 'oakdale-christian-academy' WHERE page_name = 'oakdale-christian-academy-jackson-ky';
UPDATE schools SET old_page_name = 'oakgrove-amish-parochial-school' WHERE page_name = 'oakgrove-amish-parochial-school-meyersdale-pa';
UPDATE schools SET old_page_name = 'oakhill-day-school' WHERE page_name = 'oakhill-day-school-gladstone-mo';
UPDATE schools SET old_page_name = 'oakland-catholic-high-school' WHERE page_name = 'oakland-catholic-high-school-pittsburgh-pa';
UPDATE schools SET old_page_name = 'oakland-childrens-academy' WHERE page_name = 'oakland-childrens-academy-troy-mi';
UPDATE schools SET old_page_name = 'oakland-christian-school' WHERE page_name = 'oakland-christian-school-auburn-hills-mi';
UPDATE schools SET old_page_name = 'oakland-hebrew-day-school' WHERE page_name = 'oakland-hebrew-day-school-oakland-ca';
UPDATE schools SET old_page_name = 'oakland-montessori-academy' WHERE page_name = 'oakland-montessori-academy-novi-mi';
UPDATE schools SET old_page_name = 'oakland-school' WHERE page_name = 'oakland-school-troy-va';
UPDATE schools SET old_page_name = 'oaklawn-academy' WHERE page_name = 'oaklawn-academy-edgerton-wi';
UPDATE schools SET old_page_name = 'oakridge-mennonite-school' WHERE page_name = 'oakridge-mennonite-school-wautoma-wi';
UPDATE schools SET old_page_name = 'oaks-montessori-school' WHERE page_name = 'oaks-montessori-school-hammond-la';
UPDATE schools SET old_page_name = 'oaktree-preschool' WHERE page_name = 'oaktree-preschool-long-beach-ca';
UPDATE schools SET old_page_name = 'oakview-prep-school-of-sda' WHERE page_name = 'oakview-prep-school-of-sda-yonkers-ny';
UPDATE schools SET old_page_name = 'oakwood-academy' WHERE page_name = 'oakwood-academy-long-beach-ca';
UPDATE schools SET old_page_name = 'oakwood-academy' WHERE page_name = 'oakwood-academy-taylor-mi';
UPDATE schools SET old_page_name = 'oakwood-adventist-academy' WHERE page_name = 'oakwood-adventist-academy-huntsville-al';
UPDATE schools SET old_page_name = 'oakwood-baptist-day-school' WHERE page_name = 'oakwood-baptist-day-school-camp-hill-pa';
UPDATE schools SET old_page_name = 'oakwood-friends-school' WHERE page_name = 'oakwood-friends-school-poughkeepsie-ny';
UPDATE schools SET old_page_name = 'oakwood-parochial-school' WHERE page_name = 'oakwood-parochial-school-scottsville-ky';
UPDATE schools SET old_page_name = 'oakwood-school' WHERE page_name = 'oakwood-school-annandale-va';
UPDATE schools SET old_page_name = 'oakwood-school' WHERE page_name = 'oakwood-school-tinton-falls-nj';
UPDATE schools SET old_page_name = 'oasis-of-love-christian-academy' WHERE page_name = 'oasis-of-love-christian-academy-natchitoches-la';
UPDATE schools SET old_page_name = 'ocala-christian-academy' WHERE page_name = 'ocala-christian-academy-ocala-fl';
UPDATE schools SET old_page_name = 'ocean-academy' WHERE page_name = 'ocean-academy-bayville-nj';
UPDATE schools SET old_page_name = 'ocean-tides-school' WHERE page_name = 'ocean-tides-school-providence-ri';
UPDATE schools SET old_page_name = 'ocean-view-christian-academy' WHERE page_name = 'ocean-view-christian-academy-norfolk-va';
UPDATE schools SET old_page_name = 'oceanside-adventist-elementary' WHERE page_name = 'oceanside-adventist-elementary-oceanside-ca';
UPDATE schools SET old_page_name = 'oconee-christian-academy' WHERE page_name = 'oconee-christian-academy-seneca-sc';