UPDATE schools SET old_page_name = 'cambridge-friends-school' WHERE page_name = 'cambridge-friends-school-cambridge-ma';
UPDATE schools SET old_page_name = 'cambridge-montessori-school' WHERE page_name = 'cambridge-montessori-school-sugar-land-tx';
UPDATE schools SET old_page_name = 'camden-military-academy' WHERE page_name = 'camden-military-academy-camden-sc';
UPDATE schools SET old_page_name = 'camden-united-christian-academy' WHERE page_name = 'camden-united-christian-academy-camden-tn';
UPDATE schools SET old_page_name = 'camelback-desert-school' WHERE page_name = 'camelback-desert-school-scottsdale-az';
UPDATE schools SET old_page_name = 'camellia-baptist-wem' WHERE page_name = 'camellia-baptist-wem-prattville-al';
UPDATE schools SET old_page_name = 'camelot-christian-academy' WHERE page_name = 'camelot-christian-academy-rex-ga';
UPDATE schools SET old_page_name = 'camelot-school' WHERE page_name = 'camelot-school-largo-fl';
UPDATE schools SET old_page_name = 'cameron-park-montessori' WHERE page_name = 'cameron-park-montessori-shingle-springs-ca';
UPDATE schools SET old_page_name = 'campbellsville-christian-church-ctr-for-education' WHERE page_name = 'campbellsville-christian-church-ctr-for-education-campbellsville-ky';
UPDATE schools SET old_page_name = 'camperdown-academy' WHERE page_name = 'camperdown-academy-greenville-sc';
UPDATE schools SET old_page_name = 'campion-academy' WHERE page_name = 'campion-academy-loveland-co';
UPDATE schools SET old_page_name = 'campus-kinder-haus' WHERE page_name = 'campus-kinder-haus-quincy-ma';
UPDATE schools SET old_page_name = 'campus-middle-school-for-girls' WHERE page_name = 'campus-middle-school-for-girls-urbana-il';
UPDATE schools SET old_page_name = 'canaan-christian-academy' WHERE page_name = 'canaan-christian-academy-lake-ariel-pa';
UPDATE schools SET old_page_name = 'canandaigua-montessori-school' WHERE page_name = 'canandaigua-montessori-school-canandaigua-ny';
UPDATE schools SET old_page_name = 'candil-hall-early-childhood-education' WHERE page_name = 'candil-hall-early-childhood-education-las-vegas-nv';
UPDATE schools SET old_page_name = 'candlelight-christian-academy' WHERE page_name = 'candlelight-christian-academy-lake-wales-fl';
UPDATE schools SET old_page_name = 'cannon-school' WHERE page_name = 'cannon-school-concord-nc';
UPDATE schools SET old_page_name = 'canterbury-school' WHERE page_name = 'canterbury-school-fort-wayne-in';
UPDATE schools SET old_page_name = 'canton-academy' WHERE page_name = 'canton-academy-canton-ms';
UPDATE schools SET old_page_name = 'canton-country-day-school' WHERE page_name = 'canton-country-day-school-canton-oh';
UPDATE schools SET old_page_name = 'canton-montessori-school' WHERE page_name = 'canton-montessori-school-canton-oh';
UPDATE schools SET old_page_name = 'cantwell-sacred-heart-of-mary' WHERE page_name = 'cantwell-sacred-heart-of-mary-montebello-ca';
UPDATE schools SET old_page_name = 'canyon-heights-academy' WHERE page_name = 'canyon-heights-academy-campbell-ca';
UPDATE schools SET old_page_name = 'canyon-state-academy' WHERE page_name = 'canyon-state-academy-queen-creek-az';
UPDATE schools SET old_page_name = 'canyon-view-school' WHERE page_name = 'canyon-view-school-san-dimas-ca';
UPDATE schools SET old_page_name = 'cape-christian-academy' WHERE page_name = 'cape-christian-academy-cape-may-court-house-nj';
UPDATE schools SET old_page_name = 'cape-cod-academy' WHERE page_name = 'cape-cod-academy-osterville-ma';
UPDATE schools SET old_page_name = 'cape-coral-christian-school' WHERE page_name = 'cape-coral-christian-school-cape-coral-fl';
UPDATE schools SET old_page_name = 'cape-fear-academy' WHERE page_name = 'cape-fear-academy-wilmington-nc';
UPDATE schools SET old_page_name = 'cape-henry-collegiate-school' WHERE page_name = 'cape-henry-collegiate-school-virginia-beach-va';
UPDATE schools SET old_page_name = 'capital-day-school' WHERE page_name = 'capital-day-school-frankfort-ky';
UPDATE schools SET old_page_name = 'capital-montessori-school' WHERE page_name = 'capital-montessori-school-olympia-wa';
UPDATE schools SET old_page_name = 'capitol-city-baptist-school' WHERE page_name = 'capitol-city-baptist-school-holt-mi';
UPDATE schools SET old_page_name = 'capitol-city-seventh-day-adventist-school' WHERE page_name = 'capitol-city-seventh-day-adventist-school-indianapolis-in';
UPDATE schools SET old_page_name = 'capitol-hill-day-school' WHERE page_name = 'capitol-hill-day-school-washington-dc';
UPDATE schools SET old_page_name = 'capitol-school-of-austin' WHERE page_name = 'capitol-school-of-austin-austin-tx';
UPDATE schools SET old_page_name = 'capitoland-christian-school' WHERE page_name = 'capitoland-christian-school-madison-wi';
UPDATE schools SET old_page_name = 'caravel-academy' WHERE page_name = 'caravel-academy-bear-de';
UPDATE schools SET old_page_name = 'carbondale-new-school' WHERE page_name = 'carbondale-new-school-carbondale-il';
UPDATE schools SET old_page_name = 'carden-academy-of-maui' WHERE page_name = 'carden-academy-of-maui-makawao-hi';
UPDATE schools SET old_page_name = 'carden-cascade-academy' WHERE page_name = 'carden-cascade-academy-hillsboro-or';
UPDATE schools SET old_page_name = 'carden-christian-academy-central' WHERE page_name = 'carden-christian-academy-central-tucson-az';
UPDATE schools SET old_page_name = 'carden-conejo-school' WHERE page_name = 'carden-conejo-school-westlake-village-ca';
UPDATE schools SET old_page_name = 'carden-memorial-school' WHERE page_name = 'carden-memorial-school-salt-lake-city-ut';
UPDATE schools SET old_page_name = 'cardigan-mountain-school' WHERE page_name = 'cardigan-mountain-school-canaan-nh';
UPDATE schools SET old_page_name = 'cardinal-cushing-centers' WHERE page_name = 'cardinal-cushing-centers-hanover-ma';
UPDATE schools SET old_page_name = 'cardinal-gibbons-high-school' WHERE page_name = 'cardinal-gibbons-high-school-raleigh-nc';
UPDATE schools SET old_page_name = 'cardinal-gibbons-high-school' WHERE page_name = 'cardinal-gibbons-high-school-fort-lauderdale-fl';
UPDATE schools SET old_page_name = 'cardinal-hayes-high-school' WHERE page_name = 'cardinal-hayes-high-school-bronx-ny';
UPDATE schools SET old_page_name = 'cardinal-hickey-academy' WHERE page_name = 'cardinal-hickey-academy-owings-md';
UPDATE schools SET old_page_name = 'cardinal-joseph-bernardin-catholic-school' WHERE page_name = 'cardinal-joseph-bernardin-catholic-school-orland-hills-il';
UPDATE schools SET old_page_name = 'cardinal-montessori-school' WHERE page_name = 'cardinal-montessori-school-woodbridge-va';
UPDATE schools SET old_page_name = 'cardinal-mooney-catholic' WHERE page_name = 'cardinal-mooney-catholic-marine-city-mi';
UPDATE schools SET old_page_name = 'cardinal-mooney-high-school' WHERE page_name = 'cardinal-mooney-high-school-youngstown-oh';
UPDATE schools SET old_page_name = 'cardinal-newman-high-school' WHERE page_name = 'cardinal-newman-high-school-santa-rosa-ca';
UPDATE schools SET old_page_name = 'cardinal-newman-high-school' WHERE page_name = 'cardinal-newman-high-school-west-palm-beach-fl';
UPDATE schools SET old_page_name = 'cardinal-newman-school' WHERE page_name = 'cardinal-newman-school-columbia-sc';
UPDATE schools SET old_page_name = 'cardinal-o-hara-high-school' WHERE page_name = 'cardinal-o-hara-high-school-tonawanda-ny';
UPDATE schools SET old_page_name = 'cardinal-ritter-college-prep-high-school' WHERE page_name = 'cardinal-ritter-college-prep-high-school-saint-louis-mo';
UPDATE schools SET old_page_name = 'cardinal-ritter-high-school' WHERE page_name = 'cardinal-ritter-high-school-indianapolis-in';
UPDATE schools SET old_page_name = 'cardinal-shehan-school' WHERE page_name = 'cardinal-shehan-school-baltimore-md';
UPDATE schools SET old_page_name = 'cardinal-spellman-high-school' WHERE page_name = 'cardinal-spellman-high-school-brockton-ma';
UPDATE schools SET old_page_name = 'cardinal-spellman-high-school' WHERE page_name = 'cardinal-spellman-high-school-bronx-ny';
UPDATE schools SET old_page_name = 'carencro-catholic-school' WHERE page_name = 'carencro-catholic-school-carencro-la';
UPDATE schools SET old_page_name = 'cares-school' WHERE page_name = 'cares-school-jackson-ms';
UPDATE schools SET old_page_name = 'carlisle-school' WHERE page_name = 'carlisle-school-martinsville-va';
UPDATE schools SET old_page_name = 'carlthorp-school' WHERE page_name = 'carlthorp-school-santa-monica-ca';
UPDATE schools SET old_page_name = 'carman-adventist-school' WHERE page_name = 'carman-adventist-school-marietta-ga';
UPDATE schools SET old_page_name = 'carnegie-mellon-cyert-center-for-early-education' WHERE page_name = 'carnegie-mellon-cyert-center-for-early-education-pittsburgh-pa';
UPDATE schools SET old_page_name = 'carolina-adventist-academy' WHERE page_name = 'carolina-adventist-academy-whiteville-nc';
UPDATE schools SET old_page_name = 'carolina-baptist-academy' WHERE page_name = 'carolina-baptist-academy-reidsville-nc';
UPDATE schools SET old_page_name = 'carolina-christian-academy' WHERE page_name = 'carolina-christian-academy-thomasville-nc';
UPDATE schools SET old_page_name = 'carolina-christian-academy' WHERE page_name = 'carolina-christian-academy-lancaster-sc';
UPDATE schools SET old_page_name = 'carolina-christian-school' WHERE page_name = 'carolina-christian-school-locust-nc';
UPDATE schools SET old_page_name = 'carolina-friends-school' WHERE page_name = 'carolina-friends-school-durham-nc';
UPDATE schools SET old_page_name = 'carondelet-catholic-school' WHERE page_name = 'carondelet-catholic-school-minneapolis-mn';
UPDATE schools SET old_page_name = 'carondelet-high-school' WHERE page_name = 'carondelet-high-school-concord-ca';
UPDATE schools SET old_page_name = 'carrabassett-valley-academy' WHERE page_name = 'carrabassett-valley-academy-carrabassett-valley-me';
UPDATE schools SET old_page_name = 'carroll-academy' WHERE page_name = 'carroll-academy-carrollton-ms';
UPDATE schools SET old_page_name = 'carroll-high-school' WHERE page_name = 'carroll-high-school-dayton-oh';
UPDATE schools SET old_page_name = 'carroll-lutheran-school' WHERE page_name = 'carroll-lutheran-school-westminster-md';
UPDATE schools SET old_page_name = 'carrollwood-day-school' WHERE page_name = 'carrollwood-day-school-tampa-fl';
UPDATE schools SET old_page_name = 'carson-christian-school' WHERE page_name = 'carson-christian-school-carson-ca';
UPDATE schools SET old_page_name = 'carter-christian-academy' WHERE page_name = 'carter-christian-academy-grayson-ky';
UPDATE schools SET old_page_name = 'cary-academy' WHERE page_name = 'cary-academy-cary-nc';
UPDATE schools SET old_page_name = 'casa-de-montessori' WHERE page_name = 'casa-de-montessori-silver-spring-md';
UPDATE schools SET old_page_name = 'casa-montessori' WHERE page_name = 'casa-montessori-northridge-ca';
UPDATE schools SET old_page_name = 'casa-montessori-de-carlsbad' WHERE page_name = 'casa-montessori-de-carlsbad-carlsbad-ca';
UPDATE schools SET old_page_name = 'casa-pacifica-nonpublic-school' WHERE page_name = 'casa-pacifica-nonpublic-school-camarillo-ca';
UPDATE schools SET old_page_name = 'casady-school' WHERE page_name = 'casady-school-oklahoma-city-ok';
UPDATE schools SET old_page_name = 'cascade-christian-academy' WHERE page_name = 'cascade-christian-academy-wenatchee-wa';
UPDATE schools SET old_page_name = 'cascade-vista-baptist-school' WHERE page_name = 'cascade-vista-baptist-school-kent-wa';
UPDATE schools SET old_page_name = 'cascadia-school' WHERE page_name = 'cascadia-school-vancouver-wa';
UPDATE schools SET old_page_name = 'cascadilla-school' WHERE page_name = 'cascadilla-school-ithaca-ny';
UPDATE schools SET old_page_name = 'cascia-hall-preparatory-school' WHERE page_name = 'cascia-hall-preparatory-school-tulsa-ok';
UPDATE schools SET old_page_name = 'casey-amish-mennonite-school' WHERE page_name = 'casey-amish-mennonite-school-columbia-ky';
UPDATE schools SET old_page_name = 'castile-christian-academy' WHERE page_name = 'castile-christian-academy-castile-ny';
UPDATE schools SET old_page_name = 'castilleja-school' WHERE page_name = 'castilleja-school-palo-alto-ca';
UPDATE schools SET old_page_name = 'castlehill-country-day-school' WHERE page_name = 'castlehill-country-day-school-tucson-az';
UPDATE schools SET old_page_name = 'cataldo-catholic-school' WHERE page_name = 'cataldo-catholic-school-spokane-wa';
UPDATE schools SET old_page_name = 'cate-school' WHERE page_name = 'cate-school-carpinteria-ca';
UPDATE schools SET old_page_name = 'cathedral-academy' WHERE page_name = 'cathedral-academy-charleston-sc';
UPDATE schools SET old_page_name = 'cathedral-carmel-school' WHERE page_name = 'cathedral-carmel-school-lafayette-la';
UPDATE schools SET old_page_name = 'cathedral-chapel-school' WHERE page_name = 'cathedral-chapel-school-los-angeles-ca';
UPDATE schools SET old_page_name = 'cathedral-high-school' WHERE page_name = 'cathedral-high-school-indianapolis-in';
UPDATE schools SET old_page_name = 'cathedral-high-school' WHERE page_name = 'cathedral-high-school-new-york-ny';
UPDATE schools SET old_page_name = 'cathedral-high-school' WHERE page_name = 'cathedral-high-school-el-paso-tx';
UPDATE schools SET old_page_name = 'cathedral-of-faith-christian-school' WHERE page_name = 'cathedral-of-faith-christian-school-chesapeake-va';
UPDATE schools SET old_page_name = 'cathedral-of-love-christian-school' WHERE page_name = 'cathedral-of-love-christian-school-willingboro-nj';
UPDATE schools SET old_page_name = 'cathedral-of-st-raymond-school' WHERE page_name = 'cathedral-of-st-raymond-school-joliet-il';
UPDATE schools SET old_page_name = 'cathedral-of-the-risen-christ-school' WHERE page_name = 'cathedral-of-the-risen-christ-school-lincoln-ne';
UPDATE schools SET old_page_name = 'cathedral-parish-school' WHERE page_name = 'cathedral-parish-school-st-augustine-fl';
UPDATE schools SET old_page_name = 'cathedral-preparatory-school' WHERE page_name = 'cathedral-preparatory-school-erie-pa';
UPDATE schools SET old_page_name = 'cathedral-school' WHERE page_name = 'cathedral-school-raleigh-nc';
UPDATE schools SET old_page_name = 'cathedral-school' WHERE page_name = 'cathedral-school-superior-wi';
UPDATE schools SET old_page_name = 'cathedral-school-of-st-mary' WHERE page_name = 'cathedral-school-of-st-mary-austin-tx';
UPDATE schools SET old_page_name = 'catholic-academy-west-buffalo' WHERE page_name = 'catholic-academy-west-buffalo-buffalo-ny';
UPDATE schools SET old_page_name = 'catholic-central-high-school' WHERE page_name = 'catholic-central-high-school-troy-ny';
UPDATE schools SET old_page_name = 'catholic-central-high-school' WHERE page_name = 'catholic-central-high-school-burlington-wi';
UPDATE schools SET old_page_name = 'catholic-central-high-school' WHERE page_name = 'catholic-central-high-school-grand-rapids-mi';
UPDATE schools SET old_page_name = 'catholic-central-high-school' WHERE page_name = 'catholic-central-high-school-novi-mi';
UPDATE schools SET old_page_name = 'catholic-high-school' WHERE page_name = 'catholic-high-school-new-iberia-la';
UPDATE schools SET old_page_name = 'catholic-high-school' WHERE page_name = 'catholic-high-school-baton-rouge-la';
UPDATE schools SET old_page_name = 'catholic-high-school-for-boys' WHERE page_name = 'catholic-high-school-for-boys-little-rock-ar';
UPDATE schools SET old_page_name = 'catholic-memorial' WHERE page_name = 'catholic-memorial-west-roxbury-ma';
UPDATE schools SET old_page_name = 'cedar-brook-school' WHERE page_name = 'cedar-brook-school-rehoboth-ma';
UPDATE schools SET old_page_name = 'cedar-catholic-high-school' WHERE page_name = 'cedar-catholic-high-school-hartington-ne';
UPDATE schools SET old_page_name = 'cedar-creek-amish-school' WHERE page_name = 'cedar-creek-amish-school-grabill-in';
UPDATE schools SET old_page_name = 'cedar-creek-christian-school' WHERE page_name = 'cedar-creek-christian-school-jacksonville-fl';
UPDATE schools SET old_page_name = 'cedar-creek-christian-school' WHERE page_name = 'cedar-creek-christian-school-delton-mi';
UPDATE schools SET old_page_name = 'cedar-creek-montessori-school' WHERE page_name = 'cedar-creek-montessori-school-berkeley-ca';
UPDATE schools SET old_page_name = 'cedar-falls-school' WHERE page_name = 'cedar-falls-school-canton-mo';
UPDATE schools SET old_page_name = 'cedar-grove-amish-school' WHERE page_name = 'cedar-grove-amish-school-dover-de';
UPDATE schools SET old_page_name = 'cedar-grove-amish-school' WHERE page_name = 'cedar-grove-amish-school-montgomery-in';
UPDATE schools SET old_page_name = 'cedar-grove-christian-academy' WHERE page_name = 'cedar-grove-christian-academy-philadelphia-pa';
UPDATE schools SET old_page_name = 'cedar-hall-school' WHERE page_name = 'cedar-hall-school-christiana-tn';
UPDATE schools SET old_page_name = 'cedar-hill-prep-school' WHERE page_name = 'cedar-hill-prep-school-somerset-nj';
UPDATE schools SET old_page_name = 'cedar-hills-baptist-christian-school' WHERE page_name = 'cedar-hills-baptist-christian-school-jacksonville-fl';
UPDATE schools SET old_page_name = 'cedar-hills-kindergarten-and-preschool' WHERE page_name = 'cedar-hills-kindergarten-and-preschool-portland-or';
UPDATE schools SET old_page_name = 'cedar-lake-elementary-school' WHERE page_name = 'cedar-lake-elementary-school-cedar-lake-mi';
UPDATE schools SET old_page_name = 'cedar-ridge-school' WHERE page_name = 'cedar-ridge-school-williamsport-md';
UPDATE schools SET old_page_name = 'cedar-river-montessori-school' WHERE page_name = 'cedar-river-montessori-school-renton-wa';
UPDATE schools SET old_page_name = 'cedar-road-christian-academy' WHERE page_name = 'cedar-road-christian-academy-chesapeake-va';
UPDATE schools SET old_page_name = 'cedar-springs-weekday-school' WHERE page_name = 'cedar-springs-weekday-school-knoxville-tn';
UPDATE schools SET old_page_name = 'cedar-tree-montessori' WHERE page_name = 'cedar-tree-montessori-bellingham-wa';
UPDATE schools SET old_page_name = 'cedar-valley-christian-school' WHERE page_name = 'cedar-valley-christian-school-cedar-rapids-ia';
UPDATE schools SET old_page_name = 'cedarbrook-adventist-christian' WHERE page_name = 'cedarbrook-adventist-christian-port-hadlock-wa';
UPDATE schools SET old_page_name = 'cedarhurst-school' WHERE page_name = 'cedarhurst-school-hamden-ct';
UPDATE schools SET old_page_name = 'cedars-of-lebanon-academy' WHERE page_name = 'cedars-of-lebanon-academy-mc-minnville-tn';
UPDATE schools SET old_page_name = 'cedarwood-waldorf-school' WHERE page_name = 'cedarwood-waldorf-school-portland-or';
UPDATE schools SET old_page_name = 'celebration-academy' WHERE page_name = 'celebration-academy-hoschton-ga';
UPDATE schools SET old_page_name = 'celebration-lutheran-school' WHERE page_name = 'celebration-lutheran-school-appleton-wi';
UPDATE schools SET old_page_name = 'celeryville-christian-school' WHERE page_name = 'celeryville-christian-school-willard-oh';
UPDATE schools SET old_page_name = 'centennial-montessori-school' WHERE page_name = 'centennial-montessori-school-san-mateo-ca';
UPDATE schools SET old_page_name = 'centennial-school-lehigh-univ' WHERE page_name = 'centennial-school-lehigh-univ-bethlehem-pa';
UPDATE schools SET old_page_name = 'center-academy' WHERE page_name = 'center-academy-palm-harbor-fl';
UPDATE schools SET old_page_name = 'center-academy' WHERE page_name = 'center-academy-coral-springs-fl';
UPDATE schools SET old_page_name = 'center-academy' WHERE page_name = 'center-academy-pinellas-park-fl';
UPDATE schools SET old_page_name = 'center-for-self-development' WHERE page_name = 'center-for-self-development-chester-pa';
UPDATE schools SET old_page_name = 'center-for-teaching-and-learning' WHERE page_name = 'center-for-teaching-and-learning-edgecomb-me';
UPDATE schools SET old_page_name = 'center-place-restoration-school' WHERE page_name = 'center-place-restoration-school-independence-mo';
UPDATE schools SET old_page_name = 'center-road-christian-academy' WHERE page_name = 'center-road-christian-academy-west-seneca-ny';
UPDATE schools SET old_page_name = 'centerview-therapeutic-school' WHERE page_name = 'centerview-therapeutic-school-northbrook-il';
UPDATE schools SET old_page_name = 'central-baptist-academy' WHERE page_name = 'central-baptist-academy-pinehurst-tx';
UPDATE schools SET old_page_name = 'central-baptist-christian-academy' WHERE page_name = 'central-baptist-christian-academy-binghamton-ny';
UPDATE schools SET old_page_name = 'central-baptist-christian-academy' WHERE page_name = 'central-baptist-christian-academy-amarillo-tx';
UPDATE schools SET old_page_name = 'central-baptist-christian-school' WHERE page_name = 'central-baptist-christian-school-yorkshire-ny';
UPDATE schools SET old_page_name = 'central-baptist-preschool-and-kindergarten' WHERE page_name = 'central-baptist-preschool-and-kindergarten-johnson-city-tn';
UPDATE schools SET old_page_name = 'central-catholic' WHERE page_name = 'central-catholic-indianapolis-in';
UPDATE schools SET old_page_name = 'central-catholic-high-school' WHERE page_name = 'central-catholic-high-school-canton-oh';
UPDATE schools SET old_page_name = 'central-catholic-high-school' WHERE page_name = 'central-catholic-high-school-toledo-oh';
UPDATE schools SET old_page_name = 'central-catholic-high-school' WHERE page_name = 'central-catholic-high-school-portland-or';
UPDATE schools SET old_page_name = 'central-catholic-high-school' WHERE page_name = 'central-catholic-high-school-pittsburgh-pa';
UPDATE schools SET old_page_name = 'central-catholic-high-school' WHERE page_name = 'central-catholic-high-school-bloomington-il';
UPDATE schools SET old_page_name = 'central-catholic-high-school' WHERE page_name = 'central-catholic-high-school-modesto-ca';
UPDATE schools SET old_page_name = 'central-catholic-jr-sr-high-school' WHERE page_name = 'central-catholic-jr-sr-high-school-lafayette-in';
UPDATE schools SET old_page_name = 'central-christian-academy' WHERE page_name = 'central-christian-academy-houston-pa';
UPDATE schools SET old_page_name = 'central-christian-academy' WHERE page_name = 'central-christian-academy-houston-tx';
UPDATE schools SET old_page_name = 'central-christian-academy' WHERE page_name = 'central-christian-academy-dunkirk-ny';
UPDATE schools SET old_page_name = 'central-christian-academy' WHERE page_name = 'central-christian-academy-wichita-ks';
UPDATE schools SET old_page_name = 'central-christian-school' WHERE page_name = 'central-christian-school-kidron-oh';
UPDATE schools SET old_page_name = 'central-christian-school' WHERE page_name = 'central-christian-school-watsonville-ca';
UPDATE schools SET old_page_name = 'central-christian-school' WHERE page_name = 'central-christian-school-fort-wayne-in';
UPDATE schools SET old_page_name = 'central-christian-school' WHERE page_name = 'central-christian-school-redmond-or';
UPDATE schools SET old_page_name = 'central-college-christian-academy' WHERE page_name = 'central-college-christian-academy-westerville-oh';
UPDATE schools SET old_page_name = 'central-de-christian-academy' WHERE page_name = 'central-de-christian-academy-dover-de';
UPDATE schools SET old_page_name = 'central-fellowship-christian-academy' WHERE page_name = 'central-fellowship-christian-academy-macon-ga';
UPDATE schools SET old_page_name = 'central-florida-academy' WHERE page_name = 'central-florida-academy-lake-helen-fl';
UPDATE schools SET old_page_name = 'central-florida-preparatory-school' WHERE page_name = 'central-florida-preparatory-school-apopka-fl';
UPDATE schools SET old_page_name = 'central-hinds-academy' WHERE page_name = 'central-hinds-academy-raymond-ms';
UPDATE schools SET old_page_name = 'central-holmes-christian-school' WHERE page_name = 'central-holmes-christian-school-lexington-ms';
UPDATE schools SET old_page_name = 'central-institute-for-the-deaf' WHERE page_name = 'central-institute-for-the-deaf-saint-louis-mo';
UPDATE schools SET old_page_name = 'central-iowa-christian-school' WHERE page_name = 'central-iowa-christian-school-grinnell-ia';
UPDATE schools SET old_page_name = 'central-kansas-christian-academy' WHERE page_name = 'central-kansas-christian-academy-great-bend-ks';
UPDATE schools SET old_page_name = 'central-lutheran-school' WHERE page_name = 'central-lutheran-school-new-haven-in';
UPDATE schools SET old_page_name = 'central-maine-learning-center' WHERE page_name = 'central-maine-learning-center-belgrade-me';
UPDATE schools SET old_page_name = 'central-minnesota-christian-school' WHERE page_name = 'central-minnesota-christian-school-prinsburg-mn';
UPDATE schools SET old_page_name = 'central-montessori-academy' WHERE page_name = 'central-montessori-academy-cincinnati-oh';
UPDATE schools SET old_page_name = 'central-presbyterian-day-school' WHERE page_name = 'central-presbyterian-day-school-paris-tx';
UPDATE schools SET old_page_name = 'central-presbyterian-preschool' WHERE page_name = 'central-presbyterian-preschool-anderson-sc';
UPDATE schools SET old_page_name = 'central-private-school' WHERE page_name = 'central-private-school-baker-la';
UPDATE schools SET old_page_name = 'central-texas-christian-school' WHERE page_name = 'central-texas-christian-school-temple-tx';
UPDATE schools SET old_page_name = 'central-valley-christian-academy' WHERE page_name = 'central-valley-christian-academy-manteca-ca';
UPDATE schools SET old_page_name = 'central-valley-christian-school' WHERE page_name = 'central-valley-christian-school-tangent-or';
UPDATE schools SET old_page_name = 'centralia-christian-school' WHERE page_name = 'centralia-christian-school-centralia-wa';
UPDATE schools SET old_page_name = 'centre-county-christian-academy' WHERE page_name = 'centre-county-christian-academy-bellefonte-pa';
UPDATE schools SET old_page_name = 'centreville-academy' WHERE page_name = 'centreville-academy-centreville-ms';
UPDATE schools SET old_page_name = 'chambers-academy' WHERE page_name = 'chambers-academy-lafayette-al';
UPDATE schools SET old_page_name = 'chaminade-college-prep-school' WHERE page_name = 'chaminade-college-prep-school-saint-louis-mo';
UPDATE schools SET old_page_name = 'chaminade-college-preparatory-high-school' WHERE page_name = 'chaminade-college-preparatory-high-school-west-hills-ca';
UPDATE schools SET old_page_name = 'chaminade-julienne-high-school' WHERE page_name = 'chaminade-julienne-high-school-dayton-oh';
UPDATE schools SET old_page_name = 'chamlian-armenian-school' WHERE page_name = 'chamlian-armenian-school-glendale-ca';
UPDATE schools SET old_page_name = 'champion-christian-school' WHERE page_name = 'champion-christian-school-champion-pa';
UPDATE schools SET old_page_name = 'champion-educational-center' WHERE page_name = 'champion-educational-center-beulaville-nc';
UPDATE schools SET old_page_name = 'champions-christian-academy' WHERE page_name = 'champions-christian-academy-laredo-tx';
UPDATE schools SET old_page_name = 'chancellor-academy' WHERE page_name = 'chancellor-academy-pompton-plains-nj';
UPDATE schools SET old_page_name = 'chapel-hill-academy' WHERE page_name = 'chapel-hill-academy-chanhassen-mn';
UPDATE schools SET old_page_name = 'chapel-hill-chauncy-hall-school' WHERE page_name = 'chapel-hill-chauncy-hall-school-waltham-ma';
UPDATE schools SET old_page_name = 'chapel-hill-christian-school' WHERE page_name = 'chapel-hill-christian-school-indianapolis-in';
UPDATE schools SET old_page_name = 'chapelgate-christian-academy' WHERE page_name = 'chapelgate-christian-academy-marriottsville-md';
UPDATE schools SET old_page_name = 'chapin-school' WHERE page_name = 'chapin-school-princeton-nj';
UPDATE schools SET old_page_name = 'charles-armstrong-school' WHERE page_name = 'charles-armstrong-school-belmont-ca';
UPDATE schools SET old_page_name = 'charles-e-smith-jewish-day-school' WHERE page_name = 'charles-e-smith-jewish-day-school-rockville-md';
UPDATE schools SET old_page_name = 'charles-river-school' WHERE page_name = 'charles-river-school-dover-ma';
UPDATE schools SET old_page_name = 'charles-towne-montessori-school' WHERE page_name = 'charles-towne-montessori-school-charleston-sc';
UPDATE schools SET old_page_name = 'charles-wright-academy' WHERE page_name = 'charles-wright-academy-tacoma-wa';
UPDATE schools SET old_page_name = 'charleston-catholic-high-school' WHERE page_name = 'charleston-catholic-high-school-charleston-wv';
UPDATE schools SET old_page_name = 'charleston-collegiate-school' WHERE page_name = 'charleston-collegiate-school-johns-island-sc';
UPDATE schools SET old_page_name = 'charleston-day-school' WHERE page_name = 'charleston-day-school-charleston-sc';
UPDATE schools SET old_page_name = 'charlotte-catholic-high-school' WHERE page_name = 'charlotte-catholic-high-school-charlotte-nc';
UPDATE schools SET old_page_name = 'charlotte-christian-school' WHERE page_name = 'charlotte-christian-school-charlotte-nc';
UPDATE schools SET old_page_name = 'charlotte-islamic-academy' WHERE page_name = 'charlotte-islamic-academy-charlotte-nc';
UPDATE schools SET old_page_name = 'charlotte-jewish-day-school' WHERE page_name = 'charlotte-jewish-day-school-charlotte-nc';
UPDATE schools SET old_page_name = 'charlotte-latin-school' WHERE page_name = 'charlotte-latin-school-charlotte-nc';
UPDATE schools SET old_page_name = 'charlotte-montessori-school' WHERE page_name = 'charlotte-montessori-school-charlotte-nc';
UPDATE schools SET old_page_name = 'charlotte-preparatory-school' WHERE page_name = 'charlotte-preparatory-school-charlotte-nc';
UPDATE schools SET old_page_name = 'charlottesville-catholic-school' WHERE page_name = 'charlottesville-catholic-school-charlottesville-va';
UPDATE schools SET old_page_name = 'charlottesville-waldorf-school' WHERE page_name = 'charlottesville-waldorf-school-charlottesville-va';
UPDATE schools SET old_page_name = 'chartwell-school' WHERE page_name = 'chartwell-school-seaside-ca';
UPDATE schools SET old_page_name = 'chase-ranch-montessori-school' WHERE page_name = 'chase-ranch-montessori-school-el-cajon-ca';
UPDATE schools SET old_page_name = 'chase-rd-school' WHERE page_name = 'chase-rd-school-spartansburg-pa';
UPDATE schools SET old_page_name = 'chatham-academy' WHERE page_name = 'chatham-academy-savannah-ga';
UPDATE schools SET old_page_name = 'chatham-day-school' WHERE page_name = 'chatham-day-school-chatham-nj';
UPDATE schools SET old_page_name = 'chatham-hall' WHERE page_name = 'chatham-hall-chatham-va';
UPDATE schools SET old_page_name = 'chattanooga-christian-school' WHERE page_name = 'chattanooga-christian-school-chattanooga-tn';
UPDATE schools SET old_page_name = 'cheder-bnai-torah' WHERE page_name = 'cheder-bnai-torah-lakewood-nj';
UPDATE schools SET old_page_name = 'cheder-lubavitch' WHERE page_name = 'cheder-lubavitch-morristown-nj';
UPDATE schools SET old_page_name = 'cheder-lubavitch-hebrew-day-school' WHERE page_name = 'cheder-lubavitch-hebrew-day-school-chicago-il';
UPDATE schools SET old_page_name = 'cheder-menachem' WHERE page_name = 'cheder-menachem-los-angeles-ca';
UPDATE schools SET old_page_name = 'chelsea-school' WHERE page_name = 'chelsea-school-hyattsville-md';
UPDATE schools SET old_page_name = 'chemung-valley-montessori-school' WHERE page_name = 'chemung-valley-montessori-school-elmira-ny';
UPDATE schools SET old_page_name = 'chenal-valley-montessori-school' WHERE page_name = 'chenal-valley-montessori-school-little-rock-ar';
UPDATE schools SET old_page_name = 'cherry-blossom-montessori-school' WHERE page_name = 'cherry-blossom-montessori-school-flagtown-nj';
UPDATE schools SET old_page_name = 'cherry-lane-school' WHERE page_name = 'cherry-lane-school-myerstown-pa';
UPDATE schools SET old_page_name = 'cherry-ridge-school' WHERE page_name = 'cherry-ridge-school-delta-pa';
UPDATE schools SET old_page_name = 'cherry-ridge-school' WHERE page_name = 'cherry-ridge-school-spartansburg-pa';
UPDATE schools SET old_page_name = 'chesapeake-academy' WHERE page_name = 'chesapeake-academy-irvington-va';
UPDATE schools SET old_page_name = 'chesapeake-bay-academy' WHERE page_name = 'chesapeake-bay-academy-virginia-beach-va';
UPDATE schools SET old_page_name = 'chesapeake-christian-academy' WHERE page_name = 'chesapeake-christian-academy-chesapeake-va';
UPDATE schools SET old_page_name = 'chesapeake-christian-school' WHERE page_name = 'chesapeake-christian-school-easton-md';
UPDATE schools SET old_page_name = 'chesapeake-montessori-school' WHERE page_name = 'chesapeake-montessori-school-chesapeake-va';
UPDATE schools SET old_page_name = 'chesterbrook-academy' WHERE page_name = 'chesterbrook-academy-sewell-nj';
UPDATE schools SET old_page_name = 'chesterbrook-academy' WHERE page_name = 'chesterbrook-academy-collegeville-pa';
UPDATE schools SET old_page_name = 'chesterbrook-academy' WHERE page_name = 'chesterbrook-academy-newtown-pa';
UPDATE schools SET old_page_name = 'chesterbrook-academy' WHERE page_name = 'chesterbrook-academy-chalfont-pa';
UPDATE schools SET old_page_name = 'chesterbrook-academy' WHERE page_name = 'chesterbrook-academy-north-wales-pa';
UPDATE schools SET old_page_name = 'chesterbrook-academy-15' WHERE page_name = 'chesterbrook-academy-15-west-chester-pa';
UPDATE schools SET old_page_name = 'chesterbrook-montessori-school' WHERE page_name = 'chesterbrook-montessori-school-arlington-va';
UPDATE schools SET old_page_name = 'chesterfield-montessori-school' WHERE page_name = 'chesterfield-montessori-school-chesterfield-mo';
UPDATE schools SET old_page_name = 'chesterton-montessori-school' WHERE page_name = 'chesterton-montessori-school-chesterton-in';
UPDATE schools SET old_page_name = 'chestertown-christian-academy' WHERE page_name = 'chestertown-christian-academy-chestertown-md';
UPDATE schools SET old_page_name = 'chestnut-hill-academy' WHERE page_name = 'chestnut-hill-academy-bellevue-wa';
UPDATE schools SET old_page_name = 'chestnut-ridge-christian-academy' WHERE page_name = 'chestnut-ridge-christian-academy-uniontown-pa';
UPDATE schools SET old_page_name = 'chestnut-ridge-school' WHERE page_name = 'chestnut-ridge-school-genesee-pa';
UPDATE schools SET old_page_name = 'cheverus-high-school' WHERE page_name = 'cheverus-high-school-portland-me';
UPDATE schools SET old_page_name = 'chiaravalle-montessori-school' WHERE page_name = 'chiaravalle-montessori-school-evanston-il';
UPDATE schools SET old_page_name = 'chicago-futabakai-japanese-school' WHERE page_name = 'chicago-futabakai-japanese-school-arlington-heights-il';
UPDATE schools SET old_page_name = 'chicago-hope-academy' WHERE page_name = 'chicago-hope-academy-chicago-il';
UPDATE schools SET old_page_name = 'chicago-jesuit-academy' WHERE page_name = 'chicago-jesuit-academy-chicago-il';
UPDATE schools SET old_page_name = 'chicago-jewish-day-school' WHERE page_name = 'chicago-jewish-day-school-chicago-il';
UPDATE schools SET old_page_name = 'chicago-sda-elementary-school' WHERE page_name = 'chicago-sda-elementary-school-chicago-il';
UPDATE schools SET old_page_name = 'chicago-waldorf-school' WHERE page_name = 'chicago-waldorf-school-chicago-il';
UPDATE schools SET old_page_name = 'chicago-west-side-christian-school' WHERE page_name = 'chicago-west-side-christian-school-chicago-il';
UPDATE schools SET old_page_name = 'chico-oaks-adventist-school' WHERE page_name = 'chico-oaks-adventist-school-chico-ca';
UPDATE schools SET old_page_name = 'child-craft-company' WHERE page_name = 'child-craft-company-seaford-de';
UPDATE schools SET old_page_name = 'child-development-center' WHERE page_name = 'child-development-center-mount-pleasant-tx';
UPDATE schools SET old_page_name = 'child-enrichment-center' WHERE page_name = 'child-enrichment-center-gardendale-al';
UPDATE schools SET old_page_name = 'child-guidance-early-learning-center' WHERE page_name = 'child-guidance-early-learning-center-manchester-nh';
UPDATE schools SET old_page_name = 'child-guidance-elementary-ed' WHERE page_name = 'child-guidance-elementary-ed-havertown-pa';
UPDATE schools SET old_page_name = 'child-of-god-lutheran-school' WHERE page_name = 'child-of-god-lutheran-school-saint-peters-mo';
UPDATE schools SET old_page_name = 'child-steps' WHERE page_name = 'child-steps-havertown-pa';
UPDATE schools SET old_page_name = 'childhelp-school' WHERE page_name = 'childhelp-school-beaumont-ca';
UPDATE schools SET old_page_name = 'childpeace-montessori-school' WHERE page_name = 'childpeace-montessori-school-portland-or';
UPDATE schools SET old_page_name = 'children-for-christ-academy' WHERE page_name = 'children-for-christ-academy-lithonia-ga';
UPDATE schools SET old_page_name = 'children-of-peace-school' WHERE page_name = 'children-of-peace-school-chicago-il';
UPDATE schools SET old_page_name = 'children-s-christian-school' WHERE page_name = 'children-s-christian-school-west-valley-city-ut';
UPDATE schools SET old_page_name = 'children-s-house-montessori' WHERE page_name = 'children-s-house-montessori-wilmington-de';
UPDATE schools SET old_page_name = 'children-s-house-montessori' WHERE page_name = 'children-s-house-montessori-mountain-home-id';
UPDATE schools SET old_page_name = 'children-s-rainbow-day-school' WHERE page_name = 'children-s-rainbow-day-school-miami-fl';
UPDATE schools SET old_page_name = 'childrens-center-of-monmouth-county' WHERE page_name = 'childrens-center-of-monmouth-county-neptune-nj';
UPDATE schools SET old_page_name = 'childrens-center-outreach' WHERE page_name = 'childrens-center-outreach-chicago-il';
UPDATE schools SET old_page_name = 'childrens-christian-learning-center' WHERE page_name = 'childrens-christian-learning-center-elk-grove-village-il';
UPDATE schools SET old_page_name = 'childrens-classic' WHERE page_name = 'childrens-classic-ogden-ut';
UPDATE schools SET old_page_name = 'childrens-community-school' WHERE page_name = 'childrens-community-school-van-nuys-ca';
UPDATE schools SET old_page_name = 'childrens-creative-learning-center-at-fiu' WHERE page_name = 'childrens-creative-learning-center-at-fiu-miami-fl';
UPDATE schools SET old_page_name = 'childrens-discovery-center' WHERE page_name = 'childrens-discovery-center-irving-tx';
UPDATE schools SET old_page_name = 'childrens-gate-montessori-school' WHERE page_name = 'childrens-gate-montessori-school-wenatchee-wa';
UPDATE schools SET old_page_name = 'childrens-harbor-montessori-school' WHERE page_name = 'childrens-harbor-montessori-school-staten-island-ny';
UPDATE schools SET old_page_name = 'childrens-home-montessori-school' WHERE page_name = 'childrens-home-montessori-school-cliffside-park-nj';
UPDATE schools SET old_page_name = 'childrens-hours-school' WHERE page_name = 'childrens-hours-school-geneva-ny';
UPDATE schools SET old_page_name = 'childrens-house-montessori' WHERE page_name = 'childrens-house-montessori-spokane-wa';
UPDATE schools SET old_page_name = 'childrens-house-montessori-school' WHERE page_name = 'childrens-house-montessori-school-atascadero-ca';
UPDATE schools SET old_page_name = 'childrens-house-montessori-school' WHERE page_name = 'childrens-house-montessori-school-highland-park-nj';
UPDATE schools SET old_page_name = 'childrens-lighthouse-learning-center' WHERE page_name = 'childrens-lighthouse-learning-center-katy-tx';
UPDATE schools SET old_page_name = 'childrens-meeting-house' WHERE page_name = 'childrens-meeting-house-loveland-oh';
UPDATE schools SET old_page_name = 'childrens-own-school' WHERE page_name = 'childrens-own-school-winchester-ma';
UPDATE schools SET old_page_name = 'childrens-place-montessori' WHERE page_name = 'childrens-place-montessori-farmington-hills-mi';
UPDATE schools SET old_page_name = 'childrens-preschool-learning-center' WHERE page_name = 'childrens-preschool-learning-center-poway-ca';
UPDATE schools SET old_page_name = 'childrens-technological-academy' WHERE page_name = 'childrens-technological-academy-southfield-mi';
UPDATE schools SET old_page_name = 'childrens-university' WHERE page_name = 'childrens-university-arlington-tx';
UPDATE schools SET old_page_name = 'childrens-workshop' WHERE page_name = 'childrens-workshop-san-diego-ca';
UPDATE schools SET old_page_name = 'childrens-workshop-montessori' WHERE page_name = 'childrens-workshop-montessori-marblehead-ma';
UPDATE schools SET old_page_name = 'childtowne-montessori-school' WHERE page_name = 'childtowne-montessori-school-churchville-pa';
UPDATE schools SET old_page_name = 'childway' WHERE page_name = 'childway-burtonsville-md';
UPDATE schools SET old_page_name = 'childworks-inc' WHERE page_name = 'childworks-inc-kulpsville-pa';
UPDATE schools SET old_page_name = 'chileda' WHERE page_name = 'chileda-la-crosse-wi';
UPDATE schools SET old_page_name = 'chilton-area-catholic-school' WHERE page_name = 'chilton-area-catholic-school-chilton-wi';
UPDATE schools SET old_page_name = 'chilton-christian-academy' WHERE page_name = 'chilton-christian-academy-jemison-al';
UPDATE schools SET old_page_name = 'chisholm-trail-academy' WHERE page_name = 'chisholm-trail-academy-keene-tx';
UPDATE schools SET old_page_name = 'choate-rosemary-hall' WHERE page_name = 'choate-rosemary-hall-wallingford-ct';
UPDATE schools SET old_page_name = 'chop-point-school' WHERE page_name = 'chop-point-school-woolwich-me';
UPDATE schools SET old_page_name = 'chowchilla-sda-school' WHERE page_name = 'chowchilla-sda-school-chowchilla-ca';
UPDATE schools SET old_page_name = 'christ-academy' WHERE page_name = 'christ-academy-wichita-falls-tx';
UPDATE schools SET old_page_name = 'christ-centered-academics' WHERE page_name = 'christ-centered-academics-st-cloud-fl';
UPDATE schools SET old_page_name = 'christ-central-school' WHERE page_name = 'christ-central-school-pikeville-ky';
UPDATE schools SET old_page_name = 'christ-chapel-academy' WHERE page_name = 'christ-chapel-academy-woodbridge-va';
UPDATE schools SET old_page_name = 'christ-child-academy' WHERE page_name = 'christ-child-academy-sheboygan-wi';
UPDATE schools SET old_page_name = 'christ-church-day-school' WHERE page_name = 'christ-church-day-school-coronado-ca';
UPDATE schools SET old_page_name = 'christ-church-episcopal-school' WHERE page_name = 'christ-church-episcopal-school-greenville-sc';
UPDATE schools SET old_page_name = 'christ-church-school' WHERE page_name = 'christ-church-school-sugar-land-tx';
UPDATE schools SET old_page_name = 'christ-church-school' WHERE page_name = 'christ-church-school-fort-lauderdale-fl';
UPDATE schools SET old_page_name = 'christ-church-school' WHERE page_name = 'christ-church-school-louisville-ky';
UPDATE schools SET old_page_name = 'christ-classical-academy' WHERE page_name = 'christ-classical-academy-dyersburg-tn';
UPDATE schools SET old_page_name = 'christ-classical-academy' WHERE page_name = 'christ-classical-academy-tallahassee-fl';
UPDATE schools SET old_page_name = 'christ-community-lutheran-school' WHERE page_name = 'christ-community-lutheran-school-watertown-mn';
UPDATE schools SET old_page_name = 'christ-community-lutheran-school' WHERE page_name = 'christ-community-lutheran-school-kirkwood-mo';
UPDATE schools SET old_page_name = 'christ-covenant-school' WHERE page_name = 'christ-covenant-school-ridgeland-ms';
UPDATE schools SET old_page_name = 'christ-covenant-school' WHERE page_name = 'christ-covenant-school-winterville-nc';
UPDATE schools SET old_page_name = 'christ-elementary-school' WHERE page_name = 'christ-elementary-school-lincoln-ne';
UPDATE schools SET old_page_name = 'christ-episcopal-preschool' WHERE page_name = 'christ-episcopal-preschool-ponte-vedra-beach-fl';
UPDATE schools SET old_page_name = 'christ-episcopal-school' WHERE page_name = 'christ-episcopal-school-nacogdoches-tx';
UPDATE schools SET old_page_name = 'christ-episcopal-school' WHERE page_name = 'christ-episcopal-school-rockville-md';
UPDATE schools SET old_page_name = 'christ-episcopal-school' WHERE page_name = 'christ-episcopal-school-covington-la';
UPDATE schools SET old_page_name = 'christ-fellowship-academy' WHERE page_name = 'christ-fellowship-academy-palmetto-bay-fl';
UPDATE schools SET old_page_name = 'christ-lutheran-christian-day-school' WHERE page_name = 'christ-lutheran-christian-day-school-milford-mi';
UPDATE schools SET old_page_name = 'christ-lutheran-high-school' WHERE page_name = 'christ-lutheran-high-school-buckley-il';
UPDATE schools SET old_page_name = 'christ-lutheran-school' WHERE page_name = 'christ-lutheran-school-overland-park-ks';
UPDATE schools SET old_page_name = 'christ-lutheran-school' WHERE page_name = 'christ-lutheran-school-oakley-mi';
UPDATE schools SET old_page_name = 'christ-lutheran-school' WHERE page_name = 'christ-lutheran-school-perry-ga';
UPDATE schools SET old_page_name = 'christ-lutheran-school' WHERE page_name = 'christ-lutheran-school-north-saint-paul-mn';
UPDATE schools SET old_page_name = 'christ-lutheran-school' WHERE page_name = 'christ-lutheran-school-brea-ca';
UPDATE schools SET old_page_name = 'christ-lutheran-school' WHERE page_name = 'christ-lutheran-school-big-bend-wi';
UPDATE schools SET old_page_name = 'christ-lutheran-school' WHERE page_name = 'christ-lutheran-school-eagle-river-wi';
UPDATE schools SET old_page_name = 'christ-lutheran-school' WHERE page_name = 'christ-lutheran-school-weyauwega-wi';
UPDATE schools SET old_page_name = 'christ-lutheran-school' WHERE page_name = 'christ-lutheran-school-costa-mesa-ca';
UPDATE schools SET old_page_name = 'christ-lutheran-school' WHERE page_name = 'christ-lutheran-school-phoenix-az';
UPDATE schools SET old_page_name = 'christ-lutheran-school' WHERE page_name = 'christ-lutheran-school-chicago-il';
UPDATE schools SET old_page_name = 'christ-lutheran-school' WHERE page_name = 'christ-lutheran-school-peoria-il';
UPDATE schools SET old_page_name = 'christ-lutheran-school' WHERE page_name = 'christ-lutheran-school-stevensville-mi';
UPDATE schools SET old_page_name = 'christ-lutheran-school' WHERE page_name = 'christ-lutheran-school-zumbrota-mn';
UPDATE schools SET old_page_name = 'christ-lutheran-school' WHERE page_name = 'christ-lutheran-school-norfolk-ne';
UPDATE schools SET old_page_name = 'christ-lutheran-school' WHERE page_name = 'christ-lutheran-school-columbus-ne';
UPDATE schools SET old_page_name = 'christ-lutheran-school' WHERE page_name = 'christ-lutheran-school-juniata-ne';
UPDATE schools SET old_page_name = 'christ-lutheran-school' WHERE page_name = 'christ-lutheran-school-rosedale-ny';
UPDATE schools SET old_page_name = 'christ-lutheran-school' WHERE page_name = 'christ-lutheran-school-west-covina-ca';
UPDATE schools SET old_page_name = 'christ-lutheran-school' WHERE page_name = 'christ-lutheran-school-albuquerque-nm';
UPDATE schools SET old_page_name = 'christ-lutheran-school' WHERE page_name = 'christ-lutheran-school-port-st-lucie-fl';
UPDATE schools SET old_page_name = 'christ-lutheran-school' WHERE page_name = 'christ-lutheran-school-sterling-il';
UPDATE schools SET old_page_name = 'christ-memorial-lutheran-school' WHERE page_name = 'christ-memorial-lutheran-school-malvern-pa';
UPDATE schools SET old_page_name = 'christ-methodist-day-school' WHERE page_name = 'christ-methodist-day-school-memphis-tn';
UPDATE schools SET old_page_name = 'christ-our-redeemer-lutheran-school' WHERE page_name = 'christ-our-redeemer-lutheran-school-aurora-co';
UPDATE schools SET old_page_name = 'christ-our-rock-lutheran-high-school' WHERE page_name = 'christ-our-rock-lutheran-high-school-centralia-il';
UPDATE schools SET old_page_name = 'christ-presbyterian-academy' WHERE page_name = 'christ-presbyterian-academy-nashville-tn';
UPDATE schools SET old_page_name = 'christ-school' WHERE page_name = 'christ-school-arden-nc';
UPDATE schools SET old_page_name = 'christ-the-divine-teacher-school' WHERE page_name = 'christ-the-divine-teacher-school-latrobe-pa';
UPDATE schools SET old_page_name = 'christ-the-king-cathedral-school' WHERE page_name = 'christ-the-king-cathedral-school-lubbock-tx';
UPDATE schools SET old_page_name = 'christ-the-king-catholic-school' WHERE page_name = 'christ-the-king-catholic-school-norfolk-va';
UPDATE schools SET old_page_name = 'christ-the-king-catholic-school' WHERE page_name = 'christ-the-king-catholic-school-fort-smith-ar';
UPDATE schools SET old_page_name = 'christ-the-king-catholic-school' WHERE page_name = 'christ-the-king-catholic-school-pleasant-hill-ca';
UPDATE schools SET old_page_name = 'christ-the-king-catholic-school' WHERE page_name = 'christ-the-king-catholic-school-tampa-fl';
UPDATE schools SET old_page_name = 'christ-the-king-catholic-school' WHERE page_name = 'christ-the-king-catholic-school-jacksonville-fl';
UPDATE schools SET old_page_name = 'christ-the-king-christian-academy' WHERE page_name = 'christ-the-king-christian-academy-new-london-nc';
UPDATE schools SET old_page_name = 'christ-the-king-elementary-school' WHERE page_name = 'christ-the-king-elementary-school-philadelphia-pa';
UPDATE schools SET old_page_name = 'christ-the-king-elementary-school' WHERE page_name = 'christ-the-king-elementary-school-toledo-oh';
UPDATE schools SET old_page_name = 'christ-the-king-lutheran-school' WHERE page_name = 'christ-the-king-lutheran-school-sebewaing-mi';
UPDATE schools SET old_page_name = 'christ-the-king-lutheran-school' WHERE page_name = 'christ-the-king-lutheran-school-southgate-mi';
UPDATE schools SET old_page_name = 'christ-the-king-lutheran-school' WHERE page_name = 'christ-the-king-lutheran-school-chicago-il';
UPDATE schools SET old_page_name = 'christ-the-king-lutheran-school' WHERE page_name = 'christ-the-king-lutheran-school-memphis-tn';
UPDATE schools SET old_page_name = 'christ-the-king-lutheran-school' WHERE page_name = 'christ-the-king-lutheran-school-bremerton-wa';
UPDATE schools SET old_page_name = 'christ-the-king-regional-school' WHERE page_name = 'christ-the-king-regional-school-haddonfield-nj';
UPDATE schools SET old_page_name = 'christ-the-king-roman-catholic-school' WHERE page_name = 'christ-the-king-roman-catholic-school-denver-co';
UPDATE schools SET old_page_name = 'christ-the-king-school' WHERE page_name = 'christ-the-king-school-evansville-in';
UPDATE schools SET old_page_name = 'christ-the-king-school' WHERE page_name = 'christ-the-king-school-des-moines-ia';
UPDATE schools SET old_page_name = 'christ-the-king-school' WHERE page_name = 'christ-the-king-school-south-bend-in';
UPDATE schools SET old_page_name = 'christ-the-king-school' WHERE page_name = 'christ-the-king-school-lexington-ky';
UPDATE schools SET old_page_name = 'christ-the-king-school' WHERE page_name = 'christ-the-king-school-atlanta-ga';
UPDATE schools SET old_page_name = 'christ-the-king-school' WHERE page_name = 'christ-the-king-school-los-angeles-ca';
UPDATE schools SET old_page_name = 'christ-the-king-school' WHERE page_name = 'christ-the-king-school-omaha-ne';
UPDATE schools SET old_page_name = 'christ-the-king-school' WHERE page_name = 'christ-the-king-school-rutland-vt';
UPDATE schools SET old_page_name = 'christ-the-king-school' WHERE page_name = 'christ-the-king-school-burlington-vt';
UPDATE schools SET old_page_name = 'christ-the-king-school' WHERE page_name = 'christ-the-king-school-nashville-tn';
UPDATE schools SET old_page_name = 'christ-the-king-school' WHERE page_name = 'christ-the-king-school-richland-wa';
UPDATE schools SET old_page_name = 'christ-the-king-school' WHERE page_name = 'christ-the-king-school-little-rock-ar';
UPDATE schools SET old_page_name = 'christ-the-king-school' WHERE page_name = 'christ-the-king-school-mesa-az';
UPDATE schools SET old_page_name = 'christ-the-king-school' WHERE page_name = 'christ-the-king-school-bronx-ny';
UPDATE schools SET old_page_name = 'christ-the-lord-lutheran-school' WHERE page_name = 'christ-the-lord-lutheran-school-brookfield-wi';
UPDATE schools SET old_page_name = 'christ-the-teacher-catholic-school' WHERE page_name = 'christ-the-teacher-catholic-school-newark-de';
UPDATE schools SET old_page_name = 'christbridge-academy' WHERE page_name = 'christbridge-academy-azusa-ca';
UPDATE schools SET old_page_name = 'christian-academy' WHERE page_name = 'christian-academy-honolulu-hi';
UPDATE schools SET old_page_name = 'christian-academy-of-carrollton' WHERE page_name = 'christian-academy-of-carrollton-carrollton-ky';
UPDATE schools SET old_page_name = 'christian-academy-of-greater-st-louis' WHERE page_name = 'christian-academy-of-greater-st-louis-saint-louis-mo';
UPDATE schools SET old_page_name = 'christian-academy-of-lawrenceburg' WHERE page_name = 'christian-academy-of-lawrenceburg-lawrenceburg-ky';
UPDATE schools SET old_page_name = 'christian-academy-of-western-new-york' WHERE page_name = 'christian-academy-of-western-new-york-north-tonawanda-ny';
UPDATE schools SET old_page_name = 'christian-brothers-academy' WHERE page_name = 'christian-brothers-academy-lincroft-nj';
UPDATE schools SET old_page_name = 'christian-brothers-high-school' WHERE page_name = 'christian-brothers-high-school-sacramento-ca';
UPDATE schools SET old_page_name = 'christian-brothers-school' WHERE page_name = 'christian-brothers-school-new-orleans-la';
UPDATE schools SET old_page_name = 'christian-chapel-academy' WHERE page_name = 'christian-chapel-academy-columbia-mo';
UPDATE schools SET old_page_name = 'christian-community-school' WHERE page_name = 'christian-community-school-grafton-oh';
UPDATE schools SET old_page_name = 'christian-community-school' WHERE page_name = 'christian-community-school-pampa-tx';
UPDATE schools SET old_page_name = 'christian-encounter-high-school' WHERE page_name = 'christian-encounter-high-school-grass-valley-ca';
UPDATE schools SET old_page_name = 'christian-faith-academy' WHERE page_name = 'christian-faith-academy-van-wv';
UPDATE schools SET old_page_name = 'christian-fellowship-school' WHERE page_name = 'christian-fellowship-school-du-quoin-il';
UPDATE schools SET old_page_name = 'christian-fellowship-school' WHERE page_name = 'christian-fellowship-school-columbia-mo';
UPDATE schools SET old_page_name = 'christian-growth-academy' WHERE page_name = 'christian-growth-academy-pueblo-co';
UPDATE schools SET old_page_name = 'christian-heritage-academy' WHERE page_name = 'christian-heritage-academy-rocky-mount-va';
UPDATE schools SET old_page_name = 'christian-heritage-academy' WHERE page_name = 'christian-heritage-academy-palestine-tx';
UPDATE schools SET old_page_name = 'christian-heritage-academy' WHERE page_name = 'christian-heritage-academy-jacksonville-fl';
UPDATE schools SET old_page_name = 'christian-heritage-academy' WHERE page_name = 'christian-heritage-academy-del-city-ok';
UPDATE schools SET old_page_name = 'christian-heritage-academy' WHERE page_name = 'christian-heritage-academy-northfield-il';
UPDATE schools SET old_page_name = 'christian-heritage-academy' WHERE page_name = 'christian-heritage-academy-lakeville-mn';
UPDATE schools SET old_page_name = 'christian-heritage-school' WHERE page_name = 'christian-heritage-school-tyler-tx';
UPDATE schools SET old_page_name = 'christian-heritage-school' WHERE page_name = 'christian-heritage-school-trumbull-ct';
UPDATE schools SET old_page_name = 'christian-heritage-school' WHERE page_name = 'christian-heritage-school-utica-ny';
UPDATE schools SET old_page_name = 'christian-institute-of-arts-and-sciences' WHERE page_name = 'christian-institute-of-arts-and-sciences-pensacola-fl';
UPDATE schools SET old_page_name = 'christian-life-academy' WHERE page_name = 'christian-life-academy-seneca-pa';
UPDATE schools SET old_page_name = 'christian-life-academy' WHERE page_name = 'christian-life-academy-jackson-oh';
UPDATE schools SET old_page_name = 'christian-life-academy' WHERE page_name = 'christian-life-academy-brooksville-fl';
UPDATE schools SET old_page_name = 'christian-life-academy' WHERE page_name = 'christian-life-academy-hopedale-il';
UPDATE schools SET old_page_name = 'christian-life-academy' WHERE page_name = 'christian-life-academy-kingsport-tn';
UPDATE schools SET old_page_name = 'christian-life-academy' WHERE page_name = 'christian-life-academy-brookfield-ct';
UPDATE schools SET old_page_name = 'christian-light-school' WHERE page_name = 'christian-light-school-bedford-pa';
UPDATE schools SET old_page_name = 'christian-montessori-academy' WHERE page_name = 'christian-montessori-academy-tulsa-ok';
UPDATE schools SET old_page_name = 'christian-montessori-school-of-ann-arbor' WHERE page_name = 'christian-montessori-school-of-ann-arbor-ann-arbor-mi';
UPDATE schools SET old_page_name = 'christian-school-of-northwest-houston' WHERE page_name = 'christian-school-of-northwest-houston-houston-tx';
UPDATE schools SET old_page_name = 'christian-school-of-york' WHERE page_name = 'christian-school-of-york-york-pa';
UPDATE schools SET old_page_name = 'christian-schools-of-springfield' WHERE page_name = 'christian-schools-of-springfield-springfield-mo';
UPDATE schools SET old_page_name = 'christian-traditional-school' WHERE page_name = 'christian-traditional-school-mount-sterling-ky';
UPDATE schools SET old_page_name = 'christian-worship-center-academy' WHERE page_name = 'christian-worship-center-academy-zillah-wa';
UPDATE schools SET old_page_name = 'christopher-academy' WHERE page_name = 'christopher-academy-portsmouth-va';
UPDATE schools SET old_page_name = 'christopher-academy' WHERE page_name = 'christopher-academy-westfield-nj';
UPDATE schools SET old_page_name = 'christopher-columbus-high-school' WHERE page_name = 'christopher-columbus-high-school-miami-fl';
UPDATE schools SET old_page_name = 'christ-st-peter-lutheran-school' WHERE page_name = 'christ-st-peter-lutheran-school-milwaukee-wi';
UPDATE schools SET old_page_name = 'chubb-hollow-mennonite-school' WHERE page_name = 'chubb-hollow-mennonite-school-himrod-ny';
UPDATE schools SET old_page_name = 'churchill-academy' WHERE page_name = 'churchill-academy-montgomery-al';
UPDATE schools SET old_page_name = 'cincinnati-hebrew-day-school' WHERE page_name = 'cincinnati-hebrew-day-school-cincinnati-oh';
UPDATE schools SET old_page_name = 'cincinnati-hills-christian-academy' WHERE page_name = 'cincinnati-hills-christian-academy-cincinnati-oh';
UPDATE schools SET old_page_name = 'cincinnati-waldorf-school' WHERE page_name = 'cincinnati-waldorf-school-cincinnati-oh';
UPDATE schools SET old_page_name = 'circle-christian-school' WHERE page_name = 'circle-christian-school-winter-springs-fl';
UPDATE schools SET old_page_name = 'cistercian-preparatory-school' WHERE page_name = 'cistercian-preparatory-school-irving-tx';
UPDATE schools SET old_page_name = 'citizens-christian-academy' WHERE page_name = 'citizens-christian-academy-douglas-ga';
UPDATE schools SET old_page_name = 'citrus-heights-academy' WHERE page_name = 'citrus-heights-academy-clermont-fl';
UPDATE schools SET old_page_name = 'city-of-knowledge-islamic-school' WHERE page_name = 'city-of-knowledge-islamic-school-lilburn-ga';
UPDATE schools SET old_page_name = 'city-of-knowledge-school' WHERE page_name = 'city-of-knowledge-school-pomona-ca';
UPDATE schools SET old_page_name = 'city-tree-christian-school' WHERE page_name = 'city-tree-christian-school-san-diego-ca';
UPDATE schools SET old_page_name = 'claiborne-academy' WHERE page_name = 'claiborne-academy-haynesville-la';
UPDATE schools SET old_page_name = 'clairbourn-school' WHERE page_name = 'clairbourn-school-san-gabriel-ca';
UPDATE schools SET old_page_name = 'clare-woods-academy' WHERE page_name = 'clare-woods-academy-wheaton-il';
UPDATE schools SET old_page_name = 'claremont-christian-academy' WHERE page_name = 'claremont-christian-academy-claremont-nh';
UPDATE schools SET old_page_name = 'claremore-christian-school' WHERE page_name = 'claremore-christian-school-claremore-ok';
UPDATE schools SET old_page_name = 'clarinda-lutheran-school' WHERE page_name = 'clarinda-lutheran-school-clarinda-ia';
UPDATE schools SET old_page_name = 'clark-fork-school' WHERE page_name = 'clark-fork-school-missoula-mt';
UPDATE schools SET old_page_name = 'clark-school' WHERE page_name = 'clark-school-rowley-ma';
UPDATE schools SET old_page_name = 'clarke-prep-school' WHERE page_name = 'clarke-prep-school-grove-hill-al';
UPDATE schools SET old_page_name = 'clarks-run-school' WHERE page_name = 'clarks-run-school-loysville-pa';
UPDATE schools SET old_page_name = 'clarksville-academy' WHERE page_name = 'clarksville-academy-clarksville-tn';
UPDATE schools SET old_page_name = 'class-academy' WHERE page_name = 'class-academy-portland-or';
UPDATE schools SET old_page_name = 'classical-christian-academy' WHERE page_name = 'classical-christian-academy-rathdrum-id';
UPDATE schools SET old_page_name = 'clay-christian-academy' WHERE page_name = 'clay-christian-academy-clay-wv';
UPDATE schools SET old_page_name = 'clay-meadow-school' WHERE page_name = 'clay-meadow-school-millersburg-in';
UPDATE schools SET old_page_name = 'clay-ridge-school' WHERE page_name = 'clay-ridge-school-shipshewana-in';
UPDATE schools SET old_page_name = 'clear-creek-christian-school' WHERE page_name = 'clear-creek-christian-school-bloomington-in';
UPDATE schools SET old_page_name = 'clear-spring-school' WHERE page_name = 'clear-spring-school-eureka-springs-ar';
UPDATE schools SET old_page_name = 'clear-view-school' WHERE page_name = 'clear-view-school-sherman-ny';
UPDATE schools SET old_page_name = 'clear-view-school' WHERE page_name = 'clear-view-school-belleville-pa';
UPDATE schools SET old_page_name = 'clearview-amish-school' WHERE page_name = 'clearview-amish-school-berne-in';
UPDATE schools SET old_page_name = 'clearview-mennonite-school' WHERE page_name = 'clearview-mennonite-school-montezuma-ga';
UPDATE schools SET old_page_name = 'clearwater-academy-international' WHERE page_name = 'clearwater-academy-international-clearwater-fl';
UPDATE schools SET old_page_name = 'clearwater-central-catholic-high-school' WHERE page_name = 'clearwater-central-catholic-high-school-clearwater-fl';