UPDATE schools SET old_page_name = 'st-lucy-day-school-for-chldrn-w-visual-impairment' WHERE page_name = 'st-lucy-day-school-for-chldrn-w-visual-impairment-philadelphia-pa';
UPDATE schools SET old_page_name = 'st-lucy-parish-school' WHERE page_name = 'st-lucy-parish-school-campbell-ca';
UPDATE schools SET old_page_name = 'st-lucy-school' WHERE page_name = 'st-lucy-school-long-beach-ca';
UPDATE schools SET old_page_name = 'st-lucys-priory-high-school' WHERE page_name = 'st-lucys-priory-high-school-glendora-ca';
UPDATE schools SET old_page_name = 'st-ludger-elementary-school' WHERE page_name = 'st-ludger-elementary-school-creighton-ne';
UPDATE schools SET old_page_name = 'st-luke-academy' WHERE page_name = 'st-luke-academy-chicago-il';
UPDATE schools SET old_page_name = 'st-luke-catholic-elementary-school' WHERE page_name = 'st-luke-catholic-elementary-school-beavercreek-oh';
UPDATE schools SET old_page_name = 'st-luke-catholic-school' WHERE page_name = 'st-luke-catholic-school-san-antonio-tx';
UPDATE schools SET old_page_name = 'st-luke-catholic-school' WHERE page_name = 'st-luke-catholic-school-mclean-va';
UPDATE schools SET old_page_name = 'st-luke-elementary-school' WHERE page_name = 'st-luke-elementary-school-plain-wi';
UPDATE schools SET old_page_name = 'st-luke-s-episcopal-day-school' WHERE page_name = 'st-luke-s-episcopal-day-school-hot-springs-ar';
UPDATE schools SET old_page_name = 'st-luke-s-episcopal-school' WHERE page_name = 'st-luke-s-episcopal-school-mobile-al';
UPDATE schools SET old_page_name = 'st-luke-s-lutheran-school' WHERE page_name = 'st-luke-s-lutheran-school-vassar-mi';
UPDATE schools SET old_page_name = 'st-luke-school' WHERE page_name = 'st-luke-school-shoreline-wa';
UPDATE schools SET old_page_name = 'st-luke-school' WHERE page_name = 'st-luke-school-erie-pa';
UPDATE schools SET old_page_name = 'st-luke-school' WHERE page_name = 'st-luke-school-woodburn-or';
UPDATE schools SET old_page_name = 'st-luke-school' WHERE page_name = 'st-luke-school-columbus-ga';
UPDATE schools SET old_page_name = 'st-lukes-elementary-school' WHERE page_name = 'st-lukes-elementary-school-ogallala-ne';
UPDATE schools SET old_page_name = 'st-lukes-episcopal-school' WHERE page_name = 'st-lukes-episcopal-school-san-antonio-tx';
UPDATE schools SET old_page_name = 'st-lukes-lutheran-school' WHERE page_name = 'st-lukes-lutheran-school-oviedo-fl';
UPDATE schools SET old_page_name = 'st-lukes-school' WHERE page_name = 'st-lukes-school-whitestone-ny';
UPDATE schools SET old_page_name = 'st-lukes-school' WHERE page_name = 'st-lukes-school-new-york-ny';
UPDATE schools SET old_page_name = 'st-madeleine-sophie-catholic-school' WHERE page_name = 'st-madeleine-sophie-catholic-school-bellevue-wa';
UPDATE schools SET old_page_name = 'st-madeleine-sophie-school' WHERE page_name = 'st-madeleine-sophie-school-schenectady-ny';
UPDATE schools SET old_page_name = 'st-malachy' WHERE page_name = 'st-malachy-geneseo-il';
UPDATE schools SET old_page_name = 'st-malachy-elementary-school' WHERE page_name = 'st-malachy-elementary-school-chicago-il';
UPDATE schools SET old_page_name = 'st-malachy-school' WHERE page_name = 'st-malachy-school-rantoul-il';
UPDATE schools SET old_page_name = 'st-malachy-school' WHERE page_name = 'st-malachy-school-creston-ia';
UPDATE schools SET old_page_name = 'st-marcus-lutheran-school' WHERE page_name = 'st-marcus-lutheran-school-milwaukee-wi';
UPDATE schools SET old_page_name = 'st-margaret-catholic-school' WHERE page_name = 'st-margaret-catholic-school-lake-charles-la';
UPDATE schools SET old_page_name = 'st-margaret-mary-alacoque-school' WHERE page_name = 'st-margaret-mary-alacoque-school-saint-louis-mo';
UPDATE schools SET old_page_name = 'st-margaret-mary-catholic-school' WHERE page_name = 'st-margaret-mary-catholic-school-winter-park-fl';
UPDATE schools SET old_page_name = 'st-margaret-mary-school' WHERE page_name = 'st-margaret-mary-school-harrisburg-pa';
UPDATE schools SET old_page_name = 'st-margaret-mary-school' WHERE page_name = 'st-margaret-mary-school-omaha-ne';
UPDATE schools SET old_page_name = 'st-margaret-mary-school' WHERE page_name = 'st-margaret-mary-school-bronx-ny';
UPDATE schools SET old_page_name = 'st-margaret-mary-school' WHERE page_name = 'st-margaret-mary-school-lomita-ca';
UPDATE schools SET old_page_name = 'st-margaret-mary-school' WHERE page_name = 'st-margaret-mary-school-louisville-ky';
UPDATE schools SET old_page_name = 'st-margaret-of-cortona-school' WHERE page_name = 'st-margaret-of-cortona-school-bronx-ny';
UPDATE schools SET old_page_name = 'st-margaret-regional-school' WHERE page_name = 'st-margaret-regional-school-woodbury-heights-nj';
UPDATE schools SET old_page_name = 'st-margaret-s-episcopal-school' WHERE page_name = 'st-margaret-s-episcopal-school-san-juan-capistrano-ca';
UPDATE schools SET old_page_name = 'st-margaret-s-school' WHERE page_name = 'st-margaret-s-school-tappahannock-va';
UPDATE schools SET old_page_name = 'st-margaret-school' WHERE page_name = 'st-margaret-school-pearl-river-ny';
UPDATE schools SET old_page_name = 'st-margaret-school' WHERE page_name = 'st-margaret-school-reading-pa';
UPDATE schools SET old_page_name = 'st-margaret-school' WHERE page_name = 'st-margaret-school-rumford-ri';
UPDATE schools SET old_page_name = 'st-margaret-school' WHERE page_name = 'st-margaret-school-bel-air-md';
UPDATE schools SET old_page_name = 'st-margaret-school' WHERE page_name = 'st-margaret-school-otsego-mi';
UPDATE schools SET old_page_name = 'st-maria-goretti-school' WHERE page_name = 'st-maria-goretti-school-westfield-in';
UPDATE schools SET old_page_name = 'st-marianne-school' WHERE page_name = 'st-marianne-school-pico-rivera-ca';
UPDATE schools SET old_page_name = 'st-marie-child-care-center' WHERE page_name = 'st-marie-child-care-center-manchester-nh';
UPDATE schools SET old_page_name = 'st-mark-catholic-school' WHERE page_name = 'st-mark-catholic-school-huntersville-nc';
UPDATE schools SET old_page_name = 'st-mark-catholic-school' WHERE page_name = 'st-mark-catholic-school-wilmington-nc';
UPDATE schools SET old_page_name = 'st-mark-catholic-school' WHERE page_name = 'st-mark-catholic-school-vienna-va';
UPDATE schools SET old_page_name = 'st-mark-elementary-school' WHERE page_name = 'st-mark-elementary-school-venice-ca';
UPDATE schools SET old_page_name = 'st-mark-evangelical-lutheran-school' WHERE page_name = 'st-mark-evangelical-lutheran-school-lincoln-ne';
UPDATE schools SET old_page_name = 'st-mark-lutheran-school' WHERE page_name = 'st-mark-lutheran-school-green-bay-wi';
UPDATE schools SET old_page_name = 'st-mark-lutheran-school' WHERE page_name = 'st-mark-lutheran-school-eau-claire-wi';
UPDATE schools SET old_page_name = 'st-mark-lutheran-school' WHERE page_name = 'st-mark-lutheran-school-kaneohe-hi';
UPDATE schools SET old_page_name = 'st-mark-lutheran-school' WHERE page_name = 'st-mark-lutheran-school-houston-tx';
UPDATE schools SET old_page_name = 'st-mark-lutheran-school' WHERE page_name = 'st-mark-lutheran-school-bemidji-mn';
UPDATE schools SET old_page_name = 'st-mark-school' WHERE page_name = 'st-mark-school-catonsville-md';
UPDATE schools SET old_page_name = 'st-mark-school' WHERE page_name = 'st-mark-school-stratford-ct';
UPDATE schools SET old_page_name = 'st-mark-school' WHERE page_name = 'st-mark-school-peoria-il';
UPDATE schools SET old_page_name = 'st-mark-school' WHERE page_name = 'st-mark-school-saint-louis-mo';
UPDATE schools SET old_page_name = 'st-mark-united-methodist-kindergarten' WHERE page_name = 'st-mark-united-methodist-kindergarten-birmingham-al';
UPDATE schools SET old_page_name = 'st-marks-early-childhood-center' WHERE page_name = 'st-marks-early-childhood-center-tucson-az';
UPDATE schools SET old_page_name = 'st-marks-elementary-school' WHERE page_name = 'st-marks-elementary-school-boise-id';
UPDATE schools SET old_page_name = 'st-marks-lutheran-school' WHERE page_name = 'st-marks-lutheran-school-steeleville-il';
UPDATE schools SET old_page_name = 'st-marks-lutheran-school' WHERE page_name = 'st-marks-lutheran-school-citrus-heights-ca';
UPDATE schools SET old_page_name = 'st-martha-catholic-school' WHERE page_name = 'st-martha-catholic-school-kingwood-tx';
UPDATE schools SET old_page_name = 'st-martha-elementary-school' WHERE page_name = 'st-martha-elementary-school-philadelphia-pa';
UPDATE schools SET old_page_name = 'st-martin-de-porres-marianist-school' WHERE page_name = 'st-martin-de-porres-marianist-school-uniondale-ny';
UPDATE schools SET old_page_name = 'st-martin-de-porres-school' WHERE page_name = 'st-martin-de-porres-school-columbia-sc';
UPDATE schools SET old_page_name = 'st-martin-de-porres-school' WHERE page_name = 'st-martin-de-porres-school-poughkeepsie-ny';
UPDATE schools SET old_page_name = 'st-martin-elementary-school' WHERE page_name = 'st-martin-elementary-school-jefferson-city-mo';
UPDATE schools SET old_page_name = 'st-martin-lutheran-school' WHERE page_name = 'st-martin-lutheran-school-clintonville-wi';
UPDATE schools SET old_page_name = 'st-martin-of-tours-academy' WHERE page_name = 'st-martin-of-tours-academy-la-mesa-ca';
UPDATE schools SET old_page_name = 'st-martin-of-tours-school' WHERE page_name = 'st-martin-of-tours-school-amityville-ny';
UPDATE schools SET old_page_name = 'st-martin-of-tours-school' WHERE page_name = 'st-martin-of-tours-school-philadelphia-pa';
UPDATE schools SET old_page_name = 'st-martin-s-lutheran-school' WHERE page_name = 'st-martin-s-lutheran-school-winona-mn';
UPDATE schools SET old_page_name = 'st-martins-lutheran-church-school' WHERE page_name = 'st-martins-lutheran-church-school-annapolis-md';
UPDATE schools SET old_page_name = 'st-martins-lutheran-school' WHERE page_name = 'st-martins-lutheran-school-watertown-sd';
UPDATE schools SET old_page_name = 'st-mary-academy' WHERE page_name = 'st-mary-academy-dover-nh';
UPDATE schools SET old_page_name = 'st-mary-at-the-angels-catholic-school' WHERE page_name = 'st-mary-at-the-angels-catholic-school-ukiah-ca';
UPDATE schools SET old_page_name = 'st-mary-byzantine-school' WHERE page_name = 'st-mary-byzantine-school-cleveland-oh';
UPDATE schools SET old_page_name = 'st-mary-cathedral-school' WHERE page_name = 'st-mary-cathedral-school-gaylord-mi';
UPDATE schools SET old_page_name = 'st-mary-cathedral-school' WHERE page_name = 'st-mary-cathedral-school-cape-girardeau-mo';
UPDATE schools SET old_page_name = 'st-mary-catholic-central-high-school' WHERE page_name = 'st-mary-catholic-central-high-school-monroe-mi';
UPDATE schools SET old_page_name = 'st-mary-catholic-community-school' WHERE page_name = 'st-mary-catholic-community-school-crown-point-in';
UPDATE schools SET old_page_name = 'st-mary-catholic-school' WHERE page_name = 'st-mary-catholic-school-pinckney-mi';
UPDATE schools SET old_page_name = 'st-mary-catholic-school' WHERE page_name = 'st-mary-catholic-school-rushville-in';
UPDATE schools SET old_page_name = 'st-mary-catholic-school' WHERE page_name = 'st-mary-catholic-school-woodstock-il';
UPDATE schools SET old_page_name = 'st-mary-catholic-school' WHERE page_name = 'st-mary-catholic-school-mount-carmel-il';
UPDATE schools SET old_page_name = 'st-mary-catholic-school' WHERE page_name = 'st-mary-catholic-school-royal-oak-mi';
UPDATE schools SET old_page_name = 'st-mary-catholic-school' WHERE page_name = 'st-mary-catholic-school-hagerstown-md';
UPDATE schools SET old_page_name = 'st-mary-catholic-school' WHERE page_name = 'st-mary-catholic-school-mobile-al';
UPDATE schools SET old_page_name = 'st-mary-catholic-school' WHERE page_name = 'st-mary-catholic-school-newton-ks';
UPDATE schools SET old_page_name = 'st-mary-catholic-school' WHERE page_name = 'st-mary-catholic-school-greenville-oh';
UPDATE schools SET old_page_name = 'st-mary-catholic-school' WHERE page_name = 'st-mary-catholic-school-mansfield-oh';
UPDATE schools SET old_page_name = 'st-mary-catholic-school' WHERE page_name = 'st-mary-catholic-school-dell-rapids-sd';
UPDATE schools SET old_page_name = 'st-mary-catholic-school' WHERE page_name = 'st-mary-catholic-school-orange-tx';
UPDATE schools SET old_page_name = 'st-mary-catholic-school' WHERE page_name = 'st-mary-catholic-school-hilbert-wi';
UPDATE schools SET old_page_name = 'st-mary-catholic-school' WHERE page_name = 'st-mary-catholic-school-league-city-tx';
UPDATE schools SET old_page_name = 'st-mary-elementary-school' WHERE page_name = 'st-mary-elementary-school-riverside-il';
UPDATE schools SET old_page_name = 'st-mary-elementary-school' WHERE page_name = 'st-mary-elementary-school-brussels-il';
UPDATE schools SET old_page_name = 'st-mary-elementary-school' WHERE page_name = 'st-mary-elementary-school-mount-sterling-il';
UPDATE schools SET old_page_name = 'st-mary-elementary-school' WHERE page_name = 'st-mary-elementary-school-mokena-il';
UPDATE schools SET old_page_name = 'st-mary-elementary-school' WHERE page_name = 'st-mary-elementary-school-greensburg-in';
UPDATE schools SET old_page_name = 'st-mary-elementary-school' WHERE page_name = 'st-mary-elementary-school-aurora-in';
UPDATE schools SET old_page_name = 'st-mary-elementary-school' WHERE page_name = 'st-mary-elementary-school-north-vernon-in';
UPDATE schools SET old_page_name = 'st-mary-elementary-school' WHERE page_name = 'st-mary-elementary-school-alexandria-in';
UPDATE schools SET old_page_name = 'st-mary-elementary-school' WHERE page_name = 'st-mary-elementary-school-walnut-creek-ca';
UPDATE schools SET old_page_name = 'st-mary-elementary-school' WHERE page_name = 'st-mary-elementary-school-bethel-ct';
UPDATE schools SET old_page_name = 'st-mary-elementary-school' WHERE page_name = 'st-mary-elementary-school-paducah-ky';
UPDATE schools SET old_page_name = 'st-mary-elementary-school' WHERE page_name = 'st-mary-elementary-school-westphalia-mi';
UPDATE schools SET old_page_name = 'st-mary-elementary-school' WHERE page_name = 'st-mary-elementary-school-williamston-mi';
UPDATE schools SET old_page_name = 'st-mary-elementary-school' WHERE page_name = 'st-mary-elementary-school-charlotte-mi';
UPDATE schools SET old_page_name = 'st-mary-elementary-school' WHERE page_name = 'st-mary-elementary-school-shrewsbury-ma';
UPDATE schools SET old_page_name = 'st-mary-elementary-school' WHERE page_name = 'st-mary-elementary-school-cranston-ri';
UPDATE schools SET old_page_name = 'st-mary-elementary-school' WHERE page_name = 'st-mary-elementary-school-chardon-oh';
UPDATE schools SET old_page_name = 'st-mary-elementary-school' WHERE page_name = 'st-mary-elementary-school-lancaster-oh';
UPDATE schools SET old_page_name = 'st-mary-elementary-school' WHERE page_name = 'st-mary-elementary-school-massillon-oh';
UPDATE schools SET old_page_name = 'st-mary-elementary-school' WHERE page_name = 'st-mary-elementary-school-janesville-wi';
UPDATE schools SET old_page_name = 'st-mary-elementary-school' WHERE page_name = 'st-mary-elementary-school-bellevue-ne';
UPDATE schools SET old_page_name = 'st-mary-elementary-school' WHERE page_name = 'st-mary-elementary-school-wayne-ne';
UPDATE schools SET old_page_name = 'st-mary-help-of-christians-school' WHERE page_name = 'st-mary-help-of-christians-school-saint-augusta-mn';
UPDATE schools SET old_page_name = 'st-mary-immaculate-parish-school' WHERE page_name = 'st-mary-immaculate-parish-school-plainfield-il';
UPDATE schools SET old_page_name = 'st-mary-magdalen-catholic-school' WHERE page_name = 'st-mary-magdalen-catholic-school-altamonte-springs-fl';
UPDATE schools SET old_page_name = 'st-mary-magdalen-school' WHERE page_name = 'st-mary-magdalen-school-media-pa';
UPDATE schools SET old_page_name = 'st-mary-magdalen-school' WHERE page_name = 'st-mary-magdalen-school-oakville-ct';
UPDATE schools SET old_page_name = 'st-mary-magdalen-school' WHERE page_name = 'st-mary-magdalen-school-camarillo-ca';
UPDATE schools SET old_page_name = 'st-mary-magdalen-school' WHERE page_name = 'st-mary-magdalen-school-metairie-la';
UPDATE schools SET old_page_name = 'st-mary-magdalen-school' WHERE page_name = 'st-mary-magdalen-school-brentwood-mo';
UPDATE schools SET old_page_name = 'st-mary-magdalene-catholic-school' WHERE page_name = 'st-mary-magdalene-catholic-school-apex-nc';
UPDATE schools SET old_page_name = 'st-mary-magdalene-school' WHERE page_name = 'st-mary-magdalene-school-columbus-oh';
UPDATE schools SET old_page_name = 'st-mary-magdalene-school' WHERE page_name = 'st-mary-magdalene-school-humble-tx';
UPDATE schools SET old_page_name = 'st-mary-nativity-school' WHERE page_name = 'st-mary-nativity-school-joliet-il';
UPDATE schools SET old_page_name = 'st-mary-of-carmel-school' WHERE page_name = 'st-mary-of-carmel-school-dallas-tx';
UPDATE schools SET old_page_name = 'st-mary-of-mt-carmel-school' WHERE page_name = 'st-mary-of-mt-carmel-school-dunmore-pa';
UPDATE schools SET old_page_name = 'st-mary-of-the-assumption-school' WHERE page_name = 'st-mary-of-the-assumption-school-mentor-oh';
UPDATE schools SET old_page_name = 'st-mary-of-the-assumption-school' WHERE page_name = 'st-mary-of-the-assumption-school-van-wert-oh';
UPDATE schools SET old_page_name = 'st-mary-of-the-assumption-school' WHERE page_name = 'st-mary-of-the-assumption-school-richland-center-wi';
UPDATE schools SET old_page_name = 'st-mary-of-the-assumption-school' WHERE page_name = 'st-mary-of-the-assumption-school-upper-marlboro-md';
UPDATE schools SET old_page_name = 'st-mary-of-the-assumption-school' WHERE page_name = 'st-mary-of-the-assumption-school-brookline-ma';
UPDATE schools SET old_page_name = 'st-mary-of-the-assumption-school' WHERE page_name = 'st-mary-of-the-assumption-school-whittier-ca';
UPDATE schools SET old_page_name = 'st-mary-of-the-falls-school' WHERE page_name = 'st-mary-of-the-falls-school-olmsted-falls-oh';
UPDATE schools SET old_page_name = 'st-mary-of-the-hills-school' WHERE page_name = 'st-mary-of-the-hills-school-milton-ma';
UPDATE schools SET old_page_name = 'st-mary-of-the-immaculate-conception-school' WHERE page_name = 'st-mary-of-the-immaculate-conception-school-greenville-wi';
UPDATE schools SET old_page_name = 'st-mary-of-the-immaculate-conception-school' WHERE page_name = 'st-mary-of-the-immaculate-conception-school-avon-oh';
UPDATE schools SET old_page_name = 'st-mary-of-the-lakes-school' WHERE page_name = 'st-mary-of-the-lakes-school-medford-nj';
UPDATE schools SET old_page_name = 'st-mary-of-the-knobs-catholic-school' WHERE page_name = 'st-mary-of-the-knobs-catholic-school-floyds-knobs-in';
UPDATE schools SET old_page_name = 'st-mary-on-the-hill-school' WHERE page_name = 'st-mary-on-the-hill-school-augusta-ga';
UPDATE schools SET old_page_name = 'st-mary-our-mother-school' WHERE page_name = 'st-mary-our-mother-school-horseheads-ny';
UPDATE schools SET old_page_name = 'st-mary-parish-school' WHERE page_name = 'st-mary-parish-school-hales-corners-wi';
UPDATE schools SET old_page_name = 'st-mary-s-academy' WHERE page_name = 'st-mary-s-academy-baldwinsville-ny';
UPDATE schools SET old_page_name = 'st-mary-s-catholic-school' WHERE page_name = 'st-mary-s-catholic-school-longview-tx';
UPDATE schools SET old_page_name = 'st-mary-s-catholic-school' WHERE page_name = 'st-mary-s-catholic-school-ponca-city-ok';
UPDATE schools SET old_page_name = 'st-mary-s-ryken-high-school' WHERE page_name = 'st-mary-s-ryken-high-school-leonardtown-md';
UPDATE schools SET old_page_name = 'st-mary-s-school' WHERE page_name = 'st-mary-s-school-bloomington-wi';
UPDATE schools SET old_page_name = 'st-mary-s-school' WHERE page_name = 'st-mary-s-school-cheyenne-wy';
UPDATE schools SET old_page_name = 'st-mary-s-school' WHERE page_name = 'st-mary-s-school-el-centro-ca';
UPDATE schools SET old_page_name = 'st-mary-s-school' WHERE page_name = 'st-mary-s-school-ballston-spa-ny';
UPDATE schools SET old_page_name = 'st-mary-s-school' WHERE page_name = 'st-mary-s-school-worthington-mn';
UPDATE schools SET old_page_name = 'st-mary-school' WHERE page_name = 'st-mary-school-williamstown-nj';
UPDATE schools SET old_page_name = 'st-mary-school' WHERE page_name = 'st-mary-school-fishkill-ny';
UPDATE schools SET old_page_name = 'st-mary-school' WHERE page_name = 'st-mary-school-canandaigua-ny';
UPDATE schools SET old_page_name = 'st-mary-school' WHERE page_name = 'st-mary-school-east-islip-ny';
UPDATE schools SET old_page_name = 'st-mary-school' WHERE page_name = 'st-mary-school-berea-oh';
UPDATE schools SET old_page_name = 'st-mary-school' WHERE page_name = 'st-mary-school-cincinnati-oh';
UPDATE schools SET old_page_name = 'st-mary-school' WHERE page_name = 'st-mary-school-goldsboro-nc';
UPDATE schools SET old_page_name = 'st-mary-school' WHERE page_name = 'st-mary-school-algoma-wi';
UPDATE schools SET old_page_name = 'st-mary-school' WHERE page_name = 'st-mary-school-portage-wi';
UPDATE schools SET old_page_name = 'st-mary-school' WHERE page_name = 'st-mary-school-aberdeen-wa';
UPDATE schools SET old_page_name = 'st-mary-school' WHERE page_name = 'st-mary-school-marion-oh';
UPDATE schools SET old_page_name = 'st-mary-school' WHERE page_name = 'st-mary-school-shelby-oh';
UPDATE schools SET old_page_name = 'st-mary-school' WHERE page_name = 'st-mary-school-sacramento-ca';
UPDATE schools SET old_page_name = 'st-mary-school' WHERE page_name = 'st-mary-school-milford-ct';
UPDATE schools SET old_page_name = 'st-mary-school' WHERE page_name = 'st-mary-school-rome-ga';
UPDATE schools SET old_page_name = 'st-mary-school' WHERE page_name = 'st-mary-school-alexandria-ky';
UPDATE schools SET old_page_name = 'st-mary-school' WHERE page_name = 'st-mary-school-paris-ky';
UPDATE schools SET old_page_name = 'st-mary-school' WHERE page_name = 'st-mary-school-niles-mi';
UPDATE schools SET old_page_name = 'st-mary-school' WHERE page_name = 'st-mary-school-paw-paw-mi';
UPDATE schools SET old_page_name = 'st-mary-school' WHERE page_name = 'st-mary-school-charlevoix-mi';
UPDATE schools SET old_page_name = 'st-mary-school' WHERE page_name = 'st-mary-school-griffith-in';
UPDATE schools SET old_page_name = 'st-mary-school' WHERE page_name = 'st-mary-school-avilla-in';
UPDATE schools SET old_page_name = 'st-mary-school' WHERE page_name = 'st-mary-school-centralia-il';
UPDATE schools SET old_page_name = 'st-mary-school' WHERE page_name = 'st-mary-school-buffalo-grove-il';
UPDATE schools SET old_page_name = 'st-mary-school' WHERE page_name = 'st-mary-school-alton-il';
UPDATE schools SET old_page_name = 'st-mary-school' WHERE page_name = 'st-mary-school-taylorville-il';
UPDATE schools SET old_page_name = 'st-mary-school' WHERE page_name = 'st-mary-school-elgin-il';
UPDATE schools SET old_page_name = 'st-mary-school' WHERE page_name = 'st-mary-school-gilroy-ca';
UPDATE schools SET old_page_name = 'st-mary-school' WHERE page_name = 'st-mary-school-alma-mi';
UPDATE schools SET old_page_name = 'st-mary-school-system' WHERE page_name = 'st-mary-school-system-paducah-ky';
UPDATE schools SET old_page_name = 'st-mary-star-of-the-sea-school' WHERE page_name = 'st-mary-star-of-the-sea-school-hampton-va';
UPDATE schools SET old_page_name = 'st-mary-star-of-the-sea-school' WHERE page_name = 'st-mary-star-of-the-sea-school-chicago-il';
UPDATE schools SET old_page_name = 'st-mary-star-of-the-sea-school' WHERE page_name = 'st-mary-star-of-the-sea-school-oceanside-ca';
UPDATE schools SET old_page_name = 'st-mary-star-of-the-sea-school' WHERE page_name = 'st-mary-star-of-the-sea-school-jackson-mi';
UPDATE schools SET old_page_name = 'st-mary-st-michael-school' WHERE page_name = 'st-mary-st-michael-school-cato-wi';
UPDATE schools SET old_page_name = 'st-mary-basha-catholic-school' WHERE page_name = 'st-mary-basha-catholic-school-chandler-az';
UPDATE schools SET old_page_name = 'st-marys' WHERE page_name = 'st-marys-ticonderoga-ny';
UPDATE schools SET old_page_name = 'st-marys-academy' WHERE page_name = 'st-marys-academy-the-dalles-or';
UPDATE schools SET old_page_name = 'st-marys-catholic-elementary-school' WHERE page_name = 'st-marys-catholic-elementary-school-saint-marys-pa';
UPDATE schools SET old_page_name = 'st-marys-catholic-elementary-school' WHERE page_name = 'st-marys-catholic-elementary-school-madelia-mn';
UPDATE schools SET old_page_name = 'st-marys-catholic-middle-school' WHERE page_name = 'st-marys-catholic-middle-school-saint-marys-pa';
UPDATE schools SET old_page_name = 'st-marys-catholic-school' WHERE page_name = 'st-marys-catholic-school-caledonia-mn';
UPDATE schools SET old_page_name = 'st-marys-catholic-school' WHERE page_name = 'st-marys-catholic-school-tracy-mn';
UPDATE schools SET old_page_name = 'st-marys-catholic-school' WHERE page_name = 'st-marys-catholic-school-livingston-mt';
UPDATE schools SET old_page_name = 'st-marys-catholic-school' WHERE page_name = 'st-marys-catholic-school-temple-tx';
UPDATE schools SET old_page_name = 'st-marys-central-catholic-school' WHERE page_name = 'st-marys-central-catholic-school-odessa-tx';
UPDATE schools SET old_page_name = 'st-marys-elementary-school' WHERE page_name = 'st-marys-elementary-school-lancaster-ny';
UPDATE schools SET old_page_name = 'st-marys-elementary-school' WHERE page_name = 'st-marys-elementary-school-pittsburg-ks';
UPDATE schools SET old_page_name = 'st-marys-episcopal-day-school' WHERE page_name = 'st-marys-episcopal-day-school-tampa-fl';
UPDATE schools SET old_page_name = 'st-marys-high-school' WHERE page_name = 'st-marys-high-school-annapolis-md';
UPDATE schools SET old_page_name = 'st-marys-of-kickapoo' WHERE page_name = 'st-marys-of-kickapoo-edwards-il';
UPDATE schools SET old_page_name = 'st-marys-regional-school' WHERE page_name = 'st-marys-regional-school-vineland-nj';
UPDATE schools SET old_page_name = 'st-marys-school' WHERE page_name = 'st-marys-school-alexandria-mn';
UPDATE schools SET old_page_name = 'st-marys-school' WHERE page_name = 'st-marys-school-east-amherst-ny';
UPDATE schools SET old_page_name = 'st-marys-school' WHERE page_name = 'st-marys-school-west-tx';
UPDATE schools SET old_page_name = 'st-marys-school' WHERE page_name = 'st-marys-school-oak-ridge-tn';
UPDATE schools SET old_page_name = 'st-marys-school' WHERE page_name = 'st-marys-school-luxemburg-wi';
UPDATE schools SET old_page_name = 'st-marys-school' WHERE page_name = 'st-marys-school-leipsic-oh';
UPDATE schools SET old_page_name = 'st-marys-school' WHERE page_name = 'st-marys-school-bloomington-il';
UPDATE schools SET old_page_name = 'st-marys-school' WHERE page_name = 'st-marys-school-chester-il';
UPDATE schools SET old_page_name = 'st-marys-school' WHERE page_name = 'st-marys-school-pontiac-il';
UPDATE schools SET old_page_name = 'st-marys-school' WHERE page_name = 'st-marys-school-owatonna-mn';
UPDATE schools SET old_page_name = 'st-marys-school' WHERE page_name = 'st-marys-school-morris-mn';
UPDATE schools SET old_page_name = 'st-mary-sacred-heart-school' WHERE page_name = 'st-mary-sacred-heart-school-north-attleboro-ma';
UPDATE schools SET old_page_name = 'st-matthew-catholic-school' WHERE page_name = 'st-matthew-catholic-school-indianapolis-in';
UPDATE schools SET old_page_name = 'st-matthew-catholic-school' WHERE page_name = 'st-matthew-catholic-school-hillsboro-or';
UPDATE schools SET old_page_name = 'st-matthew-catholic-school' WHERE page_name = 'st-matthew-catholic-school-franklin-tn';
UPDATE schools SET old_page_name = 'st-matthew-catholic-school' WHERE page_name = 'st-matthew-catholic-school-charlotte-nc';
UPDATE schools SET old_page_name = 'st-matthew-catholic-school' WHERE page_name = 'st-matthew-catholic-school-san-antonio-tx';
UPDATE schools SET old_page_name = 'st-matthew-elementary-school' WHERE page_name = 'st-matthew-elementary-school-mount-vernon-in';
UPDATE schools SET old_page_name = 'st-matthew-lutheran-school' WHERE page_name = 'st-matthew-lutheran-school-walled-lake-mi';
UPDATE schools SET old_page_name = 'st-matthew-lutheran-school' WHERE page_name = 'st-matthew-lutheran-school-spokane-wa';
UPDATE schools SET old_page_name = 'st-matthew-lutheran-school' WHERE page_name = 'st-matthew-lutheran-school-oconomowoc-wi';
UPDATE schools SET old_page_name = 'st-matthew-school' WHERE page_name = 'st-matthew-school-oak-creek-wi';
UPDATE schools SET old_page_name = 'st-matthew-school' WHERE page_name = 'st-matthew-school-glendale-heights-il';
UPDATE schools SET old_page_name = 'st-matthew-school' WHERE page_name = 'st-matthew-school-cedar-rapids-ia';
UPDATE schools SET old_page_name = 'st-matthew-school' WHERE page_name = 'st-matthew-school-champaign-il';
UPDATE schools SET old_page_name = 'st-matthews-lutheran-school' WHERE page_name = 'st-matthews-lutheran-school-winona-mn';
UPDATE schools SET old_page_name = 'st-matthews-lutheran-school' WHERE page_name = 'st-matthews-lutheran-school-iron-ridge-wi';
UPDATE schools SET old_page_name = 'st-matthews-lutheran-school' WHERE page_name = 'st-matthews-lutheran-school-janesville-wi';
UPDATE schools SET old_page_name = 'st-matthews-montessori' WHERE page_name = 'st-matthews-montessori-newport-beach-ca';
UPDATE schools SET old_page_name = 'st-matthias-elementary-school' WHERE page_name = 'st-matthias-elementary-school-somerset-nj';
UPDATE schools SET old_page_name = 'st-matthias-elementary-school' WHERE page_name = 'st-matthias-elementary-school-huntington-park-ca';
UPDATE schools SET old_page_name = 'st-matthias-parish-school' WHERE page_name = 'st-matthias-parish-school-milwaukee-wi';
UPDATE schools SET old_page_name = 'st-matthias-school' WHERE page_name = 'st-matthias-school-columbus-oh';
UPDATE schools SET old_page_name = 'st-matthias-school' WHERE page_name = 'st-matthias-school-chicago-il';
UPDATE schools SET old_page_name = 'st-mel-school' WHERE page_name = 'st-mel-school-fair-oaks-ca';
UPDATE schools SET old_page_name = 'st-michael-catholic-school' WHERE page_name = 'st-michael-catholic-school-weimar-tx';
UPDATE schools SET old_page_name = 'st-michael-catholic-school' WHERE page_name = 'st-michael-catholic-school-murrells-inlet-sc';
UPDATE schools SET old_page_name = 'st-michael-elementary-school' WHERE page_name = 'st-michael-elementary-school-loretto-pa';
UPDATE schools SET old_page_name = 'st-michael-elementary-school' WHERE page_name = 'st-michael-elementary-school-canton-oh';
UPDATE schools SET old_page_name = 'st-michael-elementary-school' WHERE page_name = 'st-michael-elementary-school-cincinnati-oh';
UPDATE schools SET old_page_name = 'st-michael-elementary-school' WHERE page_name = 'st-michael-elementary-school-remus-mi';
UPDATE schools SET old_page_name = 'st-michael-elementary-school' WHERE page_name = 'st-michael-elementary-school-crowley-la';
UPDATE schools SET old_page_name = 'st-michael-lutheran-school' WHERE page_name = 'st-michael-lutheran-school-wayne-mi';
UPDATE schools SET old_page_name = 'st-michael-lutheran-school' WHERE page_name = 'st-michael-lutheran-school-portage-mi';
UPDATE schools SET old_page_name = 'st-michael-lutheran-school' WHERE page_name = 'st-michael-lutheran-school-fort-myers-fl';
UPDATE schools SET old_page_name = 'st-michael-parish-school' WHERE page_name = 'st-michael-parish-school-wheeling-wv';
UPDATE schools SET old_page_name = 'st-michael-s-school' WHERE page_name = 'st-michael-s-school-poway-ca';
UPDATE schools SET old_page_name = 'st-michael-school' WHERE page_name = 'st-michael-school-fall-river-ma';
UPDATE schools SET old_page_name = 'st-michael-school' WHERE page_name = 'st-michael-school-lowell-ma';
UPDATE schools SET old_page_name = 'st-michael-school' WHERE page_name = 'st-michael-school-augusta-me';
UPDATE schools SET old_page_name = 'st-michael-school' WHERE page_name = 'st-michael-school-brookville-in';
UPDATE schools SET old_page_name = 'st-michael-school' WHERE page_name = 'st-michael-school-orland-park-il';
UPDATE schools SET old_page_name = 'st-michael-school' WHERE page_name = 'st-michael-school-plymouth-in';
UPDATE schools SET old_page_name = 'st-michael-school' WHERE page_name = 'st-michael-school-olympia-wa';
UPDATE schools SET old_page_name = 'st-michael-school' WHERE page_name = 'st-michael-school-annandale-va';
UPDATE schools SET old_page_name = 'st-michael-school' WHERE page_name = 'st-michael-school-worthington-oh';
UPDATE schools SET old_page_name = 'st-michael-school' WHERE page_name = 'st-michael-school-greenville-pa';
UPDATE schools SET old_page_name = 'st-michael-school' WHERE page_name = 'st-michael-school-newark-nj';
UPDATE schools SET old_page_name = 'st-michael-school' WHERE page_name = 'st-michael-school-south-sioux-city-ne';
UPDATE schools SET old_page_name = 'st-michael-school' WHERE page_name = 'st-michael-school-cranford-nj';
UPDATE schools SET old_page_name = 'st-michael-school' WHERE page_name = 'st-michael-school-ripley-oh';
UPDATE schools SET old_page_name = 'st-michael-school' WHERE page_name = 'st-michael-school-independence-oh';
UPDATE schools SET old_page_name = 'st-michael-school' WHERE page_name = 'st-michael-school-pawcatuck-ct';
UPDATE schools SET old_page_name = 'st-michael-school' WHERE page_name = 'st-michael-school-sioux-falls-sd';
UPDATE schools SET old_page_name = 'st-michael-school' WHERE page_name = 'st-michael-school-louisville-ky';
UPDATE schools SET old_page_name = 'st-michael-special-school' WHERE page_name = 'st-michael-special-school-new-orleans-la';
UPDATE schools SET old_page_name = 'st-michael-the-archangel' WHERE page_name = 'st-michael-the-archangel-levittown-pa';
UPDATE schools SET old_page_name = 'st-michael-the-archangel-school' WHERE page_name = 'st-michael-the-archangel-school-overland-park-ks';
UPDATE schools SET old_page_name = 'st-michaels-assoc-for-sp-ed' WHERE page_name = 'st-michaels-assoc-for-sp-ed-saint-michaels-az';
UPDATE schools SET old_page_name = 'st-michaels-catholic-school' WHERE page_name = 'st-michaels-catholic-school-cuero-tx';
UPDATE schools SET old_page_name = 'st-michaels-country-day-school' WHERE page_name = 'st-michaels-country-day-school-newport-ri';
UPDATE schools SET old_page_name = 'st-michaels-elementary-school' WHERE page_name = 'st-michaels-elementary-school-penn-yan-ny';
UPDATE schools SET old_page_name = 'st-michaels-high-school' WHERE page_name = 'st-michaels-high-school-santa-fe-nm';
UPDATE schools SET old_page_name = 'st-michaels-school' WHERE page_name = 'st-michaels-school-lexington-ky';
UPDATE schools SET old_page_name = 'st-monica-academy' WHERE page_name = 'st-monica-academy-montrose-ca';
UPDATE schools SET old_page_name = 'st-monica-catholic-high-school' WHERE page_name = 'st-monica-catholic-high-school-santa-monica-ca';
UPDATE schools SET old_page_name = 'st-monica-catholic-school' WHERE page_name = 'st-monica-catholic-school-indianapolis-in';
UPDATE schools SET old_page_name = 'st-monica-catholic-school' WHERE page_name = 'st-monica-catholic-school-converse-tx';
UPDATE schools SET old_page_name = 'st-monica-school' WHERE page_name = 'st-monica-school-methuen-ma';
UPDATE schools SET old_page_name = 'st-monica-school' WHERE page_name = 'st-monica-school-mercer-island-wa';
UPDATE schools SET old_page_name = 'st-monica-school' WHERE page_name = 'st-monica-school-whitefish-bay-wi';
UPDATE schools SET old_page_name = 'st-nicholas-catholic-school' WHERE page_name = 'st-nicholas-catholic-school-sunman-in';
UPDATE schools SET old_page_name = 'st-nicholas-of-tolentine-school' WHERE page_name = 'st-nicholas-of-tolentine-school-jamaica-ny';
UPDATE schools SET old_page_name = 'st-nicholas-school' WHERE page_name = 'st-nicholas-school-northridge-ca';
UPDATE schools SET old_page_name = 'st-nicholas-school' WHERE page_name = 'st-nicholas-school-jersey-city-nj';
UPDATE schools SET old_page_name = 'st-nicholas-school' WHERE page_name = 'st-nicholas-school-struthers-oh';
UPDATE schools SET old_page_name = 'st-nicholas-school' WHERE page_name = 'st-nicholas-school-minersville-pa';
UPDATE schools SET old_page_name = 'st-norbert-elementary-school' WHERE page_name = 'st-norbert-elementary-school-paoli-pa';
UPDATE schools SET old_page_name = 'st-norbert-school' WHERE page_name = 'st-norbert-school-hardin-il';
UPDATE schools SET old_page_name = 'st-norbert-school' WHERE page_name = 'st-norbert-school-northbrook-il';
UPDATE schools SET old_page_name = 'st-odilia-school' WHERE page_name = 'st-odilia-school-los-angeles-ca';
UPDATE schools SET old_page_name = 'st-odilo-elementary-school' WHERE page_name = 'st-odilo-elementary-school-berwyn-il';
UPDATE schools SET old_page_name = 'st-olaf-catholic-school' WHERE page_name = 'st-olaf-catholic-school-bountiful-ut';
UPDATE schools SET old_page_name = 'st-pancratius-elementary-school' WHERE page_name = 'st-pancratius-elementary-school-lakewood-ca';
UPDATE schools SET old_page_name = 'st-paschal-baylon-school' WHERE page_name = 'st-paschal-baylon-school-thousand-oaks-ca';
UPDATE schools SET old_page_name = 'st-paschal-baylon-school' WHERE page_name = 'st-paschal-baylon-school-highland-heights-oh';
UPDATE schools SET old_page_name = 'st-patricia-elementary-school' WHERE page_name = 'st-patricia-elementary-school-hickory-hills-il';
UPDATE schools SET old_page_name = 'st-patrick-cathedral-school' WHERE page_name = 'st-patrick-cathedral-school-norwich-ct';
UPDATE schools SET old_page_name = 'st-patrick-cathedral-school' WHERE page_name = 'st-patrick-cathedral-school-el-paso-tx';
UPDATE schools SET old_page_name = 'st-patrick-catholic-high-school' WHERE page_name = 'st-patrick-catholic-high-school-biloxi-ms';
UPDATE schools SET old_page_name = 'st-patrick-catholic-school' WHERE page_name = 'st-patrick-catholic-school-lufkin-tx';
UPDATE schools SET old_page_name = 'st-patrick-catholic-school' WHERE page_name = 'st-patrick-catholic-school-mc-ewen-tn';
UPDATE schools SET old_page_name = 'st-patrick-catholic-school' WHERE page_name = 'st-patrick-catholic-school-tacoma-wa';
UPDATE schools SET old_page_name = 'st-patrick-catholic-school' WHERE page_name = 'st-patrick-catholic-school-bryan-oh';
UPDATE schools SET old_page_name = 'st-patrick-catholic-school' WHERE page_name = 'st-patrick-catholic-school-springfield-il';
UPDATE schools SET old_page_name = 'st-patrick-catholic-school' WHERE page_name = 'st-patrick-catholic-school-parsons-ks';
UPDATE schools SET old_page_name = 'st-patrick-catholic-school' WHERE page_name = 'st-patrick-catholic-school-kingman-ks';
UPDATE schools SET old_page_name = 'st-patrick-catholic-school' WHERE page_name = 'st-patrick-catholic-school-largo-fl';
UPDATE schools SET old_page_name = 'st-patrick-catholic-school' WHERE page_name = 'st-patrick-catholic-school-norfolk-va';
UPDATE schools SET old_page_name = 'st-patrick-catholic-school' WHERE page_name = 'st-patrick-catholic-school-chanute-ks';
UPDATE schools SET old_page_name = 'st-patrick-elementary-school' WHERE page_name = 'st-patrick-elementary-school-kent-oh';
UPDATE schools SET old_page_name = 'st-patrick-elementary-school' WHERE page_name = 'st-patrick-elementary-school-meridian-ms';
UPDATE schools SET old_page_name = 'st-patrick-elementary-school' WHERE page_name = 'st-patrick-elementary-school-carleton-mi';
UPDATE schools SET old_page_name = 'st-patrick-elementary-school' WHERE page_name = 'st-patrick-elementary-school-stoneham-ma';
UPDATE schools SET old_page_name = 'st-patrick-elementary-school' WHERE page_name = 'st-patrick-elementary-school-chesterton-in';
UPDATE schools SET old_page_name = 'st-patrick-elementary-school' WHERE page_name = 'st-patrick-elementary-school-sheldon-ia';
UPDATE schools SET old_page_name = 'st-patrick-high-school' WHERE page_name = 'st-patrick-high-school-north-platte-ne';
UPDATE schools SET old_page_name = 'st-patrick-interparish-school' WHERE page_name = 'st-patrick-interparish-school-gainesville-fl';
UPDATE schools SET old_page_name = 'st-patrick-s-episcopal-day-school' WHERE page_name = 'st-patrick-s-episcopal-day-school-washington-dc';
UPDATE schools SET old_page_name = 'st-patrick-school' WHERE page_name = 'st-patrick-school-larkspur-ca';
UPDATE schools SET old_page_name = 'st-patrick-school' WHERE page_name = 'st-patrick-school-north-hollywood-ca';
UPDATE schools SET old_page_name = 'st-patrick-school' WHERE page_name = 'st-patrick-school-wadsworth-il';
UPDATE schools SET old_page_name = 'st-patrick-school' WHERE page_name = 'st-patrick-school-honolulu-hi';
UPDATE schools SET old_page_name = 'st-patrick-school' WHERE page_name = 'st-patrick-school-decatur-il';
UPDATE schools SET old_page_name = 'st-patrick-school' WHERE page_name = 'st-patrick-school-saint-charles-il';
UPDATE schools SET old_page_name = 'st-patrick-school' WHERE page_name = 'st-patrick-school-washington-il';
UPDATE schools SET old_page_name = 'st-patrick-school' WHERE page_name = 'st-patrick-school-anamosa-ia';
UPDATE schools SET old_page_name = 'st-patrick-school' WHERE page_name = 'st-patrick-school-rodeo-ca';
UPDATE schools SET old_page_name = 'st-patrick-school' WHERE page_name = 'st-patrick-school-maysville-ky';
UPDATE schools SET old_page_name = 'st-patrick-school' WHERE page_name = 'st-patrick-school-brighton-mi';
UPDATE schools SET old_page_name = 'st-patrick-school' WHERE page_name = 'st-patrick-school-weston-wv';
UPDATE schools SET old_page_name = 'st-patrick-school' WHERE page_name = 'st-patrick-school-mauston-wi';
UPDATE schools SET old_page_name = 'st-patrick-school' WHERE page_name = 'st-patrick-school-corpus-christi-tx';
UPDATE schools SET old_page_name = 'st-patrick-school' WHERE page_name = 'st-patrick-school-london-oh';
UPDATE schools SET old_page_name = 'st-patrick-school' WHERE page_name = 'st-patrick-school-newry-pa';
UPDATE schools SET old_page_name = 'st-patrick-school' WHERE page_name = 'st-patrick-school-carlisle-pa';
UPDATE schools SET old_page_name = 'st-patrick-school' WHERE page_name = 'st-patrick-school-wentzville-mo';
UPDATE schools SET old_page_name = 'st-patrick-school' WHERE page_name = 'st-patrick-school-kansas-city-mo';
UPDATE schools SET old_page_name = 'st-patrick-school' WHERE page_name = 'st-patrick-school-bay-shore-ny';
UPDATE schools SET old_page_name = 'st-patrick-school' WHERE page_name = 'st-patrick-school-yorktown-heights-ny';
UPDATE schools SET old_page_name = 'st-patrick-school' WHERE page_name = 'st-patrick-school-hudson-wi';
UPDATE schools SET old_page_name = 'st-patrick-school' WHERE page_name = 'st-patrick-school-san-jose-ca';
UPDATE schools SET old_page_name = 'st-patrick-school' WHERE page_name = 'st-patrick-school-portland-mi';
UPDATE schools SET old_page_name = 'st-patrick-school' WHERE page_name = 'st-patrick-school-louisville-ky';
UPDATE schools SET old_page_name = 'st-patrick-school' WHERE page_name = 'st-patrick-school-fredericksburg-va';
UPDATE schools SET old_page_name = 'st-patricks-catholic-school' WHERE page_name = 'st-patricks-catholic-school-arroyo-grande-ca';
UPDATE schools SET old_page_name = 'st-patricks-episcopal-day-school' WHERE page_name = 'st-patricks-episcopal-day-school-thousand-oaks-ca';
UPDATE schools SET old_page_name = 'st-patricks-school' WHERE page_name = 'st-patricks-school-sparta-wi';
UPDATE schools SET old_page_name = 'st-patrick-st-vincent-high-school' WHERE page_name = 'st-patrick-st-vincent-high-school-vallejo-ca';
UPDATE schools SET old_page_name = 'st-paul-catholic-high-school' WHERE page_name = 'st-paul-catholic-high-school-bristol-ct';
UPDATE schools SET old_page_name = 'st-paul-catholic-school' WHERE page_name = 'st-paul-catholic-school-pensacola-fl';
UPDATE schools SET old_page_name = 'st-paul-catholic-school' WHERE page_name = 'st-paul-catholic-school-pocahontas-ar';
UPDATE schools SET old_page_name = 'st-paul-catholic-school' WHERE page_name = 'st-paul-catholic-school-valparaiso-in';
UPDATE schools SET old_page_name = 'st-paul-christian-education-center' WHERE page_name = 'st-paul-christian-education-center-monroe-ny';
UPDATE schools SET old_page_name = 'st-paul-christian-school' WHERE page_name = 'st-paul-christian-school-plano-tx';
UPDATE schools SET old_page_name = 'st-paul-elementary-school' WHERE page_name = 'st-paul-elementary-school-saint-paul-mo';
UPDATE schools SET old_page_name = 'st-paul-elementary-school' WHERE page_name = 'st-paul-elementary-school-bloomer-wi';
UPDATE schools SET old_page_name = 'st-paul-elementary-school' WHERE page_name = 'st-paul-elementary-school-los-angeles-ca';
UPDATE schools SET old_page_name = 'st-paul-elementary-school' WHERE page_name = 'st-paul-elementary-school-hingham-ma';
UPDATE schools SET old_page_name = 'st-paul-elementary-school' WHERE page_name = 'st-paul-elementary-school-st-paul-ks';
UPDATE schools SET old_page_name = 'st-paul-high-school' WHERE page_name = 'st-paul-high-school-santa-fe-springs-ca';
UPDATE schools SET old_page_name = 'st-paul-lutheran-child-development-center' WHERE page_name = 'st-paul-lutheran-child-development-center-mountain-view-ca';
UPDATE schools SET old_page_name = 'st-paul-lutheran-school' WHERE page_name = 'st-paul-lutheran-school-jackson-mo';
UPDATE schools SET old_page_name = 'st-paul-lutheran-school' WHERE page_name = 'st-paul-lutheran-school-farmington-mo';
UPDATE schools SET old_page_name = 'st-paul-lutheran-school' WHERE page_name = 'st-paul-lutheran-school-stover-mo';
UPDATE schools SET old_page_name = 'st-paul-lutheran-school' WHERE page_name = 'st-paul-lutheran-school-fairmont-mn';
UPDATE schools SET old_page_name = 'st-paul-lutheran-school' WHERE page_name = 'st-paul-lutheran-school-truman-mn';
UPDATE schools SET old_page_name = 'st-paul-lutheran-school' WHERE page_name = 'st-paul-lutheran-school-west-point-ne';
UPDATE schools SET old_page_name = 'st-paul-lutheran-school' WHERE page_name = 'st-paul-lutheran-school-utica-ne';
UPDATE schools SET old_page_name = 'st-paul-lutheran-school' WHERE page_name = 'st-paul-lutheran-school-arlington-ne';
UPDATE schools SET old_page_name = 'st-paul-lutheran-school' WHERE page_name = 'st-paul-lutheran-school-hilton-ny';
UPDATE schools SET old_page_name = 'st-paul-lutheran-school' WHERE page_name = 'st-paul-lutheran-school-napoleon-oh';
UPDATE schools SET old_page_name = 'st-paul-lutheran-school' WHERE page_name = 'st-paul-lutheran-school-westlake-oh';
UPDATE schools SET old_page_name = 'st-paul-lutheran-school' WHERE page_name = 'st-paul-lutheran-school-mcallen-tx';
UPDATE schools SET old_page_name = 'st-paul-lutheran-school' WHERE page_name = 'st-paul-lutheran-school-bishop-tx';
UPDATE schools SET old_page_name = 'st-paul-lutheran-school' WHERE page_name = 'st-paul-lutheran-school-fort-worth-tx';
UPDATE schools SET old_page_name = 'st-paul-lutheran-school' WHERE page_name = 'st-paul-lutheran-school-thorndale-tx';
UPDATE schools SET old_page_name = 'st-paul-lutheran-school' WHERE page_name = 'st-paul-lutheran-school-mount-prospect-il';
UPDATE schools SET old_page_name = 'st-paul-lutheran-school' WHERE page_name = 'st-paul-lutheran-school-rochelle-il';
UPDATE schools SET old_page_name = 'st-paul-lutheran-school' WHERE page_name = 'st-paul-lutheran-school-chicago-il';
UPDATE schools SET old_page_name = 'st-paul-lutheran-school' WHERE page_name = 'st-paul-lutheran-school-brookfield-il';
UPDATE schools SET old_page_name = 'st-paul-lutheran-school' WHERE page_name = 'st-paul-lutheran-school-michigan-city-in';
UPDATE schools SET old_page_name = 'st-paul-lutheran-school' WHERE page_name = 'st-paul-lutheran-school-boca-raton-fl';
UPDATE schools SET old_page_name = 'st-paul-lutheran-school' WHERE page_name = 'st-paul-lutheran-school-leavenworth-ks';
UPDATE schools SET old_page_name = 'st-paul-lutheran-school' WHERE page_name = 'st-paul-lutheran-school-baltimore-md';
UPDATE schools SET old_page_name = 'st-paul-lutheran-school' WHERE page_name = 'st-paul-lutheran-school-south-haven-mi';
UPDATE schools SET old_page_name = 'st-paul-lutheran-school' WHERE page_name = 'st-paul-lutheran-school-millington-mi';
UPDATE schools SET old_page_name = 'st-paul-lutheran-school' WHERE page_name = 'st-paul-lutheran-school-ann-arbor-mi';
UPDATE schools SET old_page_name = 'st-paul-lutheran-school' WHERE page_name = 'st-paul-lutheran-school-flint-mi';
UPDATE schools SET old_page_name = 'st-paul-lutheran-school' WHERE page_name = 'st-paul-lutheran-school-bay-city-mi';
UPDATE schools SET old_page_name = 'st-paul-lutheran-school' WHERE page_name = 'st-paul-lutheran-school-royal-oak-mi';
UPDATE schools SET old_page_name = 'st-paul-lutheran-school' WHERE page_name = 'st-paul-lutheran-school-manawa-wi';
UPDATE schools SET old_page_name = 'st-paul-lutheran-school' WHERE page_name = 'st-paul-lutheran-school-bonduel-wi';
UPDATE schools SET old_page_name = 'st-paul-lutheran-school' WHERE page_name = 'st-paul-lutheran-school-luxemburg-wi';
UPDATE schools SET old_page_name = 'st-paul-lutheran-school' WHERE page_name = 'st-paul-lutheran-school-grafton-wi';
UPDATE schools SET old_page_name = 'st-paul-lutheran-school' WHERE page_name = 'st-paul-lutheran-school-sheboygan-wi';
UPDATE schools SET old_page_name = 'st-paul-lutheran-school' WHERE page_name = 'st-paul-lutheran-school-tomah-wi';
UPDATE schools SET old_page_name = 'st-paul-lutheran-school' WHERE page_name = 'st-paul-lutheran-school-appleton-wi';
UPDATE schools SET old_page_name = 'st-paul-lutheran-school' WHERE page_name = 'st-paul-lutheran-school-franklin-wi';
UPDATE schools SET old_page_name = 'st-paul-lutheran-school' WHERE page_name = 'st-paul-lutheran-school-green-bay-wi';
UPDATE schools SET old_page_name = 'st-paul-lutheran-school' WHERE page_name = 'st-paul-lutheran-school-batavia-ny';
UPDATE schools SET old_page_name = 'st-paul-lutheran-school' WHERE page_name = 'st-paul-lutheran-school-saint-joseph-mo';
UPDATE schools SET old_page_name = 'st-paul-lutheran-school' WHERE page_name = 'st-paul-lutheran-school-vernon-tx';
UPDATE schools SET old_page_name = 'st-paul-lutheran-school' WHERE page_name = 'st-paul-lutheran-school-north-fond-du-lac-wi';
UPDATE schools SET old_page_name = 'st-paul-lutheran-school' WHERE page_name = 'st-paul-lutheran-school-lapeer-mi';
UPDATE schools SET old_page_name = 'st-paul-lutheran-school' WHERE page_name = 'st-paul-lutheran-school-fort-dodge-ia';
UPDATE schools SET old_page_name = 'st-paul-lutheran-school' WHERE page_name = 'st-paul-lutheran-school-bloomer-wi';
UPDATE schools SET old_page_name = 'st-paul-lutheran-school' WHERE page_name = 'st-paul-lutheran-school-peachtree-city-ga';
UPDATE schools SET old_page_name = 'st-paul-lutheran-school' WHERE page_name = 'st-paul-lutheran-school-lakeland-fl';
UPDATE schools SET old_page_name = 'st-paul-lutheran-serbin-school' WHERE page_name = 'st-paul-lutheran-serbin-school-giddings-tx';
UPDATE schools SET old_page_name = 'st-paul-of-the-cross-school' WHERE page_name = 'st-paul-of-the-cross-school-park-ridge-il';
UPDATE schools SET old_page_name = 'st-paul-parish-school' WHERE page_name = 'st-paul-parish-school-marion-in';
UPDATE schools SET old_page_name = 'st-paul-parochial-school' WHERE page_name = 'st-paul-parochial-school-saint-paul-or';
UPDATE schools SET old_page_name = 'st-paul-school' WHERE page_name = 'st-paul-school-odell-il';
UPDATE schools SET old_page_name = 'st-paul-school' WHERE page_name = 'st-paul-school-merced-ca';
UPDATE schools SET old_page_name = 'st-paul-school' WHERE page_name = 'st-paul-school-kensington-ct';
UPDATE schools SET old_page_name = 'st-paul-school' WHERE page_name = 'st-paul-school-owosso-mi';
UPDATE schools SET old_page_name = 'st-paul-school' WHERE page_name = 'st-paul-school-florence-ky';
UPDATE schools SET old_page_name = 'st-paul-school' WHERE page_name = 'st-paul-school-north-canton-oh';
UPDATE schools SET old_page_name = 'st-paul-school' WHERE page_name = 'st-paul-school-westerville-oh';
UPDATE schools SET old_page_name = 'st-paul-school' WHERE page_name = 'st-paul-school-cranston-ri';
UPDATE schools SET old_page_name = 'st-paul-school' WHERE page_name = 'st-paul-school-burlington-nj';
UPDATE schools SET old_page_name = 'st-paul-school' WHERE page_name = 'st-paul-school-valley-cottage-ny';
UPDATE schools SET old_page_name = 'st-paul-the-apostle-catholic-school' WHERE page_name = 'st-paul-the-apostle-catholic-school-spartanburg-sc';
UPDATE schools SET old_page_name = 'st-paul-the-apostle-catholic-school' WHERE page_name = 'st-paul-the-apostle-catholic-school-davenport-ia';
UPDATE schools SET old_page_name = 'st-paul-the-apostle-school' WHERE page_name = 'st-paul-the-apostle-school-joliet-il';
UPDATE schools SET old_page_name = 'st-paul-the-apostle-school' WHERE page_name = 'st-paul-the-apostle-school-grand-rapids-mi';
UPDATE schools SET old_page_name = 'st-pauls-catholic-school' WHERE page_name = 'st-pauls-catholic-school-nampa-id';
UPDATE schools SET old_page_name = 'st-pauls-christian-day-school' WHERE page_name = 'st-pauls-christian-day-school-brenham-tx';
UPDATE schools SET old_page_name = 'st-pauls-day-school' WHERE page_name = 'st-pauls-day-school-westfield-nj';
UPDATE schools SET old_page_name = 'st-pauls-episcopal-day-school' WHERE page_name = 'st-pauls-episcopal-day-school-waco-tx';
UPDATE schools SET old_page_name = 'st-pauls-episcopal-school' WHERE page_name = 'st-pauls-episcopal-school-oakland-ca';
UPDATE schools SET old_page_name = 'st-pauls-evangelical-lutheran-school' WHERE page_name = 'st-pauls-evangelical-lutheran-school-wonewoc-wi';
UPDATE schools SET old_page_name = 'st-pauls-lutheran-school' WHERE page_name = 'st-pauls-lutheran-school-muskego-wi';
UPDATE schools SET old_page_name = 'st-pauls-lutheran-school' WHERE page_name = 'st-pauls-lutheran-school-howards-grove-wi';
UPDATE schools SET old_page_name = 'st-pauls-lutheran-school' WHERE page_name = 'st-pauls-lutheran-school-janesville-wi';
UPDATE schools SET old_page_name = 'st-pauls-lutheran-school' WHERE page_name = 'st-pauls-lutheran-school-onalaska-wi';
UPDATE schools SET old_page_name = 'st-pauls-lutheran-school' WHERE page_name = 'st-pauls-lutheran-school-menomonie-wi';
UPDATE schools SET old_page_name = 'st-pauls-lutheran-school' WHERE page_name = 'st-pauls-lutheran-school-east-troy-wi';
UPDATE schools SET old_page_name = 'st-pauls-lutheran-school' WHERE page_name = 'st-pauls-lutheran-school-mount-calvary-wi';
UPDATE schools SET old_page_name = 'st-pauls-lutheran-school' WHERE page_name = 'st-pauls-lutheran-school-cudahy-wi';
UPDATE schools SET old_page_name = 'st-pauls-lutheran-school' WHERE page_name = 'st-pauls-lutheran-school-ixonia-wi';
UPDATE schools SET old_page_name = 'st-pauls-lutheran-school' WHERE page_name = 'st-pauls-lutheran-school-saint-james-mn';
UPDATE schools SET old_page_name = 'st-pauls-lutheran-school' WHERE page_name = 'st-pauls-lutheran-school-sioux-city-ia';
UPDATE schools SET old_page_name = 'st-pauls-lutheran-school' WHERE page_name = 'st-pauls-lutheran-school-moline-il';
UPDATE schools SET old_page_name = 'st-pauls-lutheran-school' WHERE page_name = 'st-pauls-lutheran-school-cheney-ks';
UPDATE schools SET old_page_name = 'st-pauls-lutheran-school' WHERE page_name = 'st-pauls-lutheran-school-cullman-al';
UPDATE schools SET old_page_name = 'st-pauls-lutheran-school' WHERE page_name = 'st-pauls-lutheran-school-stevensville-mi';
UPDATE schools SET old_page_name = 'st-pauls-lutheran-school' WHERE page_name = 'st-pauls-lutheran-school-glen-burnie-md';
UPDATE schools SET old_page_name = 'st-pauls-lutheran-school' WHERE page_name = 'st-pauls-lutheran-school-rapid-city-sd';
UPDATE schools SET old_page_name = 'st-pauls-lutheran-school' WHERE page_name = 'st-pauls-lutheran-school-beatrice-ne';
UPDATE schools SET old_page_name = 'st-pauls-lutheran-school' WHERE page_name = 'st-pauls-lutheran-school-norfolk-ne';
UPDATE schools SET old_page_name = 'st-pauls-lutheran-school' WHERE page_name = 'st-pauls-lutheran-school-plymouth-ne';
UPDATE schools SET old_page_name = 'st-pauls-lutheran-school' WHERE page_name = 'st-pauls-lutheran-school-sedalia-mo';
UPDATE schools SET old_page_name = 'st-pauls-lutheran-school' WHERE page_name = 'st-pauls-lutheran-school-arlington-mn';
UPDATE schools SET old_page_name = 'st-pauls-lutheran-school' WHERE page_name = 'st-pauls-lutheran-school-kingsville-md';
UPDATE schools SET old_page_name = 'st-pauls-school' WHERE page_name = 'st-pauls-school-barton-vt';
UPDATE schools SET old_page_name = 'st-pauls-school' WHERE page_name = 'st-pauls-school-clearwater-fl';
UPDATE schools SET old_page_name = 'st-perpetua-school' WHERE page_name = 'st-perpetua-school-lafayette-ca';
UPDATE schools SET old_page_name = 'st-peter-academy' WHERE page_name = 'st-peter-academy-south-boston-ma';
UPDATE schools SET old_page_name = 'st-peter-academy' WHERE page_name = 'st-peter-academy-river-edge-nj';
UPDATE schools SET old_page_name = 'st-peter-cathedral-school' WHERE page_name = 'st-peter-cathedral-school-wilmington-de';
UPDATE schools SET old_page_name = 'st-peter-catholic' WHERE page_name = 'st-peter-catholic-north-saint-paul-mn';
UPDATE schools SET old_page_name = 'st-peter-catholic-school' WHERE page_name = 'st-peter-catholic-school-wichita-ks';
UPDATE schools SET old_page_name = 'st-peter-catholic-school' WHERE page_name = 'st-peter-catholic-school-deland-fl';
UPDATE schools SET old_page_name = 'st-peter-catholic-school' WHERE page_name = 'st-peter-catholic-school-new-castle-de';
UPDATE schools SET old_page_name = 'st-peter-catholic-school' WHERE page_name = 'st-peter-catholic-school-jefferson-city-mo';
UPDATE schools SET old_page_name = 'st-peter-catholic-school' WHERE page_name = 'st-peter-catholic-school-middleton-wi';
UPDATE schools SET old_page_name = 'st-peter-catholic-school' WHERE page_name = 'st-peter-catholic-school-ontario-or';
UPDATE schools SET old_page_name = 'st-peter-catholic-school' WHERE page_name = 'st-peter-catholic-school-marshall-mo';
UPDATE schools SET old_page_name = 'st-peter-catholic-school' WHERE page_name = 'st-peter-catholic-school-monument-co';
UPDATE schools SET old_page_name = 'st-peter-chanel-interparochial-school' WHERE page_name = 'st-peter-chanel-interparochial-school-paulina-la';
UPDATE schools SET old_page_name = 'st-peter-claver' WHERE page_name = 'st-peter-claver-macon-ga';
UPDATE schools SET old_page_name = 'st-peter-claver-catholic-school' WHERE page_name = 'st-peter-claver-catholic-school-tampa-fl';
UPDATE schools SET old_page_name = 'st-peter-claver-school' WHERE page_name = 'st-peter-claver-school-saint-paul-mn';
UPDATE schools SET old_page_name = 'st-peter-elementary-school' WHERE page_name = 'st-peter-elementary-school-huber-heights-oh';
UPDATE schools SET old_page_name = 'st-peter-elementary-school' WHERE page_name = 'st-peter-elementary-school-merchantville-nj';
UPDATE schools SET old_page_name = 'st-peter-elementary-school' WHERE page_name = 'st-peter-elementary-school-forest-lake-mn';
UPDATE schools SET old_page_name = 'st-peter-elementary-school' WHERE page_name = 'st-peter-elementary-school-chippewa-falls-wi';
UPDATE schools SET old_page_name = 'st-peter-elementary-school' WHERE page_name = 'st-peter-elementary-school-east-troy-wi';
UPDATE schools SET old_page_name = 'st-peter-elementary-school' WHERE page_name = 'st-peter-elementary-school-upper-sandusky-oh';
UPDATE schools SET old_page_name = 'st-peter-elementary-school' WHERE page_name = 'st-peter-elementary-school-canton-oh';
UPDATE schools SET old_page_name = 'st-peter-elementary-school' WHERE page_name = 'st-peter-elementary-school-huron-oh';
UPDATE schools SET old_page_name = 'st-peter-lutheran-school' WHERE page_name = 'st-peter-lutheran-school-lodi-ca';
UPDATE schools SET old_page_name = 'st-peter-lutheran-school' WHERE page_name = 'st-peter-lutheran-school-schaumburg-il';
UPDATE schools SET old_page_name = 'st-peter-lutheran-school' WHERE page_name = 'st-peter-lutheran-school-arlington-heights-il';