/free-classes /classes 301
/free-classes/* /classes/:splat 301

# Redirect /public-schools/ to /schools/
/public-schools /schools 301
/public-schools/ /schools 301
/public-schools/:state /schools/:state 301
/public-schools/:state/ /schools/:state 301
/public-schools/:state/:city /schools/:state/:city 301
/public-schools/:state/:city/ /schools/:state/:city 301
/public-schools/:state/:city/:school /schools/:state/:city/:school 301
/public-schools/:state/:city/:school/ /schools/:state/:city/:school 301

# Redirect category-specific school URLs to unified /schools/ path
/elementary-schools/:state/:city/:school /schools/:state/:city/:school 301
/elementary-schools/:state/:city/:school/ /schools/:state/:city/:school 301
/middle-schools/:state/:city/:school /schools/:state/:city/:school 301
/middle-schools/:state/:city/:school/ /schools/:state/:city/:school 301
/high-schools/:state/:city/:school /schools/:state/:city/:school 301
/high-schools/:state/:city/:school/ /schools/:state/:city/:school 301
/preschools/:state/:city/:school /schools/:state/:city/:school 301
/preschools/:state/:city/:school/ /schools/:state/:city/:school 301
/kindergartens/:state/:city/:school /schools/:state/:city/:school 301
/kindergartens/:state/:city/:school/ /schools/:state/:city/:school 301

# Old site school sub-pages redirect to main school page
/schools/:state/:city/:school/map /schools/:state/:city/:school 301
/schools/:state/:city/:school/map/ /schools/:state/:city/:school 301
/schools/:state/:city/:school/ratings /schools/:state/:city/:school 301
/schools/:state/:city/:school/ratings/ /schools/:state/:city/:school 301
/schools/:state/:city/:school/stats /schools/:state/:city/:school 301
/schools/:state/:city/:school/stats/ /schools/:state/:city/:school 301

# College sub-pages redirect to main college page
/colleges-universities/:state/:college/programs /colleges-universities/:state/:college 301
/colleges-universities/:state/:college/programs/ /colleges-universities/:state/:college 301
/colleges-universities/:state/:college/admissions /colleges-universities/:state/:college 301
/colleges-universities/:state/:college/admissions/ /colleges-universities/:state/:college 301
/colleges-universities/:state/:college/financial-aid /colleges-universities/:state/:college 301
/colleges-universities/:state/:college/financial-aid/ /colleges-universities/:state/:college 301
/colleges-universities/:state/:college/faculty /colleges-universities/:state/:college 301
/colleges-universities/:state/:college/faculty/ /colleges-universities/:state/:college 301

# Redirect old /colleges path to new /colleges-universities path
/colleges /colleges-universities 301
/colleges/ /colleges-universities 301
/colleges/:state /colleges-universities/:state 301
/colleges/:state/ /colleges-universities/:state 301
/colleges/:state/:college /colleges-universities/:state/:college 301
/colleges/:state/:college/ /colleges-universities/:state/:college 301

# Old SAT Prep Math course redirects (videos replaced with new Khan Academy content)
/classes/sat-prep/math /classes/sat-prep 301
/classes/sat-prep/math/ /classes/sat-prep 301
/classes/sat-prep/math/* /classes/sat-prep 301

# Old FAFSA school code pages redirect to consolidated page with state anchor
/financial-aid/fafsa/federal-school-codes/:state/schools/* /financial-aid/fafsa/fafsa-school-codes#state-:state 301
/financial-aid/fafsa/federal-school-codes/:state/schools /financial-aid/fafsa/fafsa-school-codes#state-:state 301
/financial-aid/fafsa/federal-school-codes/:state /financial-aid/fafsa/fafsa-school-codes#state-:state 301
/financial-aid/fafsa/federal-school-codes /financial-aid/fafsa/fafsa-school-codes 301
